year,ac_no,constituency,constituency_kn,clean_constituency,slug,category,category_kn,winner,winner_kn,winner_party,winner_party_kn,winner_votes,vote_share,runner_up,runner_up_kn,runner_up_party,runner_up_party_kn,runner_up_votes,margin,color
2023,1,Nippani,ನಿಪ್ಪಾಣಿ,nippani,nippani_assembly_constituency,nan,ಸಾಮಾನ್ಯ,Jolle Shashikala Annasaheb,ಜೋಲ್ಲೆ ಶಶಿಕಲಾ ಅಣ್ಣಾಸಾಹೇಬ್,BJP,ಬಿಜೆಪಿ (BJP),73348,39.3,Uttam Raosaheb Patil,ಉತ್ತಮ್ ರಾವ್ಸಾಹೇಬ್ ಪಾಟೀಲ್,NCP,ಎನ್‌ಸಿಪಿ (NCP),66056,7292,#ff7f0e
2023,2,Chikkodi-Sadalga,ಚಿಕ್ಕೋಡಿ - ಸಡಲಗಾ,chikkodisadalga,chikkodisadalga_assembly_constituency,nan,ಸಾಮಾನ್ಯ,Ganesh Prakash Hukkeri,ಗಣೇಶ್ ಪ್ರಕಾಶ್ ಹುಕ್ಕೇರಿ,INC,ಕಾಂಗ್ರೆಸ್ (INC),128349,70.2,Katti Ramesh Vishwanath,ಕತ್ತಿ ರಮೇಶ್ Vishwanath,BJP,ಬಿಜೆಪಿ (BJP),49840,78509,#1f77b4
2023,3,Athani,ಅಥಣಿ,athani,athani_assembly_constituency,nan,ಸಾಮಾನ್ಯ,Laxman. Sangappa. Savadi,ಲಕ್ಷ್ಮಣ್ ಸಂಗ್ಲಪ್ಪ ಸವದಿ,INC,ಕಾಂಗ್ರೆಸ್ (INC),131404,68.7,Mahesh. Irangouda. Kumathalli.,Mahesh Irangouda ಕುಮಟಳ್ಳಿ,BJP,ಬಿಜೆಪಿ (BJP),55282,76122,#1f77b4
2023,4,Kagwad,ಕಾಗವಾಡ,kagwad,kagwad_assembly_constituency,nan,ಸಾಮಾನ್ಯ,Bharamgouda Alagouda Kage,ಭರಮಗೌಡ ಆಲಗೌಡ ಕಾගේ,INC,ಕಾಂಗ್ರೆಸ್ (INC),83387,51.8,Shrimant Balasaheb Patil,Shrimant Balasaheb ಪಾಟೀಲ್,BJP,ಬಿಜೆಪಿ (BJP),74560,8827,#1f77b4
2023,5,Kudachi,ಕುಡಚಿ,kudachi,kudachi_assembly_constituency,SC,ಪರಿಶಿಷ್ಟ ಜಾತಿ (SC),Mahendra. Kallappa. Tammannavar,ಮಹೇಂದ್ರ ಕಲ್ಲಪ್ಪ ತಮ್ಮಣ್ಣವರ್,INC,ಕಾಂಗ್ರೆಸ್ (INC),85321,57.1,P. Rajeev,ಪಿ. Rajeev,BJP,ಬಿಜೆಪಿ (BJP),60078,25243,#1f77b4
2023,6,Raybag,ರಾಯಬಾಗ,raybag,raybag_assembly_constituency,SC,ಪರಿಶಿಷ್ಟ ಜಾತಿ (SC),Aihole Duryodhan Mahalingappa,ಐಹೊಳೆ ದುರ್ಯೋಧನ ಮಹಾಲಿಂಗಪ್ಪ,BJP,ಬಿಜೆಪಿ (BJP),57500,35.2,Shambhu Kallolikar,Shambhu Kallolikar,IND,ಪಕ್ಷೇತರ (IND),54930,2570,#ff7f0e
2023,7,Hukkeri,ಹುಕ್ಕೇರಿ,hukkeri,hukkeri_assembly_constituency,nan,ಸಾಮಾನ್ಯ,Katti Nikhil Umesh,ಕತ್ತಿ ನಿಖಿಲ್ ಉಮೇಶ್,BJP,ಬಿಜೆಪಿ (BJP),103574,62.1,A.B.Patil,ಎ. ಬಿ. ಪಾಟೀಲ್,INC,ಕಾಂಗ್ರೆಸ್ (INC),61023,42551,#ff7f0e
2023,8,Arabhavi,ಅರಭಾವಿ,arabhavi,arabhavi_assembly_constituency,nan,ಸಾಮಾನ್ಯ,Balachandra Laxmanrao Jarkiholi,ಬಾಲಚಂದ್ರ ಲಕ್ಷ್ಮಣರಾವ್ ಜಾರಕಿಹೊಳಿ,BJP,ಬಿಜೆಪಿ (BJP),115402,61.0,Bhimappa Gundappa Gadad,Bhimappa Gundappa Gadad,IND,ಪಕ್ಷೇತರ (IND),43862,71540,#ff7f0e
2023,9,Gokak,ಗೋಕಾಕ್,gokak,gokak_assembly_constituency,nan,ಸಾಮಾನ್ಯ,Jarkiholi Ramesh Laxmanrao,ಜಾರಕಿಹೊಳಿ ರಮೇಶ್ ಲಕ್ಷ್ಮಣರಾವ್,BJP,ಬಿಜೆಪಿ (BJP),105313,55.6,Kadadi Mahantesh Kallappa,Kadadi Mahantesh ಕಲ್ಲಪ್ಪ,INC,ಕಾಂಗ್ರೆಸ್ (INC),79901,25412,#ff7f0e
2023,10,Yemkanmardi,ಯಮಕನಮರಡಿ,yemkanmardi,yemkanmardi_assembly_constituency,ST,ಪರಿಶಿಷ್ಟ ಪಂಗಡ (ST),Satish Laxmanarao Jarkiholi,ಸತೀಶ್ Laxmanarao ಜಾರಕಿಹೊಳಿ,INC,ಕಾಂಗ್ರೆಸ್ (INC),100290,60.6,Basavaraj Hundri,ಬಸವರಾಜ್ Hundri,BJP,ಬಿಜೆಪಿ (BJP),43079,57211,#1f77b4
2023,11,Belgaum Uttar,ಬೆಳಗಾವಿ ಉತ್ತರ,belgaumuttar,belgaum_uttar_assembly_constituency,nan,ಸಾಮಾನ್ಯ,Asif (Raju) Sait,ಆಸಿಫ್ ( ರಾಜು ) ಸೇಟ್,INC,ಕಾಂಗ್ರೆಸ್ (INC),69184,46.6,Dr. Ravi B. Patil,ಡಾ. Ravi ಬಿ. ಪಾಟೀಲ್,BJP,ಬಿಜೆಪಿ (BJP),64953,4231,#1f77b4
2023,12,Belgaum Dakshin,ಬೆಳಗಾವಿ ದಕ್ಷಿಣ,belgaumdakshin,belgaum_dakshin_assembly_constituency,nan,ಸಾಮಾನ್ಯ,Abhay Patil,ಅಭಯ್ ಪಾಟೀಲ್,BJP,ಬಿಜೆಪಿ (BJP),77094,48.9,Ramakant Konduskar,Ramakant Konduskar,IND,ಪಕ್ಷೇತರ (IND),64786,12308,#ff7f0e
2023,13,Belgaum Rural,ಬೆಳಗಾವಿ ಗ್ರಾಮಾಂತರ,belgaumrural,belgaum_rural_assembly_constituency,nan,ಸಾಮಾನ್ಯ,Laxmi R. Hebbalkar,Laxmi ಆರ್. ಹೆಬ್ಬಾಳಕರ್,INC,ಕಾಂಗ್ರೆಸ್ (INC),107619,52.9,Nagesh Annappa Manolkar,Nagesh Annappa Manolkar,BJP,ಬಿಜೆಪಿ (BJP),51603,56016,#1f77b4
2023,14,Khanapur,ಖಾನಾಪುರ,khanapur,khanapur_assembly_constituency,nan,ಸಾಮಾನ್ಯ,Vithal Somanna Halagekar,Vithal Somanna Halagekar,BJP,ಬಿಜೆಪಿ (BJP),91834,57.5,Dr. Anjali Hemant Nimbalkar,ಡಾ. Anjali Hemant Nimbalkar,INC,ಕಾಂಗ್ರೆಸ್ (INC),37205,54629,#ff7f0e
2023,15,Kittur,ಕಿತ್ತೂರು,kittur,kittur_assembly_constituency,nan,ಸಾಮಾನ್ಯ,Babasaheb Patil,Babasaheb ಪಾಟೀಲ್,INC,ಕಾಂಗ್ರೆಸ್ (INC),77536,49.7,Doddagoudar Mahantesh Basavantaray,Doddagoudar Mahantesh Basavantaray,BJP,ಬಿಜೆಪಿ (BJP),74543,2993,#1f77b4
2023,16,Bailhongal,ಬೈಲಹೊಂಗಲ,bailhongal,bailhongal_assembly_constituency,nan,ಸಾಮಾನ್ಯ,Koujalagi. Mahantesh. Shivanand.,Koujalagi Mahantesh Shivanand,INC,ಕಾಂಗ್ರೆಸ್ (INC),58408,38.6,Jagdish Channappa Metgud,Jagdish Channappa Metgud,BJP,ಬಿಜೆಪಿ (BJP),55630,2778,#1f77b4
2023,17,Saundatti Yellamma,Saundatti Yellamma,saundattiyellamma,saundatti_yellamma_assembly_constituency,nan,ಸಾಮಾನ್ಯ,Vishwas Vasant Vaidya,Vishwas Vasant Vaidya,INC,ಕಾಂಗ್ರೆಸ್ (INC),71224,43.8,Mamani Ratna Anand @ Vishwanath,ಮಾಮನಿ Ratna ಆನಂದ್ Vishwanath,BJP,ಬಿಜೆಪಿ (BJP),56529,14695,#1f77b4
2023,18,Ramdurg,ರಾಮದುರ್ಗ,ramdurg,ramdurg_assembly_constituency,nan,ಸಾಮಾನ್ಯ,Ashok Mahadevappa Pattan,Ashok ಮಹಾದೇವಪ್ಪ Pattan,INC,ಕಾಂಗ್ರೆಸ್ (INC),80294,52.7,Chikkarevanna,Chikkarevanna,BJP,ಬಿಜೆಪಿ (BJP),68564,11730,#1f77b4
2023,19,Mudhol,ಮುಧೋಳ,mudhol,mudhol_assembly_constituency,SC,ಪರಿಶಿಷ್ಟ ಜಾತಿ (SC),Timmapur. Ramappa. Balappa.,Timmapur Ramappa ಬಾಳಪ್ಪ,INC,ಕಾಂಗ್ರೆಸ್ (INC),77298,49.0,Govind Makthappa Karjol,Govind Makthappa Karjol,BJP,ಬಿಜೆಪಿ (BJP),59963,17335,#1f77b4
2023,20,Terdal,ತೇರದಾಳ,terdal,terdal_assembly_constituency,nan,ಸಾಮಾನ್ಯ,Siddu Savadi,ಸಿದ್ದು ಸವದಿ,BJP,ಬಿಜೆಪಿ (BJP),77265,43.2,Siddu.Ramappa.Konnur.,ಸಿದ್ದು Ramappa Konnur,INC,ಕಾಂಗ್ರೆಸ್ (INC),66520,10745,#ff7f0e
2023,21,Jamkhandi,ಜಮಖಂಡಿ,jamkhandi,jamkhandi_assembly_constituency,nan,ಸಾಮಾನ್ಯ,Jagadeesh Shivayya Gudagunti,Jagadeesh Shivayya Gudagunti,BJP,ಬಿಜೆಪಿ (BJP),81937,49.2,Anand Siddu Nyamagouda,ಆನಂದ್ ಸಿದ್ದು Nyamagouda,INC,ಕಾಂಗ್ರೆಸ್ (INC),77221,4716,#ff7f0e
2023,22,Bilgi,Bilgi,bilgi,bilgi_assembly_constituency,nan,ಸಾಮಾನ್ಯ,J. T. Patil.,ಜೆ. ಟಿ. ಪಾಟೀಲ್,INC,ಕಾಂಗ್ರೆಸ್ (INC),95652,52.1,Nirani Muragesh Rudrappa,Nirani Muragesh Rudrappa,BJP,ಬಿಜೆಪಿ (BJP),84523,11129,#1f77b4
2023,23,Badami,ಬಾದಾಮಿ,badami,badami_assembly_constituency,nan,ಸಾಮಾನ್ಯ,B.B.Chimmanakatti,ಬಿ. ಬಿ. Chimmanakatti,INC,ಕಾಂಗ್ರೆಸ್ (INC),65845,39.3,Shanthagouda Thirthgouda Patil.,Shanthagouda Thirthgouda ಪಾಟೀಲ್,BJP,ಬಿಜೆಪಿ (BJP),56120,9725,#1f77b4
2023,24,Bagalkot,ಬಾಗಲಕೋಟೆ,bagalkot,bagalkot_assembly_constituency,nan,ಸಾಮಾನ್ಯ,Meti. Hullappa. Yamanappa,Meti Hullappa Yamanappa,INC,ಕಾಂಗ್ರೆಸ್ (INC),79336,46.9,Veerabhadrayya (Veeranna) Charantimath,Veerabhadrayya ( Veeranna ) Charantimath,BJP,ಬಿಜೆಪಿ (BJP),73458,5878,#1f77b4
2023,25,Hungund,ಹುನಗುಂದ,hungund,hungund_assembly_constituency,nan,ಸಾಮಾನ್ಯ,Kashappanavara Vijayanand Shivashankrappa,Kashappanavara Vijayanand Shivashankrappa,INC,ಕಾಂಗ್ರೆಸ್ (INC),78434,47.7,Doddanagouda G Patil,Doddanagouda ಜಿ. ಪಾಟೀಲ್,BJP,ಬಿಜೆಪಿ (BJP),48427,30007,#1f77b4
2023,26,Muddebihal,Muddebihal,muddebihal,muddebihal_assembly_constituency,nan,ಸಾಮಾನ್ಯ,Appaji. Aliyas. Channabasavaraj. S/O Shankarao. Nadagouda.,Appaji Aliyas Channabasavaraj ಎಸ್. ಓ. Shankarao Nadagouda,INC,ಕಾಂಗ್ರೆಸ್ (INC),79483,51.7,A. S. Patil (Nadahalli),ಎ. ಎಸ್. ಪಾಟೀಲ್ ( Nadahalli ),BJP,ಬಿಜೆಪಿ (BJP),71846,7637,#1f77b4
2023,27,Devara Hippargi,Devara Hippargi,devarahippargi,devara_hippargi_assembly_constituency,nan,ಸಾಮಾನ್ಯ,Bhimanagouda (Rajugouda) Basanagouda Patil,Bhimanagouda ( Rajugouda ) Basanagouda ಪಾಟೀಲ್,JD(S),ಜೆಡಿಎಸ್ (JD-S),65952,43.6,Somanagouda B. Patil (Sasanur),Somanagouda ಬಿ. ಪಾಟೀಲ್ ( Sasanur ),BJP,ಬಿಜೆಪಿ (BJP),45777,20175,#31a354
2023,28,Basavana Bagevadi,Basavana Bagevadi,basavanabagevadi,basavana_bagevadi_assembly_constituency,nan,ಸಾಮಾನ್ಯ,Shivanand Patil,Shivanand ಪಾಟೀಲ್,INC,ಕಾಂಗ್ರೆಸ್ (INC),68126,43.2,Bellubbi Sangappa Kallappa,Bellubbi ಸಂಗ್ಲಪ್ಪ ಕಲ್ಲಪ್ಪ,BJP,ಬಿಜೆಪಿ (BJP),43263,24863,#1f77b4
2023,29,Babaleshwar,Babaleshwar,babaleshwar,babaleshwar_assembly_constituency,nan,ಸಾಮಾನ್ಯ,M B Patil.,ಎಂ. ಬಿ. ಪಾಟೀಲ್,INC,ಕಾಂಗ್ರೆಸ್ (INC),93923,52.6,Vijayakumar (Vijayagouda) Patil,Vijayakumar ( Vijayagouda ) ಪಾಟೀಲ್,BJP,ಬಿಜೆಪಿ (BJP),78707,15216,#1f77b4
2023,30,Bijapur City,Bijapur City,bijapurcity,bijapur_city_assembly_constituency,nan,ಸಾಮಾನ್ಯ,Basanagouda R Patil (Yatnal),Basanagouda ಆರ್. ಪಾಟೀಲ್ ( Yatnal ),BJP,ಬಿಜೆಪಿ (BJP),94211,51.7,Abdul Hameed Khajasab Musharif,Abdul Hameed Khajasab Musharif,INC,ಕಾಂಗ್ರೆಸ್ (INC),85978,8233,#ff7f0e
2023,31,Nagthan,Nagthan,nagthan,nagthan_assembly_constituency,SC,ಪರಿಶಿಷ್ಟ ಜಾತಿ (SC),Katakadhond Vitthal Dondiba,Katakadhond Vitthal Dondiba,INC,ಕಾಂಗ್ರೆಸ್ (INC),78990,44.0,Sanjeev Malasiddappa Aihole,Sanjeev Malasiddappa ಐಹೊಳೆ,BJP,ಬಿಜೆಪಿ (BJP),48175,30815,#1f77b4
2023,32,Indi,Indi,indi,indi_assembly_constituency,nan,ಸಾಮಾನ್ಯ,Yashavantaraygoud. Vittalagoud. Patil,Yashavantaraygoud Vittalagoud ಪಾಟೀಲ್,INC,ಕಾಂಗ್ರೆಸ್ (INC),71785,39.9,B. D. Patil (Hanjagi),ಬಿ. ಡಿ. ಪಾಟೀಲ್ ( Hanjagi ),JD(S),ಜೆಡಿಎಸ್ (JD-S),61456,10329,#1f77b4
2023,33,Sindgi,Sindgi,sindgi,sindgi_assembly_constituency,nan,ಸಾಮಾನ್ಯ,Ashok Mallappa Managuli,Ashok Mallappa Managuli,INC,ಕಾಂಗ್ರೆಸ್ (INC),87621,50.8,Bhusanur Ramesh Balappa,Bhusanur ರಮೇಶ್ ಬಾಳಪ್ಪ,BJP,ಬಿಜೆಪಿ (BJP),79813,7808,#1f77b4
2023,34,Afzalpur,ಅಫ್ಜಲ್ ಪುರ,afzalpur,afzalpur_assembly_constituency,nan,ಸಾಮಾನ್ಯ,M.Y.Patil,ಎಂ. ವೈ. ಪಾಟೀಲ್,INC,ಕಾಂಗ್ರೆಸ್ (INC),56313,35.5,Nitin Venkayya Guttedar,Nitin Venkayya ಗುತ್ತೇದಾರ್,IND,ಪಕ್ಷೇತರ (IND),51719,4594,#1f77b4
2023,35,Jevargi,Jevargi,jevargi,jevargi_assembly_constituency,nan,ಸಾಮಾನ್ಯ,Ajay Singh,Ajay Singh,INC,ಕಾಂಗ್ರೆಸ್ (INC),70810,42.6,Doddappagouda,Doddappagouda,JD(S),ಜೆಡಿಎಸ್ (JD-S),60532,10278,#1f77b4
2023,36,Shorapur,ಶೋರಾಪುರ,shorapur,shorapur_assembly_constituency,ST,ಪರಿಶಿಷ್ಟ ಪಂಗಡ (ST),Raja Venkatappa Naik,Raja Venkatappa ನಾಯಕ್,INC,ಕಾಂಗ್ರೆಸ್ (INC),113559,55.1,Narasimhanayak (Rajugouda),Narasimhanayak ( Rajugouda ),BJP,ಬಿಜೆಪಿ (BJP),88336,25223,#1f77b4
2023,37,Shahapur,ಶಹಾಪುರ,shahapur,shahapur_assembly_constituency,nan,ಸಾಮಾನ್ಯ,Sharanabasappa Darshanapur,Sharanabasappa Darshanapur,INC,ಕಾಂಗ್ರೆಸ್ (INC),78353,47.4,Ameenraddi Yalagi,Ameenraddi Yalagi,BJP,ಬಿಜೆಪಿ (BJP),52326,26027,#1f77b4
2023,38,Yadgir,ಯಾದಗಿರಿ,yadgir,yadgir_assembly_constituency,nan,ಸಾಮಾನ್ಯ,Channareddy Patil Tunnur,Channareddy ಪಾಟೀಲ್ Tunnur,INC,ಕಾಂಗ್ರೆಸ್ (INC),53802,35.1,Venkatreddy Mudnal,Venkatreddy Mudnal,BJP,ಬಿಜೆಪಿ (BJP),50129,3673,#1f77b4
2023,39,Gurmitkal,ಗುರಮಿಟ್ಕಲ್,gurmitkal,gurmitkal_assembly_constituency,nan,ಸಾಮಾನ್ಯ,Sharana Gowda Kandakur,Sharana ಗೌಡ Kandakur,JD(S),ಜೆಡಿಎಸ್ (JD-S),72297,44.9,Baburao Chinchansoor,Baburao Chinchansoor,INC,ಕಾಂಗ್ರೆಸ್ (INC),69718,2579,#31a354
2023,40,Chittapur,Chittapur,chittapur,chittapur_assembly_constituency,SC,ಪರಿಶಿಷ್ಟ ಜಾತಿ (SC),Priyank Kharge,ಪ್ರಿಯಾಂಕ್ ಖರ್ಗೆ,INC,ಕಾಂಗ್ರೆಸ್ (INC),81323,53.4,Manikanta Rathod,Manikanta Rathod,BJP,ಬಿಜೆಪಿ (BJP),67683,13640,#1f77b4
2023,41,Sedam,ಸೇಡಂ,sedam,sedam_assembly_constituency,nan,ಸಾಮಾನ್ಯ,Dr. Sharanprakash Rudrappa Patil,ಡಾ. Sharanprakash Rudrappa ಪಾಟೀಲ್,INC,ಕಾಂಗ್ರೆಸ್ (INC),93377,53.3,Rajkumar Patil Telkur,Rajkumar ಪಾಟೀಲ್ Telkur,BJP,ಬಿಜೆಪಿ (BJP),49816,43561,#1f77b4
2023,42,Chincholi,ಚಿಂಚೋಳಿ,chincholi,chincholi_assembly_constituency,SC,ಪರಿಶಿಷ್ಟ ಜಾತಿ (SC),Avinash Umesh Jadhav,Avinash ಉಮೇಶ್ Jadhav,BJP,ಬಿಜೆಪಿ (BJP),69963,47.0,Subhash V Rathod,Subhash ವಿ. Rathod,INC,ಕಾಂಗ್ರೆಸ್ (INC),69105,858,#ff7f0e
2023,43,Gulbarga Rural,ಕಲಬುರಗಿ ಗ್ರಾಮಾಂತರ,gulbargarural,gulbarga_rural_assembly_constituency,SC,ಪರಿಶಿಷ್ಟ ಜಾತಿ (SC),Basawaraj Mattimudu,Basawaraj Mattimudu,BJP,ಬಿಜೆಪಿ (BJP),84466,52.4,Revu Naik Belamagi,Revu ನಾಯಕ್ Belamagi,INC,ಕಾಂಗ್ರೆಸ್ (INC),71839,12627,#ff7f0e
2023,44,Gulbarga Dakshin,ಕಲಬುರಗಿ ದಕ್ಷಿಣ,gulbargadakshin,gulbarga_dakshin_assembly_constituency,nan,ಸಾಮಾನ್ಯ,Allamprabhu Patil,Allamprabhu ಪಾಟೀಲ್,INC,ಕಾಂಗ್ರೆಸ್ (INC),87345,55.2,Dattatreya.C. Patil Revoor Appugouda,Dattatreya ಸಿ. ಪಾಟೀಲ್ Revoor Appugouda,BJP,ಬಿಜೆಪಿ (BJP),66297,21048,#1f77b4
2023,45,Gulbarga Uttar,ಕಲಬುರಗಿ ಉತ್ತರ,gulbargauttar,gulbarga_uttar_assembly_constituency,nan,ಸಾಮಾನ್ಯ,Kaneez Fatima,Kaneez Fatima,INC,ಕಾಂಗ್ರೆಸ್ (INC),80973,45.5,Chandrakant B. Patil (Chandu Patil),Chandrakant ಬಿ. ಪಾಟೀಲ್ ( Chandu ಪಾಟೀಲ್ ),BJP,ಬಿಜೆಪಿ (BJP),78261,2712,#1f77b4
2023,46,Alland,ಆಳಂದ,alland,alland_assembly_constituency,nan,ಸಾಮಾನ್ಯ,Bhojaraj,ಭೋಜರಾಜ್,INC,ಕಾಂಗ್ರೆಸ್ (INC),89508,51.7,Subhash Guttedar,Subhash ಗುತ್ತೇದಾರ್,BJP,ಬಿಜೆಪಿ (BJP),79160,10348,#1f77b4
2023,47,Basavakalyan,ಬಸವಕಲ್ಯಾಣ,basavakalyan,basavakalyan_assembly_constituency,nan,ಸಾಮಾನ್ಯ,Sharanu Salagar,Sharanu Salagar,BJP,ಬಿಜೆಪಿ (BJP),92920,52.9,Vijay Singh,Vijay Singh,INC,ಕಾಂಗ್ರೆಸ್ (INC),78505,14415,#ff7f0e
2023,48,Humnabad,ಹುಮ್ನಾಬಾದ್,humnabad,humnabad_assembly_constituency,nan,ಸಾಮಾನ್ಯ,Siddu Patil,ಸಿದ್ದು ಪಾಟೀಲ್,BJP,ಬಿಜೆಪಿ (BJP),75515,42.4,Rajashekhar Basavaraj Patil,Rajashekhar ಬಸವರಾಜ್ ಪಾಟೀಲ್,INC,ಕಾಂಗ್ರೆಸ್ (INC),73921,1594,#ff7f0e
2023,49,Bidar South,ಬೀದರ್ ದಕ್ಷಿಣ,bidarsouth,bidar_south_assembly_constituency,nan,ಸಾಮಾನ್ಯ,Dr. Shailendra Beldale,ಡಾ. Shailendra Beldale,BJP,ಬಿಜೆಪಿ (BJP),49872,32.7,Ashok Kheny,Ashok Kheny,INC,ಕಾಂಗ್ರೆಸ್ (INC),48609,1263,#ff7f0e
2023,50,Bidar,ಬೀದರ್,bidar,bidar_assembly_constituency,nan,ಸಾಮಾನ್ಯ,Rahim Khan,Rahim Khan,INC,ಕಾಂಗ್ರೆಸ್ (INC),69165,46.2,Suryakanth Nagamarpalli,Suryakanth Nagamarpalli,JD(S),ಜೆಡಿಎಸ್ (JD-S),58385,10780,#1f77b4
2023,51,Bhalki,ಭಾಲ್ಕಿ,bhalki,bhalki_assembly_constituency,nan,ಸಾಮಾನ್ಯ,Eshwar Khandre,Eshwar Khandre,INC,ಕಾಂಗ್ರೆಸ್ (INC),99451,57.2,Prakash Khandre,ಪ್ರಕಾಶ್ Khandre,BJP,ಬಿಜೆಪಿ (BJP),71745,27706,#1f77b4
2023,52,Aurad,ಔರಾದ್,aurad,aurad_assembly_constituency,SC,ಪರಿಶಿಷ್ಟ ಜಾತಿ (SC),Prabhu B Chavan,ಪ್ರಭು ಬಿ. ಚವಾಣ್,BJP,ಬಿಜೆಪಿ (BJP),81382,51.5,Bhimsain Rao Shinde,Bhimsain ರಾವ್ Shinde,INC,ಕಾಂಗ್ರೆಸ್ (INC),71813,9569,#ff7f0e
2023,53,Raichur Rural,ರಾಯಚೂರು ಗ್ರಾಮಾಂತರ,raichurrural,raichur_rural_assembly_constituency,ST,ಪರಿಶಿಷ್ಟ ಪಂಗಡ (ST),Basanagouda Daddal,Basanagouda Daddal,INC,ಕಾಂಗ್ರೆಸ್ (INC),89140,51.9,Tipparaju Hawaldar,Tipparaju Hawaldar,BJP,ಬಿಜೆಪಿ (BJP),75283,13857,#1f77b4
2023,54,Raichur,ರಾಯಚೂರು,raichur,raichur_assembly_constituency,nan,ಸಾಮಾನ್ಯ,Dr. Shivaraj Patil,ಡಾ. Shivaraj ಪಾಟೀಲ್,BJP,ಬಿಜೆಪಿ (BJP),69655,48.2,Mohammed Shalam,Mohammed Shalam,INC,ಕಾಂಗ್ರೆಸ್ (INC),65923,3732,#ff7f0e
2023,55,Manvi,ಮಾನ್ವಿ,manvi,manvi_assembly_constituency,ST,ಪರಿಶಿಷ್ಟ ಪಂಗಡ (ST),G Hampayya Nayak,ಜಿ. Hampayya Nayak,INC,ಕಾಂಗ್ರೆಸ್ (INC),66922,42.8,A Bhagavantaray,ಎ. Bhagavantaray,BJP,ಬಿಜೆಪಿ (BJP),59203,7719,#1f77b4
2023,56,Devadurga,ದೇವದುರ್ಗ,devadurga,devadurga_assembly_constituency,ST,ಪರಿಶಿಷ್ಟ ಪಂಗಡ (ST),Karemma,Karemma,JD(S),ಜೆಡಿಎಸ್ (JD-S),99544,57.7,Shivanagouda,Shivanagouda,BJP,ಬಿಜೆಪಿ (BJP),65288,34256,#31a354
2023,57,Lingsugur,Lingsugur,lingsugur,lingsugur_assembly_constituency,SC,ಪರಿಶಿಷ್ಟ ಜಾತಿ (SC),Manappa D Vajjal,Manappa ಡಿ. Vajjal,BJP,ಬಿಜೆಪಿ (BJP),58769,34.0,D.S.Hulageri,ಡಿ. ಎಸ್. Hulageri,INC,ಕಾಂಗ್ರೆಸ್ (INC),55960,2809,#ff7f0e
2023,58,Sindhanur,ಸಿಂಧನೂರು,sindhanur,sindhanur_assembly_constituency,nan,ಸಾಮಾನ್ಯ,Hampanagouda Badarli,Hampanagouda Badarli,INC,ಕಾಂಗ್ರೆಸ್ (INC),73645,42.2,K. Kariyappa,ಕೆ. Kariyappa,BJP,ಬಿಜೆಪಿ (BJP),51703,21942,#1f77b4
2023,59,Maski,ಮಾಸ್ಕಿ,maski,maski_assembly_constituency,ST,ಪರಿಶಿಷ್ಟ ಪಂಗಡ (ST),Basan Gouda Turvihal,Basan Gouda Turvihal,INC,ಕಾಂಗ್ರೆಸ್ (INC),79566,53.2,Pratapgouda Patil,Pratapgouda ಪಾಟೀಲ್,BJP,ಬಿಜೆಪಿ (BJP),66513,13053,#1f77b4
2023,60,Kushtagi,ಕುಷ್ಟಗಿ,kushtagi,kushtagi_assembly_constituency,nan,ಸಾಮಾನ್ಯ,Doddanagouda Hanamagouda Patil,Doddanagouda Hanamagouda ಪಾಟೀಲ್,BJP,ಬಿಜೆಪಿ (BJP),92915,51.2,Amaregouda Linganagouda Patil Bayyapur,Amaregouda Linganagouda ಪಾಟೀಲ್ Bayyapur,INC,ಕಾಂಗ್ರೆಸ್ (INC),83269,9646,#ff7f0e
2023,61,Kanakagiri,ಕನಕಗಿರಿ,kanakagiri,kanakagiri_assembly_constituency,SC,ಪರಿಶಿಷ್ಟ ಜಾತಿ (SC),Tangadagi Shivaraj Sangappa,Tangadagi Shivaraj ಸಂಗ್ಲಪ್ಪ,INC,ಕಾಂಗ್ರೆಸ್ (INC),106164,60.7,Basavaraj Dadesugur,ಬಸವರಾಜ್ Dadesugur,BJP,ಬಿಜೆಪಿ (BJP),63532,42632,#1f77b4
2023,62,Gangavathi,ಗಂಗಾವತಿ,gangavathi,gangavathi_assembly_constituency,nan,ಸಾಮಾನ್ಯ,G Janardhan Reddy,ಜಿ. Janardhan ರೆಡ್ಡಿ,KRPP,ಕೆಆರ್‌ಪಿಪಿ (KRPP),66213,41.5,Iqbal Ansari,Iqbal Ansari,INC,ಕಾಂಗ್ರೆಸ್ (INC),57947,8266,#9467bd
2023,63,Yelburga,ಯಲಬುರ್ಗಾ,yelburga,yelburga_assembly_constituency,nan,ಸಾಮಾನ್ಯ,Basavaraj Rayareddi,ಬಸವರಾಜ್ Rayareddi,INC,ಕಾಂಗ್ರೆಸ್ (INC),94330,53.8,Achar Halappa Basappa,Achar Halappa Basappa,BJP,ಬಿಜೆಪಿ (BJP),77149,17181,#1f77b4
2023,64,Koppal,ಕೊಪ್ಪಳ,koppal,koppal_assembly_constituency,nan,ಸಾಮಾನ್ಯ,K. Raghavendra Basavaraj Hitnal,ಕೆ. Raghavendra ಬಸವರಾಜ್ Hitnal,INC,ಕಾಂಗ್ರೆಸ್ (INC),90430,46.8,Karadi Manjula,Karadi Manjula,BJP,ಬಿಜೆಪಿ (BJP),54170,36260,#1f77b4
2023,65,Shirahatti,ಶಿರಹಟ್ಟಿ,shirahatti,shirahatti_assembly_constituency,SC,ಪರಿಶಿಷ್ಟ ಜಾತಿ (SC),Dr.Chandru Lamani,ಡಾ. Chandru Lamani,BJP,ಬಿಜೆಪಿ (BJP),74489,45.9,Ramakrishna. Shidlingappa. Doddamani,Ramakrishna Shidlingappa Doddamani,IND,ಪಕ್ಷೇತರ (IND),45969,28520,#ff7f0e
2023,66,Gadag,ಗದಗ,gadag,gadag_assembly_constituency,nan,ಸಾಮಾನ್ಯ,H. K. Patil,ಎಚ್. ಕೆ. ಪಾಟೀಲ್,INC,ಕಾಂಗ್ರೆಸ್ (INC),89958,53.3,Anil. P. Menasinakai,Anil ಪಿ. Menasinakai,BJP,ಬಿಜೆಪಿ (BJP),74828,15130,#1f77b4
2023,67,Ron,ರೋಣ,ron,ron_assembly_constituency,nan,ಸಾಮಾನ್ಯ,Gurupadagouda Sanganagouda Patil,Gurupadagouda Sanganagouda ಪಾಟೀಲ್,INC,ಕಾಂಗ್ರೆಸ್ (INC),94865,53.7,Kalakappa Gurushantappa Bandi,Kalakappa Gurushantappa Bandi,BJP,ಬಿಜೆಪಿ (BJP),70177,24688,#1f77b4
2023,68,Naragund,Naragund,naragund,naragund_assembly_constituency,nan,ಸಾಮಾನ್ಯ,C. C. Patil,ಸಿ. ಸಿ. ಪಾಟೀಲ್,BJP,ಬಿಜೆಪಿ (BJP),72835,49.1,B. R. Yavagal,ಬಿ. ಆರ್. Yavagal,INC,ಕಾಂಗ್ರೆಸ್ (INC),71044,1791,#ff7f0e
2023,69,Navalgund,ನವಲಗುಂದ,navalgund,navalgund_assembly_constituency,nan,ಸಾಮಾನ್ಯ,Ningaraddi Hanamaraddi Konaraddi,Ningaraddi Hanamaraddi Konaraddi,INC,ಕಾಂಗ್ರೆಸ್ (INC),86081,53.5,Shankar Basanagouda Patil Munenakoppa,Shankar Basanagouda ಪಾಟೀಲ್ Munenakoppa,BJP,ಬಿಜೆಪಿ (BJP),63882,22199,#1f77b4
2023,70,Kundgol,ಕುಂದಗೋಳ,kundgol,kundgol_assembly_constituency,nan,ಸಾಮಾನ್ಯ,M R Patil,ಎಂ. ಆರ್. ಪಾಟೀಲ್,BJP,ಬಿಜೆಪಿ (BJP),76105,49.4,Kusumavathi Channabasappa Shivalli,Kusumavathi Channabasappa Shivalli,INC,ಕಾಂಗ್ರೆಸ್ (INC),40764,35341,#ff7f0e
2023,71,Dharwad,ಧಾರವಾಡ,dharwad,dharwad_assembly_constituency,nan,ಸಾಮಾನ್ಯ,Vinay Kulkarni,Vinay Kulkarni,INC,ಕಾಂಗ್ರೆಸ್ (INC),89333,54.4,Amrut Ayyappa Desai,Amrut Ayyappa ದೇಸಾಯಿ,BJP,ಬಿಜೆಪಿ (BJP),71296,18037,#1f77b4
2023,72,Hubli-Dharwad-East,Hubli Dharwad East,hublidharwadeast,hublidharwadeast_assembly_constituency,SC,ಪರಿಶಿಷ್ಟ ಜಾತಿ (SC),Abbayya Prasad,Abbayya Prasad,INC,ಕಾಂಗ್ರೆಸ್ (INC),85426,57.8,Dr. Kranthi Kiran,ಡಾ. Kranthi Kiran,BJP,ಬಿಜೆಪಿ (BJP),53056,32370,#1f77b4
2023,73,Hubli-Dharwad Central,ಹುಬ್ಬಳ್ಳಿ-ಧಾರವಾಡ ಕೇಂದ್ರ,hublidharwadcentral,hublidharwad_central_assembly_constituency,nan,ಸಾಮಾನ್ಯ,Mahesh Tenginakai,Mahesh Tenginakai,BJP,ಬಿಜೆಪಿ (BJP),95064,59.7,Jagadish Shettar,Jagadish ಶೆಟ್ಟರ್,INC,ಕಾಂಗ್ರೆಸ್ (INC),60775,34289,#ff7f0e
2023,74,Hubli-Dharwad- West,Hubli Dharwad West,hublidharwadwest,hublidharwad_west_assembly_constituency,nan,ಸಾಮಾನ್ಯ,Arvind Bellad,Arvind Bellad,BJP,ಬಿಜೆಪಿ (BJP),101410,60.1,Deepak Chinchore,Deepak Chinchore,INC,ಕಾಂಗ್ರೆಸ್ (INC),62717,38693,#ff7f0e
2023,75,Kalghatgi,ಕಲಘಟಗಿ,kalghatgi,kalghatgi_assembly_constituency,nan,ಸಾಮಾನ್ಯ,Santosh.S.Lad,Santosh ಎಸ್. Lad,INC,ಕಾಂಗ್ರೆಸ್ (INC),85761,53.2,Chabbi Nagaraj,Chabbi Nagaraj,BJP,ಬಿಜೆಪಿ (BJP),71404,14357,#1f77b4
2023,76,Haliyal,ಹಳಿಯಾಳ,haliyal,haliyal_assembly_constituency,nan,ಸಾಮಾನ್ಯ,Deshpande Raghunath,Deshpande Raghunath,INC,ಕಾಂಗ್ರೆಸ್ (INC),57240,40.3,Sunil Hegade,Sunil Hegade,BJP,ಬಿಜೆಪಿ (BJP),53617,3623,#1f77b4
2023,77,Karwar,ಕಾರವಾರ,karwar,karwar_assembly_constituency,nan,ಸಾಮಾನ್ಯ,Satish Krishna Sail,ಸತೀಶ್ Krishna Sail,INC,ಕಾಂಗ್ರೆಸ್ (INC),77445,47.7,Roopali Santosh Naik,Roopali Santosh ನಾಯಕ್,BJP,ಬಿಜೆಪಿ (BJP),75307,2138,#1f77b4
2023,78,Kumta,ಕುಮಟಾ,kumta,kumta_assembly_constituency,nan,ಸಾಮಾನ್ಯ,Dinakar Keshav Shetty,Dinakar Keshav Shetty,BJP,ಬಿಜೆಪಿ (BJP),59965,40.9,Suraj Naik Soni,Suraj ನಾಯಕ್ Soni,JD(S),ಜೆಡಿಎಸ್ (JD-S),59289,676,#ff7f0e
2023,79,Bhatkal,ಭಟ್ಕಳ,bhatkal,bhatkal_assembly_constituency,nan,ಸಾಮಾನ್ಯ,Mankal Vaidya,Mankal Vaidya,INC,ಕಾಂಗ್ರೆಸ್ (INC),100442,57.8,Sunil B. Naik,Sunil ಬಿ. ನಾಯಕ್,BJP,ಬಿಜೆಪಿ (BJP),67771,32671,#1f77b4
2023,80,Sirsi,ಶಿರಸಿ,sirsi,sirsi_assembly_constituency,nan,ಸಾಮಾನ್ಯ,Bhimanna T. Naik,Bhimanna ಟಿ. ನಾಯಕ್,INC,ಕಾಂಗ್ರೆಸ್ (INC),76887,48.4,Kageri Vishweshwar Hegde,Kageri Vishweshwar ಹೆಗಡೆ,BJP,ಬಿಜೆಪಿ (BJP),68175,8712,#1f77b4
2023,81,Yellapur,ಯಲ್ಲಾಪುರ,yellapur,yellapur_assembly_constituency,nan,ಸಾಮಾನ್ಯ,Arabail Hebbar Shivaram,Arabail Hebbar Shivaram,BJP,ಬಿಜೆಪಿ (BJP),74699,50.2,Andalagi Veerabhadragouda Shivanagoud Patil,Andalagi Veerabhadragouda Shivanagoud ಪಾಟೀಲ್,INC,ಕಾಂಗ್ರೆಸ್ (INC),70695,4004,#ff7f0e
2023,82,Hanagal,Hanagal,hanagal,hanagal_assembly_constituency,nan,ಸಾಮಾನ್ಯ,Mane Srinivas,Mane ಶ್ರೀನಿವಾಸ್,INC,ಕಾಂಗ್ರೆಸ್ (INC),94590,53.0,Shivaraj Sajjanar,Shivaraj Sajjanar,BJP,ಬಿಜೆಪಿ (BJP),72645,21945,#1f77b4
2023,83,Shiggaon,ಶಿಗ್ಗಾಂವಿ,shiggaon,shiggaon_assembly_constituency,nan,ಸಾಮಾನ್ಯ,Basavaraj Bommai,ಬಸವರಾಜ್ ಬೊಮ್ಮಾಯಿ,BJP,ಬಿಜೆಪಿ (BJP),100016,55.4,Pathan Yasirahmedkhan,Pathan Yasirahmedkhan,INC,ಕಾಂಗ್ರೆಸ್ (INC),64038,35978,#ff7f0e
2023,84,Haveri,ಹಾವೇರಿ,haveri,haveri_assembly_constituency,SC,ಪರಿಶಿಷ್ಟ ಜಾತಿ (SC),Rudrappa Manappa Lamani,Rudrappa Manappa Lamani,INC,ಕಾಂಗ್ರೆಸ್ (INC),93827,52.1,Gavisiddappa Dyamannavar,Gavisiddappa Dyamannavar,BJP,ಬಿಜೆಪಿ (BJP),81912,11915,#1f77b4
2023,85,Byadgi,ಬ್ಯಾಡಗಿ,byadgi,byadgi_assembly_constituency,nan,ಸಾಮಾನ್ಯ,Basavaraj Neelappa Shivannanavar,ಬಸವರಾಜ್ Neelappa Shivannanavar,INC,ಕಾಂಗ್ರೆಸ್ (INC),97740,56.1,Ballari Virupakshappa Rudrappa,Ballari Virupakshappa Rudrappa,BJP,ಬಿಜೆಪಿ (BJP),73899,23841,#1f77b4
2023,86,Hirekerur,ಹಿರೇಕೆರೂರು,hirekerur,hirekerur_assembly_constituency,nan,ಸಾಮಾನ್ಯ,Ujaneshwar Basavannappa Banakar,Ujaneshwar Basavannappa Banakar,INC,ಕಾಂಗ್ರೆಸ್ (INC),85378,53.9,Basavanagouda Patil,Basavanagouda ಪಾಟೀಲ್,BJP,ಬಿಜೆಪಿ (BJP),70358,15020,#1f77b4
2023,87,Ranibennur,ರಾಣೆಬೆನ್ನೂರು,ranibennur,ranibennur_assembly_constituency,nan,ಸಾಮಾನ್ಯ,Prakash Koliwad,ಪ್ರಕಾಶ್ Koliwad,INC,ಕಾಂಗ್ರೆಸ್ (INC),71830,37.5,Arunkumar Guttur,Arunkumar Guttur,BJP,ಬಿಜೆಪಿ (BJP),62030,9800,#1f77b4
2023,88,Hadagalli,ಹೂವಿನಹಡಗಲಿ,hadagalli,hadagalli_assembly_constituency,SC,ಪರಿಶಿಷ್ಟ ಜಾತಿ (SC),Krishna Nayaka.,Krishna Nayaka,BJP,ಬಿಜೆಪಿ (BJP),73200,49.1,P.T.Parameshwara Naik,ಪಿ. ಟಿ. Parameshwara ನಾಯಕ್,INC,ಕಾಂಗ್ರೆಸ್ (INC),71756,1444,#ff7f0e
2023,89,Hagaribommanahalli,ಹಗರಿಬೊಮ್ಮನಹಳ್ಳಿ,hagaribommanahalli,hagaribommanahalli_assembly_constituency,SC,ಪರಿಶಿಷ್ಟ ಜಾತಿ (SC),Nemarajanaik.K,Nemarajanaik ಕೆ.,JD(S),ಜೆಡಿಎಸ್ (JD-S),84023,44.6,L B P Bheema Naik,ಎಲ್. ಬಿ. ಪಿ. Bheema ನಾಯಕ್,INC,ಕಾಂಗ್ರೆಸ್ (INC),72679,11344,#31a354
2023,90,Vijayanagara,ವಿಜಯನಗರ,vijayanagara,vijayanagara_assembly_constituency,nan,ಸಾಮಾನ್ಯ,H.R.Gaviyappa,ಎಚ್. ಆರ್. Gaviyappa,INC,ಕಾಂಗ್ರೆಸ್ (INC),104863,58.5,Siddharth Singh A Thakur,Siddharth Singh ಎ. Thakur,BJP,ಬಿಜೆಪಿ (BJP),71140,33723,#1f77b4
2023,91,Kampli,ಕಂಪ್ಲಿ,kampli,kampli_assembly_constituency,ST,ಪರಿಶಿಷ್ಟ ಪಂಗಡ (ST),J N Ganesh,ಜೆ. ಎನ್. ಗಣೇಶ್,INC,ಕಾಂಗ್ರೆಸ್ (INC),100424,55.5,T H Suresh Babu,ಟಿ. ಎಚ್. Suresh Babu,BJP,ಬಿಜೆಪಿ (BJP),76333,24091,#1f77b4
2023,92,Siruguppa,ಸಿರುಗುಪ್ಪ,siruguppa,siruguppa_assembly_constituency,ST,ಪರಿಶಿಷ್ಟ ಪಂಗಡ (ST),B. M. Nagaraja,ಬಿ. ಎಂ. Nagaraja,INC,ಕಾಂಗ್ರೆಸ್ (INC),90862,54.6,M. S. Somalingappa,ಎಂ. ಎಸ್. Somalingappa,BJP,ಬಿಜೆಪಿ (BJP),53830,37032,#1f77b4
2023,93,Bellary,ಬಳ್ಳಾರಿ,bellary,bellary_assembly_constituency,ST,ಪರಿಶಿಷ್ಟ ಪಂಗಡ (ST),B Nagendra,ಬಿ. Nagendra,INC,ಕಾಂಗ್ರೆಸ್ (INC),103836,57.2,B Sreeramulu,ಬಿ. Sreeramulu,BJP,ಬಿಜೆಪಿ (BJP),74536,29300,#1f77b4
2023,94,Bellary City,ಬಳ್ಳಾರಿ ನಗರ,bellarycity,bellary_city_assembly_constituency,nan,ಸಾಮಾನ್ಯ,Nara Bharath Reddy,Nara Bharath ರೆಡ್ಡಿ,INC,ಕಾಂಗ್ರೆಸ್ (INC),86440,48.7,Gali Lakshmi Aruna,Gali ಲಕ್ಷ್ಮಿ Aruna,KRPP,ಕೆಆರ್‌ಪಿಪಿ (KRPP),48577,37863,#1f77b4
2023,95,Sandur,ಸಂಡೂರು,sandur,sandur_assembly_constituency,ST,ಪರಿಶಿಷ್ಟ ಪಂಗಡ (ST),E. Tukaram,ಇ. Tukaram,INC,ಕಾಂಗ್ರೆಸ್ (INC),85223,49.6,Shilpa Raghavendra,Shilpa Raghavendra,BJP,ಬಿಜೆಪಿ (BJP),49701,35522,#1f77b4
2023,96,Kudligi,ಕೂಡ್ಲಿಗಿ,kudligi,kudligi_assembly_constituency,ST,ಪರಿಶಿಷ್ಟ ಪಂಗಡ (ST),Srinivas N T,ಶ್ರೀನಿವಾಸ್ ಎನ್. ಟಿ.,INC,ಕಾಂಗ್ರೆಸ್ (INC),104753,64.3,Lokesh. V. Nayaka,Lokesh ವಿ. Nayaka,BJP,ಬಿಜೆಪಿ (BJP),50403,54350,#1f77b4
2023,97,Molakalmuru,ಮೊಳಕಾಲ್ಮೂರು,molakalmuru,molakalmuru_assembly_constituency,ST,ಪರಿಶಿಷ್ಟ ಪಂಗಡ (ST),N.Y.Gopalakrishna,ಎನ್. ವೈ. Gopalakrishna,INC,ಕಾಂಗ್ರೆಸ್ (INC),109459,54.2,S.Thippeswamy,ಎಸ್. Thippeswamy,BJP,ಬಿಜೆಪಿ (BJP),87310,22149,#1f77b4
2023,98,Challakere,ಚಳ್ಳಕೆರೆ,challakere,challakere_assembly_constituency,ST,ಪರಿಶಿಷ್ಟ ಪಂಗಡ (ST),T. Raghumurthy,ಟಿ. Raghumurthy,INC,ಕಾಂಗ್ರೆಸ್ (INC),67952,38.5,Ravish Kumar.M,Ravish ಕುಮಾರ್ ಎಂ.,JD(S),ಜೆಡಿಎಸ್ (JD-S),51502,16450,#1f77b4
2023,99,Chitradurga,ಚಿತ್ರದುರ್ಗ,chitradurga,chitradurga_assembly_constituency,nan,ಸಾಮಾನ್ಯ,K.C.Veerendra Puppy,ಕೆ. ಸಿ. Veerendra Puppy,INC,ಕಾಂಗ್ರೆಸ್ (INC),122021,60.0,G.H.Thippa Reddy,ಜಿ. ಎಚ್. Thippa ರೆಡ್ಡಿ,BJP,ಬಿಜೆಪಿ (BJP),68721,53300,#1f77b4
2023,100,Hiriyur,ಹಿರಿಯೂರು,hiriyur,hiriyur_assembly_constituency,nan,ಸಾಮಾನ್ಯ,D.Sudhakar,ಡಿ. Sudhakar,INC,ಕಾಂಗ್ರೆಸ್ (INC),92050,46.2,K.Poornima,ಕೆ. Poornima,BJP,ಬಿಜೆಪಿ (BJP),61728,30322,#1f77b4
2023,101,Hosadurga,ಹೊಸದುರ್ಗ,hosadurga,hosadurga_assembly_constituency,nan,ಸಾಮಾನ್ಯ,B. G. Govindappa,ಬಿ. ಜಿ. Govindappa,INC,ಕಾಂಗ್ರೆಸ್ (INC),81050,48.7,S. Lingamurthy,ಎಸ್. Lingamurthy,BJP,ಬಿಜೆಪಿ (BJP),48234,32816,#1f77b4
2023,102,Holalkere,ಹೊಳಲ್ಕೆರೆ,holalkere,holalkere_assembly_constituency,SC,ಪರಿಶಿಷ್ಟ ಜಾತಿ (SC),M.Chandrappa,ಎಂ. Chandrappa,BJP,ಬಿಜೆಪಿ (BJP),88732,45.3,H.Anjaneya,ಎಚ್. Anjaneya,INC,ಕಾಂಗ್ರೆಸ್ (INC),83050,5682,#ff7f0e
2023,103,Jagalur,ಜಗಳೂರು,jagalur,jagalur_assembly_constituency,ST,ಪರಿಶಿಷ್ಟ ಪಂಗಡ (ST),B.Devendrappa,ಬಿ. Devendrappa,INC,ಕಾಂಗ್ರೆಸ್ (INC),50765,32.9,S.V.Ramachandra,ಎಸ್. ವಿ. Ramachandra,BJP,ಬಿಜೆಪಿ (BJP),49891,874,#1f77b4
2023,104,Harapanahalli,ಹರಪನಹಳ್ಳಿ,harapanahalli,harapanahalli_assembly_constituency,nan,ಸಾಮಾನ್ಯ,Latha Mallikarjun,Latha ಮಲ್ಲಿಕಾರ್ಜುನ್,IND,ಪಕ್ಷೇತರ (IND),70194,39.8,G Karunakara Reddy,ಜಿ. Karunakara ರೆಡ್ಡಿ,BJP,ಬಿಜೆಪಿ (BJP),56349,13845,#7f7f7f
2023,105,Harihar,Harihar,harihar,harihar_assembly_constituency,nan,ಸಾಮಾನ್ಯ,B P Harish,ಬಿ. ಪಿ. Harish,BJP,ಬಿಜೆಪಿ (BJP),63924,38.1,Srinivasa N H (Nandigavi),ಶ್ರೀನಿವಾಸ ಎನ್. ಎಚ್. ( Nandigavi ),INC,ಕಾಂಗ್ರೆಸ್ (INC),59620,4304,#ff7f0e
2023,106,Davanagere North,ದಾವಣಗೆರೆ ಉತ್ತರ,davanagerenorth,davanagere_north_assembly_constituency,nan,ಸಾಮಾನ್ಯ,S.S.Mallikarjun.,ಎಸ್. ಎಸ್. ಮಲ್ಲಿಕಾರ್ಜುನ್,INC,ಕಾಂಗ್ರೆಸ್ (INC),94019,56.3,Lokikere Nagaraj,Lokikere Nagaraj,BJP,ಬಿಜೆಪಿ (BJP),69547,24472,#1f77b4
2023,107,Davanagere South,ದಾವಣಗೆರೆ ದಕ್ಷಿಣ,davanageresouth,davanagere_south_assembly_constituency,nan,ಸಾಮಾನ್ಯ,Shamanur Shivashankarappa,Shamanur Shivashankarappa,INC,ಕಾಂಗ್ರೆಸ್ (INC),84298,57.8,Ajay Kumar. B.G,Ajay ಕುಮಾರ್ ಬಿ. ಜಿ.,BJP,ಬಿಜೆಪಿ (BJP),56410,27888,#1f77b4
2023,108,Mayakonda,ಮಾಯಾಕೊಂಡ,mayakonda,mayakonda_assembly_constituency,SC,ಪರಿಶಿಷ್ಟ ಜಾತಿ (SC),K. S. Basavanthappa,ಕೆ. ಎಸ್. Basavanthappa,INC,ಕಾಂಗ್ರೆಸ್ (INC),70916,44.0,B.M. Pushpa Vageeshaswamy,ಬಿ. ಎಂ. Pushpa Vageeshaswamy,IND,ಪಕ್ಷೇತರ (IND),37614,33302,#1f77b4
2023,109,Channagiri,ಚನ್ನಗಿರಿ,channagiri,channagiri_assembly_constituency,nan,ಸಾಮಾನ್ಯ,Basavaraju V Shivaganga,Basavaraju ವಿ. Shivaganga,INC,ಕಾಂಗ್ರೆಸ್ (INC),78263,47.2,Madal Mallikarjuna,Madal Mallikarjuna,IND,ಪಕ್ಷೇತರ (IND),61828,16435,#1f77b4
2023,110,Honnali,ಹೊನ್ನಾಳಿ,honnali,honnali_assembly_constituency,nan,ಸಾಮಾನ್ಯ,Shanthana Gowda.D.G.,Shanthana ಗೌಡ ಡಿ. ಜಿ.,INC,ಕಾಂಗ್ರೆಸ್ (INC),92392,54.5,M.P. Renukacharya,ಎಂ. ಪಿ. Renukacharya,BJP,ಬಿಜೆಪಿ (BJP),74832,17560,#1f77b4
2023,111,Shimoga Rural,ಶಿವಮೊಗ್ಗ ಗ್ರಾಮಾಂತರ,shimogarural,shimoga_rural_assembly_constituency,SC,ಪರಿಶಿಷ್ಟ ಜಾತಿ (SC),Sharada Puryanaik,Sharada Puryanaik,JD(S),ಜೆಡಿಎಸ್ (JD-S),86340,48.0,K.B.Ashok Naik,ಕೆ. ಬಿ. Ashok ನಾಯಕ್,BJP,ಬಿಜೆಪಿ (BJP),71198,15142,#31a354
2023,112,Bhadravathi,Bhadravathi,bhadravathi,bhadravathi_assembly_constituency,nan,ಸಾಮಾನ್ಯ,B.K. Sanagameshwara,ಬಿ. ಕೆ. Sanagameshwara,INC,ಕಾಂಗ್ರೆಸ್ (INC),66208,42.9,Sharada Appaji,Sharada Appaji,JD(S),ಜೆಡಿಎಸ್ (JD-S),63503,2705,#1f77b4
2023,113,Shimoga,ಶಿವಮೊಗ್ಗ,shimoga,shimoga_assembly_constituency,nan,ಸಾಮಾನ್ಯ,Channabasappa (Chenni),Channabasappa ( Chenni ),BJP,ಬಿಜೆಪಿ (BJP),96490,54.0,H C Yogesh,ಎಚ್. ಸಿ. Yogesh,INC,ಕಾಂಗ್ರೆಸ್ (INC),68816,27674,#ff7f0e
2023,114,Tirthahalli,ತೀರ್ಥಹಳ್ಳಿ,tirthahalli,tirthahalli_assembly_constituency,nan,ಸಾಮಾನ್ಯ,Araga Jnanendra,Araga Jnanendra,BJP,ಬಿಜೆಪಿ (BJP),84563,52.7,Kimmane Ratnakar,Kimmane Ratnakar,INC,ಕಾಂಗ್ರೆಸ್ (INC),72322,12241,#ff7f0e
2023,115,Shikaripura,ಶಿಕಾರಿಪುರ,shikaripura,shikaripura_assembly_constituency,nan,ಸಾಮಾನ್ಯ,Vijayendra Yediyurappa,Vijayendra ಯಡಿಯೂರಪ್ಪ,BJP,ಬಿಜೆಪಿ (BJP),81810,49.3,S. P. Nagarajagowda,ಎಸ್. ಪಿ. Nagarajagowda,IND,ಪಕ್ಷೇತರ (IND),70802,11008,#ff7f0e
2023,116,Sorab,ಸೊರಬ,sorab,sorab_assembly_constituency,nan,ಸಾಮಾನ್ಯ,Madhu Bangarappa,Madhu Bangarappa,INC,ಕಾಂಗ್ರೆಸ್ (INC),98912,60.7,S. Kumara Bangarappa,ಎಸ್. Kumara Bangarappa,BJP,ಬಿಜೆಪಿ (BJP),54650,44262,#1f77b4
2023,117,Sagar,ಸಾಗರ,sagar,sagar_assembly_constituency,nan,ಸಾಮಾನ್ಯ,Gopala Krishna Beluru,Gopala Krishna Beluru,INC,ಕಾಂಗ್ರೆಸ್ (INC),88988,53.9,H.Halappa Harathalu,ಎಚ್. Halappa Harathalu,BJP,ಬಿಜೆಪಿ (BJP),72966,16022,#1f77b4
2023,118,Baindur,Baindur,baindur,baindur_assembly_constituency,nan,ಸಾಮಾನ್ಯ,Gururaj Shetty Gantihole,Gururaj Shetty Gantihole,BJP,ಬಿಜೆಪಿ (BJP),98628,53.5,K. Gopal Poojary,ಕೆ. Gopal ಪೂಜಾರಿ,INC,ಕಾಂಗ್ರೆಸ್ (INC),82475,16153,#ff7f0e
2023,119,Kundapura,ಕುಂದಾಪುರ,kundapura,kundapura_assembly_constituency,nan,ಸಾಮಾನ್ಯ,A Kiran Kumar Kodgi,ಎ. Kiran ಕುಮಾರ್ Kodgi,BJP,ಬಿಜೆಪಿ (BJP),102424,61.6,Dinesh Hegde Molahalli,Dinesh ಹೆಗಡೆ Molahalli,INC,ಕಾಂಗ್ರೆಸ್ (INC),60868,41556,#ff7f0e
2023,120,Udupi,ಉಡುಪಿ,udupi,udupi_assembly_constituency,nan,ಸಾಮಾನ್ಯ,Yashpal A Suvarna,Yashpal ಎ. Suvarna,BJP,ಬಿಜೆಪಿ (BJP),97079,58.9,Prasadraj Kanchan,Prasadraj Kanchan,INC,ಕಾಂಗ್ರೆಸ್ (INC),64303,32776,#ff7f0e
2023,121,Kaup,ಕಾಪು,kaup,kaup_assembly_constituency,nan,ಸಾಮಾನ್ಯ,Gurme Suresh Shetty,Gurme Suresh Shetty,BJP,ಬಿಜೆಪಿ (BJP),80559,53.5,Vinay Kumar Sorake,Vinay ಕುಮಾರ್ Sorake,INC,ಕಾಂಗ್ರೆಸ್ (INC),67555,13004,#ff7f0e
2023,122,Karkala,ಕಾರ್ಕಳ,karkala,karkala_assembly_constituency,nan,ಸಾಮಾನ್ಯ,V Sunill Kumar,ವಿ. Sunill ಕುಮಾರ್,BJP,ಬಿಜೆಪಿ (BJP),77028,49.4,Udaya Shetty Muniyal,Udaya Shetty Muniyal,INC,ಕಾಂಗ್ರೆಸ್ (INC),72426,4602,#ff7f0e
2023,123,Sringeri,ಶೃಂಗೇರಿ,sringeri,sringeri_assembly_constituency,nan,ಸಾಮಾನ್ಯ,T.D.Rajegowda,ಟಿ. ಡಿ. Rajegowda,INC,ಕಾಂಗ್ರೆಸ್ (INC),59171,42.0,D.N.Jeevaraja.,ಡಿ. ಎನ್. Jeevaraja,BJP,ಬಿಜೆಪಿ (BJP),58970,201,#1f77b4
2023,124,Mudigere,ಮೂಡಿಗೆರೆ,mudigere,mudigere_assembly_constituency,SC,ಪರಿಶಿಷ್ಟ ಜಾತಿ (SC),Nayana Motamma,Nayana Motamma,INC,ಕಾಂಗ್ರೆಸ್ (INC),50843,38.3,Deepak Doddaiah,Deepak Doddaiah,BJP,ಬಿಜೆಪಿ (BJP),50121,722,#1f77b4
2023,125,Chikmagalur,ಚಿಕ್ಕಮಗಳೂರು,chikmagalur,chikmagalur_assembly_constituency,nan,ಸಾಮಾನ್ಯ,H. D. Thammaiah,ಎಚ್. ಡಿ. Thammaiah,INC,ಕಾಂಗ್ರೆಸ್ (INC),85054,50.3,C. T. Ravi,ಸಿ. ಟಿ. Ravi,BJP,ಬಿಜೆಪಿ (BJP),79128,5926,#1f77b4
2023,126,Tarikere,ತಾರೀಕೆರೆ,tarikere,tarikere_assembly_constituency,nan,ಸಾಮಾನ್ಯ,G.H. Srinivasa,ಜಿ. ಎಚ್. ಶ್ರೀನಿವಾಸ,INC,ಕಾಂಗ್ರೆಸ್ (INC),63086,41.1,D.S. Suresh,ಡಿ. ಎಸ್. Suresh,BJP,ಬಿಜೆಪಿ (BJP),50955,12131,#1f77b4
2023,127,Kadur,ಕಡೂರು,kadur,kadur_assembly_constituency,nan,ಸಾಮಾನ್ಯ,Anand. K.S,ಆನಂದ್ ಕೆ. ಎಸ್.,INC,ಕಾಂಗ್ರೆಸ್ (INC),75476,44.8,Belli Prakash,Belli ಪ್ರಕಾಶ್,BJP,ಬಿಜೆಪಿ (BJP),63469,12007,#1f77b4
2023,128,Chiknaikanahalli,Chiknaikanahalli,chiknaikanahalli,chiknaikanahalli_assembly_constituency,nan,ಸಾಮಾನ್ಯ,C B Suresh Baabu,ಸಿ. ಬಿ. Suresh Baabu,JD(S),ಜೆಡಿಎಸ್ (JD-S),71036,37.8,J C Madhu Swamy,ಜೆ. ಸಿ. Madhu ಸ್ವಾಮಿ,BJP,ಬಿಜೆಪಿ (BJP),60994,10042,#31a354
2023,129,Tiptur,ತಿಪಟೂರು,tiptur,tiptur_assembly_constituency,nan,ಸಾಮಾನ್ಯ,K Shadakshari,ಕೆ. Shadakshari,INC,ಕಾಂಗ್ರೆಸ್ (INC),71999,46.3,B.C. Nagesh,ಬಿ. ಸಿ. Nagesh,BJP,ಬಿಜೆಪಿ (BJP),54347,17652,#1f77b4
2023,130,Turuvekere,ತುರುವೇಕೆರೆ,turuvekere,turuvekere_assembly_constituency,nan,ಸಾಮಾನ್ಯ,M.T.Krishnappa,ಎಂ. ಟಿ. Krishnappa,JD(S),ಜೆಡಿಎಸ್ (JD-S),68163,42.7,Masala Jayaram,Masala Jayaram,BJP,ಬಿಜೆಪಿ (BJP),58240,9923,#31a354
2023,131,Kunigal,ಕುಣಿಗಲ್,kunigal,kunigal_assembly_constituency,nan,ಸಾಮಾನ್ಯ,Dr|| H D Ranganath,ಡಾ. ಎಚ್. ಡಿ. Ranganath,INC,ಕಾಂಗ್ರೆಸ್ (INC),74724,43.0,D Krishnakumar,ಡಿ. Krishnakumar,BJP,ಬಿಜೆಪಿ (BJP),48151,26573,#1f77b4
2023,132,Tumkur City,ತುಮಕೂರು ನಗರ,tumkurcity,tumkur_city_assembly_constituency,nan,ಸಾಮಾನ್ಯ,G B Jyothi Ganesh,ಜಿ. ಬಿ. Jyothi ಗಣೇಶ್,BJP,ಬಿಜೆಪಿ (BJP),59165,34.0,N Govindaraju,ಎನ್. Govindaraju,JD(S),ಜೆಡಿಎಸ್ (JD-S),55967,3198,#ff7f0e
2023,133,Tumkur Rural,ತುಮಕೂರು ಗ್ರಾಮಾಂತರ,tumkurrural,tumkur_rural_assembly_constituency,nan,ಸಾಮಾನ್ಯ,B.Suresh Gowda,ಬಿ. Suresh ಗೌಡ,BJP,ಬಿಜೆಪಿ (BJP),89191,49.2,D.C.Gowrishankar Swamy,ಡಿ. ಸಿ. Gowrishankar ಸ್ವಾಮಿ,JD(S),ಜೆಡಿಎಸ್ (JD-S),84597,4594,#ff7f0e
2023,134,Koratagere,ಕೊರಟಗೆರೆ,koratagere,koratagere_assembly_constituency,SC,ಪರಿಶಿಷ್ಟ ಜಾತಿ (SC),Dr. G. Parameshwara,ಡಾ. ಜಿ. Parameshwara,INC,ಕಾಂಗ್ರೆಸ್ (INC),79099,45.5,P. R. Sudhakar Lal,ಪಿ. ಆರ್. Sudhakar Lal,JD(S),ಜೆಡಿಎಸ್ (JD-S),64752,14347,#1f77b4
2023,135,Gubbi,ಗುಬ್ಬಿ,gubbi,gubbi_assembly_constituency,nan,ಸಾಮಾನ್ಯ,S R Srinivas (Vasu),ಎಸ್. ಆರ್. ಶ್ರೀನಿವಾಸ್ ( Vasu ),INC,ಕಾಂಗ್ರೆಸ್ (INC),60520,38.0,S D Dilipkumar,ಎಸ್. ಡಿ. Dilipkumar,BJP,ಬಿಜೆಪಿ (BJP),51979,8541,#1f77b4
2023,136,Sira,ಸಿರಾ,sira,sira_assembly_constituency,nan,ಸಾಮಾನ್ಯ,T B Jayachandra,ಟಿ. ಬಿ. Jayachandra,INC,ಕಾಂಗ್ರೆಸ್ (INC),86084,45.3,R Ugresh,ಆರ್. Ugresh,JD(S),ಜೆಡಿಎಸ್ (JD-S),56834,29250,#1f77b4
2023,137,Pavagada,ಪಾವಗಡ,pavagada,pavagada_assembly_constituency,SC,ಪರಿಶಿಷ್ಟ ಜಾತಿ (SC),H.V.Venkatesh,ಎಚ್. ವಿ. Venkatesh,INC,ಕಾಂಗ್ರೆಸ್ (INC),83062,49.8,K.M.Thimmarayappa,ಕೆ. ಎಂ. Thimmarayappa,JD(S),ಜೆಡಿಎಸ್ (JD-S),72181,10881,#1f77b4
2023,138,Madhugiri,ಮಧುಗಿರಿ,madhugiri,madhugiri_assembly_constituency,nan,ಸಾಮಾನ್ಯ,Kyathasandra N. Rajanna,Kyathasandra ಎನ್. Rajanna,INC,ಕಾಂಗ್ರೆಸ್ (INC),91166,54.9,M.V.Veerabhadraiah,ಎಂ. ವಿ. Veerabhadraiah,JD(S),ಜೆಡಿಎಸ್ (JD-S),55643,35523,#1f77b4
2023,139,Gauribidanur,ಗೌರಿಬಿದನೂರು,gauribidanur,gauribidanur_assembly_constituency,nan,ಸಾಮಾನ್ಯ,K.H.Puttaswamy Gowda (Khp),ಕೆ. ಎಚ್. Puttaswamy ಗೌಡ ( Khp ),IND,ಪಕ್ಷೇತರ (IND),83837,46.5,N.H.Shivashankara Reddy,ಎನ್. ಎಚ್. Shivashankara ರೆಡ್ಡಿ,INC,ಕಾಂಗ್ರೆಸ್ (INC),46551,37286,#7f7f7f
2023,140,Bagepalli,ಬಾಗೇಪಲ್ಲಿ,bagepalli,bagepalli_assembly_constituency,nan,ಸಾಮಾನ್ಯ,S.N. Subbareddy (Chinnakayalapalli),ಎಸ್. ಎನ್. Subbareddy ( Chinnakayalapalli ),INC,ಕಾಂಗ್ರೆಸ್ (INC),82128,47.6,C. Muniraju,ಸಿ. Muniraju,BJP,ಬಿಜೆಪಿ (BJP),62949,19179,#1f77b4
2023,141,Chikkaballapur,ಚಿಕ್ಕಬಳ್ಳಾಪುರ,chikkaballapur,chikkaballapur_assembly_constituency,nan,ಸಾಮಾನ್ಯ,Pradeep Eshwar,Pradeep Eshwar,INC,ಕಾಂಗ್ರೆಸ್ (INC),86224,46.9,Dr. K. Sudhakar,ಡಾ. ಕೆ. Sudhakar,BJP,ಬಿಜೆಪಿ (BJP),75582,10642,#1f77b4
2023,142,Sidlaghatta,ಶಿಡ್ಲಘಟ್ಟ,sidlaghatta,sidlaghatta_assembly_constituency,nan,ಸಾಮಾನ್ಯ,B.N. Ravi Kumar,ಬಿ. ಎನ್. Ravi ಕುಮಾರ್,JD(S),ಜೆಡಿಎಸ್ (JD-S),68932,39.0,Puttu Anjinappa,Puttu Anjinappa,IND,ಪಕ್ಷೇತರ (IND),52160,16772,#31a354
2023,143,Chintamani,ಚಿಂತಾಮಣಿ,chintamani,chintamani_assembly_constituency,nan,ಸಾಮಾನ್ಯ,Dr. M.C. Sudhakar,ಡಾ. ಎಂ. ಸಿ. Sudhakar,INC,ಕಾಂಗ್ರೆಸ್ (INC),97324,51.3,J.K. Krishna Reddy,ಜೆ. ಕೆ. Krishna ರೆಡ್ಡಿ,JD(S),ಜೆಡಿಎಸ್ (JD-S),68272,29052,#1f77b4
2023,144,Srinivasapur,ಶ್ರೀನಿವಾಸಪುರ,srinivasapur,srinivasapur_assembly_constituency,nan,ಸಾಮಾನ್ಯ,G.K. Venkatashivareddy,ಜಿ. ಕೆ. Venkatashivareddy,JD(S),ಜೆಡಿಎಸ್ (JD-S),95463,50.2,K.R. Ramesh Kumar,ಕೆ. ಆರ್. ರಮೇಶ್ ಕುಮಾರ್,INC,ಕಾಂಗ್ರೆಸ್ (INC),85020,10443,#31a354
2023,145,Mulbagal,ಮುಳಬಾಗಿಲು,mulbagal,mulbagal_assembly_constituency,SC,ಪರಿಶಿಷ್ಟ ಜಾತಿ (SC),Samruddhi V. Manjunath,Samruddhi ವಿ. Manjunath,JD(S),ಜೆಡಿಎಸ್ (JD-S),94254,53.7,V.Adinarayana,ವಿ. Adinarayana,INC,ಕಾಂಗ್ರೆಸ್ (INC),67986,26268,#31a354
2023,146,Kolar Gold Field,ಕೋಲಾರ ಗೋಲ್ಡ್ ಫೀಲ್ಡ್ (KGF),kolargoldfield,kolar_gold_field_assembly_constituency,SC,ಪರಿಶಿಷ್ಟ ಜಾತಿ (SC),Roopa Kala. M,Roopa Kala ಎಂ.,INC,ಕಾಂಗ್ರೆಸ್ (INC),81569,55.6,Ashwini Sampangi,Ashwini Sampangi,BJP,ಬಿಜೆಪಿ (BJP),31102,50467,#1f77b4
2023,147,Bangarapet,ಬಂಗಾರಪೇಟೆ,bangarapet,bangarapet_assembly_constituency,SC,ಪರಿಶಿಷ್ಟ ಜಾತಿ (SC),S.N. Narayanaswamy. K.M,ಎಸ್. ಎನ್. Narayanaswamy ಕೆ. ಎಂ.,INC,ಕಾಂಗ್ರೆಸ್ (INC),77292,47.4,M. Mallesh Babu,ಎಂ. Mallesh Babu,JD(S),ಜೆಡಿಎಸ್ (JD-S),72581,4711,#1f77b4
2023,148,Kolar,ಕೋಲಾರ,kolar,kolar_assembly_constituency,nan,ಸಾಮಾನ್ಯ,Kothur.G. Manjunatha,Kothur ಜಿ. Manjunatha,INC,ಕಾಂಗ್ರೆಸ್ (INC),83990,43.8,C.M.R. Srinath,ಸಿ. ಎಂ. ಆರ್. Srinath,JD(S),ಜೆಡಿಎಸ್ (JD-S),53229,30761,#1f77b4
2023,149,Malur,ಮಲೂರು,malur,malur_assembly_constituency,nan,ಸಾಮಾನ್ಯ,K.Y.Nanjegowda,ಕೆ. ವೈ. Nanjegowda,INC,ಕಾಂಗ್ರೆಸ್ (INC),50955,29.5,K.S.Manjunathagowda,ಕೆ. ಎಸ್. Manjunathagowda,BJP,ಬಿಜೆಪಿ (BJP),50707,248,#1f77b4
2023,150,Yelahanka,ಯಲಹಂಕ,yelahanka,yelahanka_assembly_constituency,nan,ಸಾಮಾನ್ಯ,S R Vishwanath,ಎಸ್. ಆರ್. Vishwanath,BJP,ಬಿಜೆಪಿ (BJP),141538,51.9,Keshava Rajanna B,Keshava Rajanna ಬಿ.,INC,ಕಾಂಗ್ರೆಸ್ (INC),77428,64110,#ff7f0e
2023,151,K.R.Pura,ಕೆ. ಆರ್. Pura,krpura,krpura_assembly_constituency,nan,ಸಾಮಾನ್ಯ,B. A. Basavaraja,ಬಿ. ಎ. Basavaraja,BJP,ಬಿಜೆಪಿ (BJP),139925,52.8,D K Mohan,ಡಿ. ಕೆ. Mohan,INC,ಕಾಂಗ್ರೆಸ್ (INC),115624,24301,#ff7f0e
2023,152,Byatarayanapura,ಬ್ಯಾಟರಾಯನಪುರ,byatarayanapura,byatarayanapura_assembly_constituency,nan,ಸಾಮಾನ್ಯ,Krishna Byregowda,Krishna Byregowda,INC,ಕಾಂಗ್ರೆಸ್ (INC),160182,54.9,Thammesh Gowda H C,Thammesh ಗೌಡ ಎಚ್. ಸಿ.,BJP,ಬಿಜೆಪಿ (BJP),121978,38204,#1f77b4
2023,153,Yeshwanthapura,Yeshwanthapura,yeshwanthapura,yeshwanthapura_assembly_constituency,nan,ಸಾಮಾನ್ಯ,S.T. Somashekar,ಎಸ್. ಟಿ. Somashekar,BJP,ಬಿಜೆಪಿ (BJP),169149,47.6,T.N.Javarayi Gowda,ಟಿ. ಎನ್. Javarayi ಗೌಡ,JD(S),ಜೆಡಿಎಸ್ (JD-S),154031,15118,#ff7f0e
2023,154,Rajarajeshwarinagar,ರಾಜರಾಜೇಶ್ವರಿನಗರ,rajarajeshwarinagar,rajarajeshwarinagar_assembly_constituency,nan,ಸಾಮಾನ್ಯ,Munirathna,Munirathna,BJP,ಬಿಜೆಪಿ (BJP),127980,49.3,Kusuma .H,Kusuma ಎಚ್.,INC,ಕಾಂಗ್ರೆಸ್ (INC),116138,11842,#ff7f0e
2023,155,Dasarahalli,ದಾಸರಹಳ್ಳಿ,dasarahalli,dasarahalli_assembly_constituency,nan,ಸಾಮಾನ್ಯ,S. Muniraju,ಎಸ್. Muniraju,BJP,ಬಿಜೆಪಿ (BJP),91289,40.1,R. Manjunatha,ಆರ್. Manjunatha,JD(S),ಜೆಡಿಎಸ್ (JD-S),82095,9194,#ff7f0e
2023,156,Mahalakshmi Layout,ಮಹಾಲಕ್ಷ್ಮಿ ಲೇಔಟ್,mahalakshmilayout,mahalakshmi_layout_assembly_constituency,nan,ಸಾಮಾನ್ಯ,K. Gopalaiah,ಕೆ. Gopalaiah,BJP,ಬಿಜೆಪಿ (BJP),96424,61.5,Keshavamurthy S,Keshavamurthy ಎಸ್.,INC,ಕಾಂಗ್ರೆಸ್ (INC),45259,51165,#ff7f0e
2023,157,Malleshwaram,ಮಲ್ಲೇಶ್ವರಂ,malleshwaram,malleshwaram_assembly_constituency,nan,ಸಾಮಾನ್ಯ,Dr Ashwath Narayan C N,ಡಾ. Ashwath Narayan ಸಿ. ಎನ್.,BJP,ಬಿಜೆಪಿ (BJP),80606,64.8,Anoop Iyengar,Anoop Iyengar,INC,ಕಾಂಗ್ರೆಸ್ (INC),39304,41302,#ff7f0e
2023,158,Hebbal,ಹೆಬ್ಬಾಳ,hebbal,hebbal_assembly_constituency,nan,ಸಾಮಾನ್ಯ,Suresha B S,Suresha ಬಿ. ಎಸ್.,INC,ಕಾಂಗ್ರೆಸ್ (INC),91838,58.3,Jagdeesha Katta K S,Jagdeesha Katta ಕೆ. ಎಸ್.,BJP,ಬಿಜೆಪಿ (BJP),61084,30754,#1f77b4
2023,159,Pulakeshinagar,ಪುಲಕೇಸಿನಗರ,pulakeshinagar,pulakeshinagar_assembly_constituency,SC,ಪರಿಶಿಷ್ಟ ಜಾತಿ (SC),A C Srinivasa,ಎ. ಸಿ. ಶ್ರೀನಿವಾಸ,INC,ಕಾಂಗ್ರೆಸ್ (INC),87316,67.3,Akanda Srinivasa Murthy R,Akanda ಶ್ರೀನಿವಾಸ Murthy ಆರ್.,BSP,BSP,25106,62210,#1f77b4
2023,160,Sarvagnanagar,ಸರ್ವಜ್ಞನಗರ,sarvagnanagar,sarvagnanagar_assembly_constituency,nan,ಸಾಮಾನ್ಯ,Kelachandra Joseph George,Kelachandra Joseph George,INC,ಕಾಂಗ್ರೆಸ್ (INC),118783,61.7,Padmanabha Reddy,Padmanabha ರೆಡ್ಡಿ,BJP,ಬಿಜೆಪಿ (BJP),63015,55768,#1f77b4
2023,161,C.V. Raman Nagar,ಸಿ. ವಿ. Raman Nagar,cvramannagar,cv_raman_nagar_assembly_constituency,SC,ಪರಿಶಿಷ್ಟ ಜಾತಿ (SC),S. Raghu,ಎಸ್. Raghu,BJP,ಬಿಜೆಪಿ (BJP),69228,54.4,Anand Kumar. S,ಆನಂದ್ ಕುಮಾರ್ ಎಸ್.,INC,ಕಾಂಗ್ರೆಸ್ (INC),52833,16395,#ff7f0e
2023,162,Shivajinagar,ಶಿವಾಜಿನಗರ,shivajinagar,shivajinagar_assembly_constituency,nan,ಸಾಮಾನ್ಯ,Rizwan Arshad,Rizwan Arshad,INC,ಕಾಂಗ್ರೆಸ್ (INC),64913,59.4,Chandra.N.,Chandra ಎನ್.,BJP,ಬಿಜೆಪಿ (BJP),41719,23194,#1f77b4
2023,163,Shanthinagar,ಶಾಂತಿ ನಗರ,shanthinagar,shanthinagar_assembly_constituency,SC,ಪರಿಶಿಷ್ಟ ಜಾತಿ (SC),N. A. Haris,ಎನ್. ಎ. Haris,INC,ಕಾಂಗ್ರೆಸ್ (INC),61030,51.5,K Shivakumar,ಕೆ. ಶಿವಕುಮಾರ್,BJP,ಬಿಜೆಪಿ (BJP),53905,7125,#1f77b4
2023,164,Gandhinagar,ಗಾಂಧಿ ನಗರ,gandhinagar,gandhinagar_assembly_constituency,nan,ಸಾಮಾನ್ಯ,Dinesh Gundu Rao,Dinesh Gundu ರಾವ್,INC,ಕಾಂಗ್ರೆಸ್ (INC),54118,41.3,Sapthagiri Gowda A R,Sapthagiri ಗೌಡ ಎ. ಆರ್.,BJP,ಬಿಜೆಪಿ (BJP),54013,105,#1f77b4
2023,165,Rajajinagar,ರಾಜಾಜಿ ನಗರ,rajajinagar,rajajinagar_assembly_constituency,nan,ಸಾಮಾನ್ಯ,S.Suresh Kumar,ಎಸ್. Suresh ಕುಮಾರ್,BJP,ಬಿಜೆಪಿ (BJP),58624,50.3,Puttanna,Puttanna,INC,ಕಾಂಗ್ರೆಸ್ (INC),50564,8060,#ff7f0e
2023,166,Govindraj Nagar,ಗೋವಿಂದರಾಜ ನಗರ,govindrajnagar,govindraj_nagar_assembly_constituency,nan,ಸಾಮಾನ್ಯ,Priyakrishna,Priyakrishna,INC,ಕಾಂಗ್ರೆಸ್ (INC),82134,51.4,K. Umesh Shetty,ಕೆ. ಉಮೇಶ್ Shetty,BJP,ಬಿಜೆಪಿ (BJP),69618,12516,#1f77b4
2023,167,Vijayanagar,ವಿಜಯ ನಗರ,vijayanagar,vijayanagar_assembly_constituency,nan,ಸಾಮಾನ್ಯ,M.Krishnappa,ಎಂ. Krishnappa,INC,ಕಾಂಗ್ರೆಸ್ (INC),80157,51.0,H Ravindra,ಎಚ್. Ravindra,BJP,ಬಿಜೆಪಿ (BJP),72833,7324,#1f77b4
2023,168,Chamarajapet,Chamarajapet,chamarajapet,chamarajapet_assembly_constituency,nan,ಸಾಮಾನ್ಯ,B.Z.Zameer Ahmed Khan,ಬಿ. ಜೆಡ್. Zameer Ahmed Khan,INC,ಕಾಂಗ್ರೆಸ್ (INC),77631,62.8,Bhaskar Rao,Bhaskar ರಾವ್,BJP,ಬಿಜೆಪಿ (BJP),23678,53953,#1f77b4
2023,169,Chickpet,ಚಿಕ್ಕಪೇಟೆ,chickpet,chickpet_assembly_constituency,nan,ಸಾಮಾನ್ಯ,Uday B. Garudachar,Uday ಬಿ. Garudachar,BJP,ಬಿಜೆಪಿ (BJP),57299,44.9,R. V. Devraj,ಆರ್. ವಿ. Devraj,INC,ಕಾಂಗ್ರೆಸ್ (INC),45186,12113,#ff7f0e
2023,170,Basavanagudi,ಬಸವನಗುಡಿ,basavanagudi,basavanagudi_assembly_constituency,nan,ಸಾಮಾನ್ಯ,Ravi Subramanya L.A.,Ravi Subramanya ಎಲ್. ಎ.,BJP,ಬಿಜೆಪಿ (BJP),78854,62.3,U.B.Venkatesh,ಯು. ಬಿ. Venkatesh,INC,ಕಾಂಗ್ರೆಸ್ (INC),23876,54978,#ff7f0e
2023,171,Padmanabanagar,Padmanabanagar,padmanabanagar,padmanabanagar_assembly_constituency,nan,ಸಾಮಾನ್ಯ,R. Ashoka,ಆರ್. Ashoka,BJP,ಬಿಜೆಪಿ (BJP),98750,62.6,V. Raghunatha Naidu,ವಿ. Raghunatha Naidu,INC,ಕಾಂಗ್ರೆಸ್ (INC),43575,55175,#ff7f0e
2023,172,B.T.M.Layout,ಬಿ. ಟಿ. ಎಂ. Layout,btmlayout,btmlayout_assembly_constituency,nan,ಸಾಮಾನ್ಯ,Ramalinga Reddy,ರಾಮಲಿಂಗ ರೆಡ್ಡಿ,INC,ಕಾಂಗ್ರೆಸ್ (INC),68557,51.4,K.R.Sridhara,ಕೆ. ಆರ್. Sridhara,BJP,ಬಿಜೆಪಿ (BJP),59335,9222,#1f77b4
2023,173,Jayanagar,ಜಯನಗರ,jayanagar,jayanagar_assembly_constituency,nan,ಸಾಮಾನ್ಯ,C K Ramamurthy,ಸಿ. ಕೆ. Ramamurthy,BJP,ಬಿಜೆಪಿ (BJP),57797,48.3,Sowmya Reddy,Sowmya ರೆಡ್ಡಿ,INC,ಕಾಂಗ್ರೆಸ್ (INC),57781,16,#ff7f0e
2023,174,Mahadevapura,ಮಹದೇವಪುರ,mahadevapura,mahadevapura_assembly_constituency,SC,ಪರಿಶಿಷ್ಟ ಜಾತಿ (SC),Manjula S,Manjula ಎಸ್.,BJP,ಬಿಜೆಪಿ (BJP),181731,55.1,H Nagesh,ಎಚ್. Nagesh,INC,ಕಾಂಗ್ರೆಸ್ (INC),137230,44501,#ff7f0e
2023,175,Bommanahalli,ಬೊಮ್ಮನಹಳ್ಳಿ,bommanahalli,bommanahalli_assembly_constituency,nan,ಸಾಮಾನ್ಯ,Sathish Reddy .M,Sathish ರೆಡ್ಡಿ ಎಂ.,BJP,ಬಿಜೆಪಿ (BJP),113574,53.4,Umapathy Srinivasa Gowda,Umapathy ಶ್ರೀನಿವಾಸ ಗೌಡ,INC,ಕಾಂಗ್ರೆಸ್ (INC),89359,24215,#ff7f0e
2023,176,Bangalore South,ಬೆಂಗಳೂರು ದಕ್ಷಿಣ,bangaloresouth,bangalore_south_assembly_constituency,nan,ಸಾಮಾನ್ಯ,M Krishnappa,ಎಂ. Krishnappa,BJP,ಬಿಜೆಪಿ (BJP),196220,51.9,R K Ramesh,ಆರ್. ಕೆ. ರಮೇಶ್,INC,ಕಾಂಗ್ರೆಸ್ (INC),146521,49699,#ff7f0e
2023,177,Anekal,ಆನೇಕಲ್,anekal,anekal_assembly_constituency,SC,ಪರಿಶಿಷ್ಟ ಜಾತಿ (SC),B. Shivanna,ಬಿ. ಶಿವಣ್ಣ,INC,ಕಾಂಗ್ರೆಸ್ (INC),134797,54.1,Srinivas. C. Hullahalli,ಶ್ರೀನಿವಾಸ್ ಸಿ. ಹುಲ್ಲಹಳ್ಳಿ,BJP,ಬಿಜೆಪಿ (BJP),103472,31325,#1f77b4
2023,178,Hosakote,ಹೊಸಕೋಟೆ,hosakote,hosakote_assembly_constituency,nan,ಸಾಮಾನ್ಯ,Sharath Kumar Bachegowda,Sharath ಕುಮಾರ್ Bachegowda,INC,ಕಾಂಗ್ರೆಸ್ (INC),107220,50.2,N Nagaraju,ಎನ್. Nagaraju,BJP,ಬಿಜೆಪಿ (BJP),102145,5075,#1f77b4
2023,179,Devanahalli,ದೇವನಹಳ್ಳಿ,devanahalli,devanahalli_assembly_constituency,SC,ಪರಿಶಿಷ್ಟ ಜಾತಿ (SC),K.H.Muniyappa,ಕೆ. ಎಚ್. Muniyappa,INC,ಕಾಂಗ್ರೆಸ್ (INC),73058,40.8,Nisarga Narayanaswamy L.N,Nisarga Narayanaswamy ಎಲ್. ಎನ್.,JD(S),ಜೆಡಿಎಸ್ (JD-S),68427,4631,#1f77b4
2023,180,Doddaballapur,ದೊಡ್ಡಬಳ್ಳಾಪುರ,doddaballapur,doddaballapur_assembly_constituency,nan,ಸಾಮಾನ್ಯ,Dheeraj Muniraj,Dheeraj Muniraj,BJP,ಬಿಜೆಪಿ (BJP),85144,46.9,T.Venkataramanaiah (Appakaranahalli T.Venkatesh),ಟಿ. Venkataramanaiah ( Appakaranahalli ಟಿ. Venkatesh ),INC,ಕಾಂಗ್ರೆಸ್ (INC),53391,31753,#ff7f0e
2023,181,Nelamangala,ನೆಲಮಂಗಲ,nelamangala,nelamangala_assembly_constituency,SC,ಪರಿಶಿಷ್ಟ ಜಾತಿ (SC),Shreenivasaiah N,Shreenivasaiah ಎನ್.,INC,ಕಾಂಗ್ರೆಸ್ (INC),84229,49.0,Dr. K.Srinivasamurthy,ಡಾ. ಕೆ. Srinivasamurthy,JD(S),ಜೆಡಿಎಸ್ (JD-S),52251,31978,#1f77b4
2023,182,Magadi,ಮಾಗಡಿ,magadi,magadi_assembly_constituency,nan,ಸಾಮಾನ್ಯ,H. C. Balakrishna,ಎಚ್. ಸಿ. Balakrishna,INC,ಕಾಂಗ್ರೆಸ್ (INC),94650,46.9,A. Manjunath.,ಎ. Manjunath,JD(S),ಜೆಡಿಎಸ್ (JD-S),82811,11839,#1f77b4
2023,183,Ramanagaram,Ramanagaram,ramanagaram,ramanagaram_assembly_constituency,nan,ಸಾಮಾನ್ಯ,H. A. Iqbal Hussain,ಎಚ್. ಎ. Iqbal Hussain,INC,ಕಾಂಗ್ರೆಸ್ (INC),87690,48.2,Nikhil Kumaraswamy,ನಿಖಿಲ್ Kumaraswamy,JD(S),ಜೆಡಿಎಸ್ (JD-S),76975,10715,#1f77b4
2023,184,Kanakapura,ಕನಕಪುರ,kanakapura,kanakapura_assembly_constituency,nan,ಸಾಮಾನ್ಯ,D K Shivakumar,ಡಿ. ಕೆ. ಶಿವಕುಮಾರ್,INC,ಕಾಂಗ್ರೆಸ್ (INC),143023,75.3,B Nagaraju,ಬಿ. Nagaraju,JD(S),ಜೆಡಿಎಸ್ (JD-S),20631,122392,#1f77b4
2023,185,Channapatna,ಚನ್ನಪಟ್ಟಣ,channapatna,channapatna_assembly_constituency,nan,ಸಾಮಾನ್ಯ,H.D. Kumaraswamy,ಎಚ್. ಡಿ. Kumaraswamy,JD(S),ಜೆಡಿಎಸ್ (JD-S),96592,49.1,C.P. Yogeshwara,ಸಿ. ಪಿ. Yogeshwara,BJP,ಬಿಜೆಪಿ (BJP),80677,15915,#31a354
2023,186,Malavalli,ಮಳವಳ್ಳಿ,malavalli,malavalli_assembly_constituency,SC,ಪರಿಶಿಷ್ಟ ಜಾತಿ (SC),P.M.Narendraswamy,ಪಿ. ಎಂ. Narendraswamy,INC,ಕಾಂಗ್ರೆಸ್ (INC),106498,54.1,Dr|| K. Annadani,ಡಾ. ಕೆ. Annadani,JD(S),ಜೆಡಿಎಸ್ (JD-S),59652,46846,#1f77b4
2023,187,Maddur,ಮದ್ದೂರು,maddur,maddur_assembly_constituency,nan,ಸಾಮಾನ್ಯ,Udaya.K.M,Udaya ಕೆ. ಎಂ.,INC,ಕಾಂಗ್ರೆಸ್ (INC),87019,47.6,D.C.Thammanna,ಡಿ. ಸಿ. Thammanna,JD(S),ಜೆಡಿಎಸ್ (JD-S),62906,24113,#1f77b4
2023,188,Melukote,ಮೇಲುಕೋಟೆ,melukote,melukote_assembly_constituency,nan,ಸಾಮಾನ್ಯ,Dharshan Puttannaiah,Dharshan Puttannaiah,SKP,ಎಸ್‌.ಕೆ.ಪಿ (SKP),91151,49.7,C. S. Puttaraju,ಸಿ. ಎಸ್. Puttaraju,JD(S),ಜೆಡಿಎಸ್ (JD-S),80289,10862,#e377c2
2023,189,Mandya,ಮಂಡ್ಯ,mandya,mandya_assembly_constituency,nan,ಸಾಮಾನ್ಯ,Ravikumar Gowda (Ganiga),Ravikumar ಗೌಡ ( Ganiga ),INC,ಕಾಂಗ್ರೆಸ್ (INC),61411,35.4,B.R. Ramachandra,ಬಿ. ಆರ್. Ramachandra,JD(S),ಜೆಡಿಎಸ್ (JD-S),59392,2019,#1f77b4
2023,190,Shrirangapattana,Shrirangapattana,shrirangapattana,shrirangapattana_assembly_constituency,nan,ಸಾಮಾನ್ಯ,A.B. Ramesha Bandisiddegowda,ಎ. ಬಿ. Ramesha Bandisiddegowda,INC,ಕಾಂಗ್ರೆಸ್ (INC),72817,39.5,Ravindra Srikantaiah,Ravindra Srikantaiah,JD(S),ಜೆಡಿಎಸ್ (JD-S),61680,11137,#1f77b4
2023,191,Nagamangala,ನಾಗಮಂಗಲ,nagamangala,nagamangala_assembly_constituency,nan,ಸಾಮಾನ್ಯ,N. Chaluvarayaswamy,ಎನ್. Chaluvarayaswamy,INC,ಕಾಂಗ್ರೆಸ್ (INC),90634,47.3,Sureshgowdaa,Sureshgowdaa,JD(S),ಜೆಡಿಎಸ್ (JD-S),86220,4414,#1f77b4
2023,192,Krishnarajapete,Krishnarajapete,krishnarajapete,krishnarajapete_assembly_constituency,nan,ಸಾಮಾನ್ಯ,H.T.Manju,ಎಚ್. ಟಿ. ಮಂಜು,JD(S),ಜೆಡಿಎಸ್ (JD-S),80646,42.7,B.L.Devaraja,ಬಿ. ಎಲ್. Devaraja,INC,ಕಾಂಗ್ರೆಸ್ (INC),58302,22344,#31a354
2023,193,Shravanabelagola,ಶ್ರವಣಬೆಳಗೊಳ,shravanabelagola,shravanabelagola_assembly_constituency,nan,ಸಾಮಾನ್ಯ,C.N. Balakrishna,ಸಿ. ಎನ್. Balakrishna,JD(S),ಜೆಡಿಎಸ್ (JD-S),85668,49.1,M.A. Gopalaswamy,ಎಂ. ಎ. Gopalaswamy,INC,ಕಾಂಗ್ರೆಸ್ (INC),79023,6645,#31a354
2023,194,Arsikere,ಅರಸೀಕೆರೆ,arsikere,arsikere_assembly_constituency,nan,ಸಾಮಾನ್ಯ,K.M. Shivalinge Gowda,ಕೆ. ಎಂ. Shivalinge ಗೌಡ,INC,ಕಾಂಗ್ರೆಸ್ (INC),98375,53.0,N.R. Santhosh,ಎನ್. ಆರ್. Santhosh,JD(S),ಜೆಡಿಎಸ್ (JD-S),78198,20177,#1f77b4
2023,195,Belur,ಬೇಲೂರು,belur,belur_assembly_constituency,nan,ಸಾಮಾನ್ಯ,H.K. Suresh (Hullalli Suresh),ಎಚ್. ಕೆ. Suresh ( Hullalli Suresh ),BJP,ಬಿಜೆಪಿ (BJP),63571,38.9,B. Shivaramu,ಬಿ. Shivaramu,INC,ಕಾಂಗ್ರೆಸ್ (INC),55835,7736,#ff7f0e
2023,196,Hassan,ಹಾಸನ,hassan,hassan_assembly_constituency,nan,ಸಾಮಾನ್ಯ,Swaroop Prakash,Swaroop ಪ್ರಕಾಶ್,JD(S),ಜೆಡಿಎಸ್ (JD-S),85176,50.1,Preetham J. Gowda,Preetham ಜೆ. ಗೌಡ,BJP,ಬಿಜೆಪಿ (BJP),77322,7854,#31a354
2023,197,Holenarasipur,ಹೊಳೆನರಸೀಪುರ,holenarasipur,holenarasipur_assembly_constituency,nan,ಸಾಮಾನ್ಯ,H.D. Revanna,ಎಚ್. ಡಿ. Revanna,JD(S),ಜೆಡಿಎಸ್ (JD-S),88103,47.7,Shreyas M Patel,Shreyas ಎಂ. Patel,INC,ಕಾಂಗ್ರೆಸ್ (INC),84951,3152,#31a354
2023,198,Arkalgud,ಅರಕಲಗೂಡು,arkalgud,arkalgud_assembly_constituency,nan,ಸಾಮಾನ್ಯ,A. Manju,ಎ. ಮಂಜು,JD(S),ಜೆಡಿಎಸ್ (JD-S),74643,38.6,M.T. Krishnegowda,ಎಂ. ಟಿ. Krishnegowda,IND,ಪಕ್ಷೇತರ (IND),55038,19605,#31a354
2023,199,Sakleshpur,ಸಕಲೇಶಪುರ,sakleshpur,sakleshpur_assembly_constituency,SC,ಪರಿಶಿಷ್ಟ ಜಾತಿ (SC),Cement Manju,Cement ಮಂಜು,BJP,ಬಿಜೆಪಿ (BJP),58604,35.8,Kumaraswamy H.K,Kumaraswamy ಎಚ್. ಕೆ.,JD(S),ಜೆಡಿಎಸ್ (JD-S),56548,2056,#ff7f0e
2023,200,Belthangady,ಬೆಳ್ತಂಗಡಿ,belthangady,belthangady_assembly_constituency,nan,ಸಾಮಾನ್ಯ,Harish Poonja,Harish Poonja,BJP,ಬಿಜೆಪಿ (BJP),101004,53.7,Rakshith Shivaram,Rakshith Shivaram,INC,ಕಾಂಗ್ರೆಸ್ (INC),82788,18216,#ff7f0e
2023,201,Moodabidri,ಮೂಡಬಿದಿರೆ,moodabidri,moodabidri_assembly_constituency,nan,ಸಾಮಾನ್ಯ,Umanatha Kotian,Umanatha Kotian,BJP,ಬಿಜೆಪಿ (BJP),86925,55.1,Mithun M Rai,Mithun ಎಂ. Rai,INC,ಕಾಂಗ್ರೆಸ್ (INC),64457,22468,#ff7f0e
2023,202,Mangalore City North,ಮಂಗಳೂರು ನಗರ ಉತ್ತರ,mangalorecitynorth,mangalore_city_north_assembly_constituency,nan,ಸಾಮಾನ್ಯ,Bharath Shetty. Y.,Bharath Shetty ವೈ.,BJP,ಬಿಜೆಪಿ (BJP),103531,57.1,Inayath Ali,Inayath Ali,INC,ಕಾಂಗ್ರೆಸ್ (INC),70609,32922,#ff7f0e
2023,203,Mangalore City South,ಮಂಗಳೂರು ನಗರ ದಕ್ಷಿಣ,mangalorecitysouth,mangalore_city_south_assembly_constituency,nan,ಸಾಮಾನ್ಯ,D.Vedavyasa Kamath,ಡಿ. Vedavyasa Kamath,BJP,ಬಿಜೆಪಿ (BJP),91437,56.9,J.R.Lobo,ಜೆ. ಆರ್. Lobo,INC,ಕಾಂಗ್ರೆಸ್ (INC),67475,23962,#ff7f0e
2023,204,Mangalore,ಮಂಗಳೂರು,mangalore,mangalore_assembly_constituency,nan,ಸಾಮಾನ್ಯ,U.T. Khader Fareed,ಯು. ಟಿ. Khader Fareed,INC,ಕಾಂಗ್ರೆಸ್ (INC),83219,52.2,Sathish Kumpala,Sathish Kumpala,BJP,ಬಿಜೆಪಿ (BJP),60429,22790,#1f77b4
2023,205,Bantwal,Bantwal,bantwal,bantwal_assembly_constituency,nan,ಸಾಮಾನ್ಯ,Rajesh Naik U,Rajesh ನಾಯಕ್ ಯು.,BJP,ಬಿಜೆಪಿ (BJP),93324,50.5,B. Ramanath Rai,ಬಿ. Ramanath Rai,INC,ಕಾಂಗ್ರೆಸ್ (INC),85042,8282,#ff7f0e
2023,206,Puttur,ಪುತ್ತೂರು,puttur,puttur_assembly_constituency,nan,ಸಾಮಾನ್ಯ,Ashok Kumar Rai,Ashok ಕುಮಾರ್ Rai,INC,ಕಾಂಗ್ರೆಸ್ (INC),66607,38.7,Arun Kumar Puthila,Arun ಕುಮಾರ್ Puthila,IND,ಪಕ್ಷೇತರ (IND),62458,4149,#1f77b4
2023,207,Sullia,ಸುಳ್ಯ,sullia,sullia_assembly_constituency,SC,ಪರಿಶಿಷ್ಟ ಜಾತಿ (SC),Bhagirathi Murulya,Bhagirathi Murulya,BJP,ಬಿಜೆಪಿ (BJP),93911,57.9,G. Krishnappa Ramakunja.,ಜಿ. Krishnappa Ramakunja,INC,ಕಾಂಗ್ರೆಸ್ (INC),63037,30874,#ff7f0e
2023,208,Madikeri,ಮಡಿಕೇರಿ,madikeri,madikeri_assembly_constituency,nan,ಸಾಮಾನ್ಯ,Dr. Mantar Gowda,ಡಾ. Mantar ಗೌಡ,INC,ಕಾಂಗ್ರೆಸ್ (INC),84879,48.3,Appachu Ranjan M. P,Appachu Ranjan ಎಂ. ಪಿ.,BJP,ಬಿಜೆಪಿ (BJP),80477,4402,#1f77b4
2023,209,Virajpet,ವಿರಾಜಪೇಟೆ,virajpet,virajpet_assembly_constituency,nan,ಸಾಮಾನ್ಯ,A.S.Ponnanna,ಎ. ಎಸ್. Ponnanna,INC,ಕಾಂಗ್ರೆಸ್ (INC),83791,50.4,K.G.Bopaiah,ಕೆ. ಜಿ. Bopaiah,BJP,ಬಿಜೆಪಿ (BJP),79500,4291,#1f77b4
2023,210,Periyapatna,ಪಿರಿಯಾಪಟ್ಟಣ,periyapatna,periyapatna_assembly_constituency,nan,ಸಾಮಾನ್ಯ,K. Venkatesh,ಕೆ. Venkatesh,INC,ಕಾಂಗ್ರೆಸ್ (INC),85944,52.2,K. Mahadeva,ಕೆ. Mahadeva,JD(S),ಜೆಡಿಎಸ್ (JD-S),66269,19675,#1f77b4
2023,211,Krishnarajanagara,Krishnarajanagara,krishnarajanagara,krishnarajanagara_assembly_constituency,nan,ಸಾಮಾನ್ಯ,Ravishankar.D.,Ravishankar ಡಿ.,INC,ಕಾಂಗ್ರೆಸ್ (INC),104502,55.5,Sa.Ra. Mahesh.,Sa Ra Mahesh,JD(S),ಜೆಡಿಎಸ್ (JD-S),78863,25639,#1f77b4
2023,212,Hunasuru,Hunasuru,hunasuru,hunasuru_assembly_constituency,nan,ಸಾಮಾನ್ಯ,G.D. Harish Gowda,ಜಿ. ಡಿ. Harish ಗೌಡ,JD(S),ಜೆಡಿಎಸ್ (JD-S),94666,47.3,H.P.Manjunath,ಎಚ್. ಪಿ. Manjunath,INC,ಕಾಂಗ್ರೆಸ್ (INC),92254,2412,#31a354
2023,213,Heggadadevanakote,Heggadadevanakote,heggadadevanakote,heggadadevanakote_assembly_constituency,SC,ಪರಿಶಿಷ್ಟ ಜಾತಿ (SC),Anil Chikkamadhu,Anil Chikkamadhu,INC,ಕಾಂಗ್ರೆಸ್ (INC),84359,46.6,K.M. Krishnanayaka,ಕೆ. ಎಂ. Krishnanayaka,BJP,ಬಿಜೆಪಿ (BJP),49420,34939,#1f77b4
2023,214,Nanjangud,ನಂಜನಗೂಡು,nanjangud,nanjangud_assembly_constituency,SC,ಪರಿಶಿಷ್ಟ ಜಾತಿ (SC),Darshan Dhruvanarayana,Darshan Dhruvanarayana,INC,ಕಾಂಗ್ರೆಸ್ (INC),109125,62.6,B. Harshavardhan,ಬಿ. Harshavardhan,BJP,ಬಿಜೆಪಿ (BJP),61518,47607,#1f77b4
2023,215,Chamundeshwari,ಚಾಮುಂಡೇಶ್ವರಿ,chamundeshwari,chamundeshwari_assembly_constituency,nan,ಸಾಮಾನ್ಯ,G. T. Devegowda,ಜಿ. ಟಿ. Devegowda,JD(S),ಜೆಡಿಎಸ್ (JD-S),104873,42.8,S. Siddegowda,ಎಸ್. Siddegowda,INC,ಕಾಂಗ್ರೆಸ್ (INC),79373,25500,#31a354
2023,216,Krishnaraja,Krishnaraja,krishnaraja,krishnaraja_assembly_constituency,nan,ಸಾಮಾನ್ಯ,T.S. Srivathsa,ಟಿ. ಎಸ್. Srivathsa,BJP,ಬಿಜೆಪಿ (BJP),73670,49.4,M.K. Somashekar,ಎಂ. ಕೆ. Somashekar,INC,ಕಾಂಗ್ರೆಸ್ (INC),66457,7213,#ff7f0e
2023,217,Chamaraja,ಚಾಮರಾಜ,chamaraja,chamaraja_assembly_constituency,nan,ಸಾಮಾನ್ಯ,K. Harish Gowda,ಕೆ. Harish ಗೌಡ,INC,ಕಾಂಗ್ರೆಸ್ (INC),72931,48.8,L. Nagendra.,ಎಲ್. Nagendra,BJP,ಬಿಜೆಪಿ (BJP),68837,4094,#1f77b4
2023,218,Narasimharaja,ನರಸಿಂಹರಾಜ,narasimharaja,narasimharaja_assembly_constituency,nan,ಸಾಮಾನ್ಯ,Tanveer Sait,Tanveer ಸೇಟ್,INC,ಕಾಂಗ್ರೆಸ್ (INC),83480,45.4,S. Satheesh Sandesh Swamy,ಎಸ್. Satheesh Sandesh ಸ್ವಾಮಿ,BJP,ಬಿಜೆಪಿ (BJP),52360,31120,#1f77b4
2023,219,Varuna,ವರುಣ,varuna,varuna_assembly_constituency,nan,ಸಾಮಾನ್ಯ,Siddaramaiah,ಸಿದ್ದರಾಮಯ್ಯ,INC,ಕಾಂಗ್ರೆಸ್ (INC),119816,60.3,V. Somanna,ವಿ. Somanna,BJP,ಬಿಜೆಪಿ (BJP),73653,46163,#1f77b4
2023,220,T.Narasipur,ಟಿ. Narasipur,tnarasipur,tnarasipur_assembly_constituency,SC,ಪರಿಶಿಷ್ಟ ಜಾತಿ (SC),Dr. H C Mahadevappa,ಡಾ. ಎಚ್. ಸಿ. ಮಹಾದೇವಪ್ಪ,INC,ಕಾಂಗ್ರೆಸ್ (INC),77884,48.4,Ashvin Kumar M,Ashvin ಕುಮಾರ್ ಎಂ.,JD(S),ಜೆಡಿಎಸ್ (JD-S),59265,18619,#1f77b4
2023,221,Hanur,ಹನೂರು,hanur,hanur_assembly_constituency,nan,ಸಾಮಾನ್ಯ,M.R. Manjunath,ಎಂ. ಆರ್. Manjunath,JD(S),ಜೆಡಿಎಸ್ (JD-S),75632,42.1,R. Narendra,ಆರ್. Narendra,INC,ಕಾಂಗ್ರೆಸ್ (INC),57978,17654,#31a354
2023,222,Kollegal,ಕೊಳ್ಳೇಗಾಲ,kollegal,kollegal_assembly_constituency,SC,ಪರಿಶಿಷ್ಟ ಜಾತಿ (SC),A.R.Krishnamurthy,ಎ. ಆರ್. Krishnamurthy,INC,ಕಾಂಗ್ರೆಸ್ (INC),108363,65.2,N.Mahesh,ಎನ್. Mahesh,BJP,ಬಿಜೆಪಿ (BJP),48844,59519,#1f77b4
2023,223,Chamarajanagar,ಚಾಮರಾಜನಗರ,chamarajanagar,chamarajanagar_assembly_constituency,nan,ಸಾಮಾನ್ಯ,C. Puttarangashetty,ಸಿ. Puttarangashetty,INC,ಕಾಂಗ್ರೆಸ್ (INC),83858,48.7,V.Somanna,ವಿ. Somanna,BJP,ಬಿಜೆಪಿ (BJP),76325,7533,#1f77b4
2023,224,Gundlupet,ಗುಂಡ್ಲುಪೇಟೆ,gundlupet,gundlupet_assembly_constituency,nan,ಸಾಮಾನ್ಯ,H.M.Ganesh Prasad,ಎಚ್. ಎಂ. ಗಣೇಶ್ Prasad,INC,ಕಾಂಗ್ರೆಸ್ (INC),107794,57.8,C.S. Niranjan Kumar,ಸಿ. ಎಸ್. Niranjan ಕುಮಾರ್,BJP,ಬಿಜೆಪಿ (BJP),71119,36675,#1f77b4
2018,1,Nippani,ನಿಪ್ಪಾಣಿ,nippani,nippani_assembly_constituency,nan,ಸಾಮಾನ್ಯ,Jolle Shashikala Annasaheb,ಜೋಲ್ಲೆ ಶಶಿಕಲಾ ಅಣ್ಣಾಸಾಹೇಬ್,BJP,ಬಿಜೆಪಿ (BJP),87006,50.9,Kakaso Pandurang Patil,ಕಾಕಾಸೋ ಪಾಂಡುರಂಗ ಪಾಟೀಲ್,INC,ಕಾಂಗ್ರೆಸ್ (INC),78500,8506,#ff7f0e
2018,2,Chikkodi-Sadalga,ಚಿಕ್ಕೋಡಿ - ಸಡಲಗಾ,chikkodisadalga,chikkodisadalga_assembly_constituency,nan,ಸಾಮಾನ್ಯ,Ganesh Prakash Hukkeri,ಗಣೇಶ್ ಪ್ರಕಾಶ್ ಹುಕ್ಕೇರಿ,INC,ಕಾಂಗ್ರೆಸ್ (INC),91467,51.4,Annasaheb Shankar Jolle,ಅಣ್ಣಾಸಾಹೇಬ್ Shankar ಜೋಲ್ಲೆ,BJP,ಬಿಜೆಪಿ (BJP),80898,10569,#1f77b4
2018,3,Athani,ಅಥಣಿ,athani,athani_assembly_constituency,nan,ಸಾಮಾನ್ಯ,Mahesh Iranagouda Kumathalli,Mahesh Iranagouda ಕುಮಟಳ್ಳಿ,INC,ಕಾಂಗ್ರೆಸ್ (INC),82094,48.4,Laxman Sangappa Savadi,ಲಕ್ಷ್ಮಣ್ ಸಂಗ್ಲಪ್ಪ ಸವದಿ,BJP,ಬಿಜೆಪಿ (BJP),79763,2331,#1f77b4
2018,4,Kagwad,ಕಾಗವಾಡ,kagwad,kagwad_assembly_constituency,nan,ಸಾಮಾನ್ಯ,Shrimant Balasaheb Patil,Shrimant Balasaheb ಪಾಟೀಲ್,INC,ಕಾಂಗ್ರೆಸ್ (INC),83060,57.3,Bharamagouda Alagouda Kage,Bharamagouda ಆಲಗೌಡ ಕಾගේ,BJP,ಬಿಜೆಪಿ (BJP),50118,32942,#1f77b4
2018,5,Kudachi,ಕುಡಚಿ,kudachi,kudachi_assembly_constituency,SC,ಪರಿಶಿಷ್ಟ ಜಾತಿ (SC),P.Rajeev,ಪಿ. Rajeev,BJP,ಬಿಜೆಪಿ (BJP),67781,49.7,Amit Shama Ghatage,Amit Shama Ghatage,INC,ಕಾಂಗ್ರೆಸ್ (INC),52773,15008,#ff7f0e
2018,6,Raybag,ರಾಯಬಾಗ,raybag,raybag_assembly_constituency,SC,ಪರಿಶಿಷ್ಟ ಜಾತಿ (SC),Aihole Duryodhan Mahalingappa,ಐಹೊಳೆ ದುರ್ಯೋಧನ ಮಹಾಲಿಂಗಪ್ಪ,BJP,ಬಿಜೆಪಿ (BJP),67502,45.2,Pradeepkumar Ramu Malage,Pradeepkumar Ramu Malage,INC,ಕಾಂಗ್ರೆಸ್ (INC),50954,16548,#ff7f0e
2018,7,Hukkeri,ಹುಕ್ಕೇರಿ,hukkeri,hukkeri_assembly_constituency,nan,ಸಾಮಾನ್ಯ,Umesh Vishwanath Katti,ಉಮೇಶ್ Vishwanath ಕತ್ತಿ,BJP,ಬಿಜೆಪಿ (BJP),83588,53.6,Appayyagouda Basagouda Patil,Appayyagouda Basagouda ಪಾಟೀಲ್,INC,ಕಾಂಗ್ರೆಸ್ (INC),68203,15385,#ff7f0e
2018,8,Arabhavi,ಅರಭಾವಿ,arabhavi,arabhavi_assembly_constituency,nan,ಸಾಮಾನ್ಯ,Balachandra Lakshmanarao Jarakiholi,ಬಾಲಚಂದ್ರ Lakshmanarao Jarakiholi,BJP,ಬಿಜೆಪಿ (BJP),96144,54.8,Bhimappa Gundappa Gadad,Bhimappa Gundappa Gadad,JD(S),ಜೆಡಿಎಸ್ (JD-S),48816,47328,#ff7f0e
2018,9,Gokak,ಗೋಕಾಕ್,gokak,gokak_assembly_constituency,nan,ಸಾಮಾನ್ಯ,Jarkiholi Ramesh Laxmanrao,ಜಾರಕಿಹೊಳಿ ರಮೇಶ್ ಲಕ್ಷ್ಮಣರಾವ್,INC,ಕಾಂಗ್ರೆಸ್ (INC),90249,52.5,Ashok Ningayyaswami Pujari,Ashok Ningayyaswami ಪೂಜಾರಿ,BJP,ಬಿಜೆಪಿ (BJP),75969,14280,#1f77b4
2018,10,Yemkanmardi,ಯಮಕನಮರಡಿ,yemkanmardi,yemkanmardi_assembly_constituency,ST,ಪರಿಶಿಷ್ಟ ಪಂಗಡ (ST),Satish. L. Jarkiholi,ಸತೀಶ್ ಎಲ್. ಜಾರಕಿಹೊಳಿ,INC,ಕಾಂಗ್ರೆಸ್ (INC),73512,49.7,Astagi Maruti Mallappa,Astagi Maruti Mallappa,BJP,ಬಿಜೆಪಿ (BJP),70662,2850,#1f77b4
2018,11,Belgaum Uttar,ಬೆಳಗಾವಿ ಉತ್ತರ,belgaumuttar,belgaum_uttar_assembly_constituency,nan,ಸಾಮಾನ್ಯ,Anil S Benake,Anil ಎಸ್. Benake,BJP,ಬಿಜೆಪಿ (BJP),79060,54.1,Fairoz Nuruddin Saith,Fairoz Nuruddin Saith,INC,ಕಾಂಗ್ರೆಸ್ (INC),61793,17267,#ff7f0e
2018,12,Belgaum Dakshin,ಬೆಳಗಾವಿ ದಕ್ಷಿಣ,belgaumdakshin,belgaum_dakshin_assembly_constituency,nan,ಸಾಮಾನ್ಯ,Abhay Patil,ಅಭಯ್ ಪಾಟೀಲ್,BJP,ಬಿಜೆಪಿ (BJP),84498,58.2,M D Lakshminarayan (Annayya),ಎಂ. ಡಿ. Lakshminarayan ( Annayya ),INC,ಕಾಂಗ್ರೆಸ್ (INC),25806,58692,#ff7f0e
2018,13,Belgaum Rural,ಬೆಳಗಾವಿ ಗ್ರಾಮಾಂತರ,belgaumrural,belgaum_rural_assembly_constituency,nan,ಸಾಮಾನ್ಯ,Laxmi R Hebbalkar,Laxmi ಆರ್. ಹೆಬ್ಬಾಳಕರ್,INC,ಕಾಂಗ್ರೆಸ್ (INC),102040,55.3,Sanjay B Patil,Sanjay ಬಿ. ಪಾಟೀಲ್,BJP,ಬಿಜೆಪಿ (BJP),50316,51724,#1f77b4
2018,14,Khanapur,ಖಾನಾಪುರ,khanapur,khanapur_assembly_constituency,nan,ಸಾಮಾನ್ಯ,Dr. Anjali Hemant Nimbalkar,ಡಾ. Anjali Hemant Nimbalkar,INC,ಕಾಂಗ್ರೆಸ್ (INC),36649,24.0,Vithal Halagekar,Vithal Halagekar,BJP,ಬಿಜೆಪಿ (BJP),31516,5133,#1f77b4
2018,15,Kittur,ಕಿತ್ತೂರು,kittur,kittur_assembly_constituency,nan,ಸಾಮಾನ್ಯ,Doddagoudar Mahantesh Basavantaray,Doddagoudar Mahantesh Basavantaray,BJP,ಬಿಜೆಪಿ (BJP),73155,49.7,Inamdar Danappagouda Basanagouda,Inamdar Danappagouda Basanagouda,INC,ಕಾಂಗ್ರೆಸ್ (INC),40293,32862,#ff7f0e
2018,16,Bailhongal,ಬೈಲಹೊಂಗಲ,bailhongal,bailhongal_assembly_constituency,nan,ಸಾಮಾನ್ಯ,Koujalagi. Mahantesh. Shivanand.,Koujalagi Mahantesh Shivanand,INC,ಕಾಂಗ್ರೆಸ್ (INC),47040,32.8,Jagdish. Channappa Metgud,Jagdish Channappa Metgud,IND,ಪಕ್ಷೇತರ (IND),41918,5122,#1f77b4
2018,17,Saundatti Yellamma,Saundatti Yellamma,saundattiyellamma,saundatti_yellamma_assembly_constituency,nan,ಸಾಮಾನ್ಯ,Anand @ Vishwanath Chandrashekhar Mamani,ಆನಂದ್ Vishwanath ಚಂದ್ರಶೇಖರ್ ಮಾಮನಿ,BJP,ಬಿಜೆಪಿ (BJP),62480,40.9,Anand Chopra,ಆನಂದ್ Chopra,IND,ಪಕ್ಷೇತರ (IND),56189,6291,#ff7f0e
2018,18,Ramdurg,ರಾಮದುರ್ಗ,ramdurg,ramdurg_assembly_constituency,nan,ಸಾಮಾನ್ಯ,Mahadevappa Shivalingappa Yadawad,ಮಹಾದೇವಪ್ಪ ಶಿವಲಿಂಗಪ್ಪ ಯಾದವಾಡ,BJP,ಬಿಜೆಪಿ (BJP),68349,45.7,Ashok Mahadevappa Pattan,Ashok ಮಹಾದೇವಪ್ಪ Pattan,INC,ಕಾಂಗ್ರೆಸ್ (INC),65474,2875,#ff7f0e
2018,19,Mudhol,ಮುಧೋಳ,mudhol,mudhol_assembly_constituency,SC,ಪರಿಶಿಷ್ಟ ಜಾತಿ (SC),Govind Makthappa Karajol,Govind Makthappa Karajol,BJP,ಬಿಜೆಪಿ (BJP),76431,52.2,Bandiwaddar Satish Chinnappa,Bandiwaddar ಸತೀಶ್ Chinnappa,INC,ಕಾಂಗ್ರೆಸ್ (INC),60949,15482,#ff7f0e
2018,20,Terdal,ತೇರದಾಳ,terdal,terdal_assembly_constituency,nan,ಸಾಮಾನ್ಯ,Siddu Savadi,ಸಿದ್ದು ಸವದಿ,BJP,ಬಿಜೆಪಿ (BJP),87213,51.0,Umashree,Umashree,INC,ಕಾಂಗ್ರೆಸ್ (INC),66324,20889,#ff7f0e
2018,21,Jamkhandi,ಜಮಖಂಡಿ,jamkhandi,jamkhandi_assembly_constituency,nan,ಸಾಮಾನ್ಯ,Siddu Bhimappa Nyamgoud,ಸಿದ್ದು Bhimappa Nyamgoud,INC,ಕಾಂಗ್ರೆಸ್ (INC),49245,32.1,Kulkarni Shrikant Subrao,Kulkarni Shrikant Subrao,BJP,ಬಿಜೆಪಿ (BJP),46450,2795,#1f77b4
2018,22,Bilgi,Bilgi,bilgi,bilgi_assembly_constituency,nan,ಸಾಮಾನ್ಯ,Murugesh Rudrappa Nirani,Murugesh Rudrappa Nirani,BJP,ಬಿಜೆಪಿ (BJP),85135,49.4,Jagadish Timmanagouda Patil,Jagadish Timmanagouda ಪಾಟೀಲ್,INC,ಕಾಂಗ್ರೆಸ್ (INC),80324,4811,#ff7f0e
2018,23,Badami,ಬಾದಾಮಿ,badami,badami_assembly_constituency,nan,ಸಾಮಾನ್ಯ,Siddaramaiah,ಸಿದ್ದರಾಮಯ್ಯ,INC,ಕಾಂಗ್ರೆಸ್ (INC),67599,41.7,B Sreeramulu,ಬಿ. Sreeramulu,BJP,ಬಿಜೆಪಿ (BJP),65903,1696,#1f77b4
2018,24,Bagalkot,ಬಾಗಲಕೋಟೆ,bagalkot,bagalkot_assembly_constituency,nan,ಸಾಮಾನ್ಯ,Veerabhadrayya (Veeranna) Charantimath,Veerabhadrayya ( Veeranna ) Charantimath,BJP,ಬಿಜೆಪಿ (BJP),85653,53.7,Meti Hullappa Yamanappa,Meti Hullappa Yamanappa,INC,ಕಾಂಗ್ರೆಸ್ (INC),69719,15934,#ff7f0e
2018,25,Hungund,ಹುನಗುಂದ,hungund,hungund_assembly_constituency,nan,ಸಾಮಾನ್ಯ,Doddanagouda G Patil,Doddanagouda ಜಿ. ಪಾಟೀಲ್,BJP,ಬಿಜೆಪಿ (BJP),65012,42.0,Kashappanavar Vijayanand Shivashankrappa,Kashappanavar Vijayanand Shivashankrappa,INC,ಕಾಂಗ್ರೆಸ್ (INC),59785,5227,#ff7f0e
2018,26,Muddebihal,Muddebihal,muddebihal,muddebihal_assembly_constituency,nan,ಸಾಮಾನ್ಯ,Ameenappa Gouda S Patil (Nadahalli),Ameenappa Gouda ಎಸ್. ಪಾಟೀಲ್ ( Nadahalli ),BJP,ಬಿಜೆಪಿ (BJP),63512,46.2,Appaji Urf Channabasavaraj Shankararao Nadagouda,Appaji Urf Channabasavaraj Shankararao Nadagouda,INC,ಕಾಂಗ್ರೆಸ್ (INC),54879,8633,#ff7f0e
2018,27,Devara Hippargi,Devara Hippargi,devarahippargi,devara_hippargi_assembly_constituency,nan,ಸಾಮಾನ್ಯ,Somanagouda B Patil (Sasanur),Somanagouda ಬಿ. ಪಾಟೀಲ್ ( Sasanur ),BJP,ಬಿಜೆಪಿ (BJP),48245,35.0,Bhimanagouda (Rajugouda) B Patil,Bhimanagouda ( Rajugouda ) ಬಿ. ಪಾಟೀಲ್,JD(S),ಜೆಡಿಎಸ್ (JD-S),44892,3353,#ff7f0e
2018,28,Basavana Bagevadi,Basavana Bagevadi,basavanabagevadi,basavana_bagevadi_assembly_constituency,nan,ಸಾಮಾನ್ಯ,Shivanand Patil,Shivanand ಪಾಟೀಲ್,INC,ಕಾಂಗ್ರೆಸ್ (INC),58647,40.2,Somanagouda(Appugouda) B Patil(Managuli),Somanagouda ( Appugouda ) ಬಿ. ಪಾಟೀಲ್ ( Managuli ),JD(S),ಜೆಡಿಎಸ್ (JD-S),55461,3186,#1f77b4
2018,29,Babaleshwar,Babaleshwar,babaleshwar,babaleshwar_assembly_constituency,nan,ಸಾಮಾನ್ಯ,Mallanagoud Basanagoud Patil,Mallanagoud Basanagoud ಪಾಟೀಲ್,INC,ಕಾಂಗ್ರೆಸ್ (INC),98339,57.9,Vijayakumar Sidramgouda Patil,Vijayakumar Sidramgouda ಪಾಟೀಲ್,BJP,ಬಿಜೆಪಿ (BJP),68624,29715,#1f77b4
2018,30,Bijapur City,Bijapur City,bijapurcity,bijapur_city_assembly_constituency,nan,ಸಾಮಾನ್ಯ,Basanagoud .R. Patil (Yatnal),Basanagoud ಆರ್. ಪಾಟೀಲ್ ( Yatnal ),BJP,ಬಿಜೆಪಿ (BJP),76308,50.8,Abdul Hameed Mushrif,Abdul Hameed Mushrif,INC,ಕಾಂಗ್ರೆಸ್ (INC),69895,6413,#ff7f0e
2018,31,Nagthan,Nagthan,nagthan,nagthan_assembly_constituency,SC,ಪರಿಶಿಷ್ಟ ಜಾತಿ (SC),Devanand Fulasing Chavan,Devanand Fulasing ಚವಾಣ್,JD(S),ಜೆಡಿಎಸ್ (JD-S),59709,34.3,Katakadond Vittal Dondiba,Katakadond Vittal Dondiba,INC,ಕಾಂಗ್ರೆಸ್ (INC),54108,5601,#31a354
2018,32,Indi,Indi,indi,indi_assembly_constituency,nan,ಸಾಮಾನ್ಯ,Yashvantharaygouda Vittalagouda Patil,Yashvantharaygouda Vittalagouda ಪಾಟೀಲ್,INC,ಕಾಂಗ್ರೆಸ್ (INC),50401,30.2,B D Patil (Hanjagi),ಬಿ. ಡಿ. ಪಾಟೀಲ್ ( Hanjagi ),JD(S),ಜೆಡಿಎಸ್ (JD-S),40463,9938,#1f77b4
2018,33,Sindgi,Sindgi,sindgi,sindgi_assembly_constituency,nan,ಸಾಮಾನ್ಯ,Managuli Mallappa Channaveerappa,Managuli Mallappa Channaveerappa,JD(S),ಜೆಡಿಎಸ್ (JD-S),70865,44.5,Bhusanur Ramesh Balappa,Bhusanur ರಮೇಶ್ ಬಾಳಪ್ಪ,BJP,ಬಿಜೆಪಿ (BJP),61560,9305,#31a354
2018,34,Afzalpur,ಅಫ್ಜಲ್ ಪುರ,afzalpur,afzalpur_assembly_constituency,nan,ಸಾಮಾನ್ಯ,M Y Patil,ಎಂ. ವೈ. ಪಾಟೀಲ್,INC,ಕಾಂಗ್ರೆಸ್ (INC),71735,48.3,Malikayya Guttedar,Malikayya ಗುತ್ತೇದಾರ್,BJP,ಬಿಜೆಪಿ (BJP),61141,10594,#1f77b4
2018,35,Jevargi,Jevargi,jevargi,jevargi_assembly_constituency,nan,ಸಾಮಾನ್ಯ,Ajay Dharam Singh,Ajay Dharam Singh,INC,ಕಾಂಗ್ರೆಸ್ (INC),68508,42.7,Doddappagowda S. Patil Naribol,Doddappagowda ಎಸ್. ಪಾಟೀಲ್ Naribol,BJP,ಬಿಜೆಪಿ (BJP),52452,16056,#1f77b4
2018,36,Shorapur,ಶೋರಾಪುರ,shorapur,shorapur_assembly_constituency,ST,ಪರಿಶಿಷ್ಟ ಪಂಗಡ (ST),Narasimhanayak (Rajugouda),Narasimhanayak ( Rajugouda ),BJP,ಬಿಜೆಪಿ (BJP),104426,53.4,Raja Venkatappa Naik,Raja Venkatappa ನಾಯಕ್,INC,ಕಾಂಗ್ರೆಸ್ (INC),81858,22568,#ff7f0e
2018,37,Shahapur,ಶಹಾಪುರ,shahapur,shahapur_assembly_constituency,nan,ಸಾಮಾನ್ಯ,Sharanabasappa Gouda Darshanapur,Sharanabasappa Gouda Darshanapur,INC,ಕಾಂಗ್ರೆಸ್ (INC),78642,50.7,Guru Patil Sirwal,Guru ಪಾಟೀಲ್ Sirwal,BJP,ಬಿಜೆಪಿ (BJP),47668,30974,#1f77b4
2018,38,Yadgir,ಯಾದಗಿರಿ,yadgir,yadgir_assembly_constituency,nan,ಸಾಮಾನ್ಯ,Venkatreddy Mudnal,Venkatreddy Mudnal,BJP,ಬಿಜೆಪಿ (BJP),62227,43.6,Dr.A B Maalakaraddy,ಡಾ. ಎ. ಬಿ. Maalakaraddy,INC,ಕಾಂಗ್ರೆಸ್ (INC),49346,12881,#ff7f0e
2018,39,Gurmitkal,ಗುರಮಿಟ್ಕಲ್,gurmitkal,gurmitkal_assembly_constituency,nan,ಸಾಮಾನ್ಯ,Nagangouda Kandkur,Nagangouda Kandkur,JD(S),ಜೆಡಿಎಸ್ (JD-S),79627,53.2,Baburao Chinchansur,Baburao Chinchansur,INC,ಕಾಂಗ್ರೆಸ್ (INC),55147,24480,#31a354
2018,40,Chittapur,Chittapur,chittapur,chittapur_assembly_constituency,SC,ಪರಿಶಿಷ್ಟ ಜಾತಿ (SC),Priyank Kharge,ಪ್ರಿಯಾಂಕ್ ಖರ್ಗೆ,INC,ಕಾಂಗ್ರೆಸ್ (INC),69700,50.0,Valmik Naik,Valmik ನಾಯಕ್,BJP,ಬಿಜೆಪಿ (BJP),65307,4393,#1f77b4
2018,41,Sedam,ಸೇಡಂ,sedam,sedam_assembly_constituency,nan,ಸಾಮಾನ್ಯ,Rajkumar Patil,Rajkumar ಪಾಟೀಲ್,BJP,ಬಿಜೆಪಿ (BJP),80668,51.3,Dr. Sharan Prakash Rudrappa Patil,ಡಾ. Sharan ಪ್ರಕಾಶ್ Rudrappa ಪಾಟೀಲ್,INC,ಕಾಂಗ್ರೆಸ್ (INC),73468,7200,#ff7f0e
2018,42,Chincholi,ಚಿಂಚೋಳಿ,chincholi,chincholi_assembly_constituency,SC,ಪರಿಶಿಷ್ಟ ಜಾತಿ (SC),Dr. Umesh G Jadhav,ಡಾ. ಉಮೇಶ್ ಜಿ. Jadhav,INC,ಕಾಂಗ್ರೆಸ್ (INC),73905,56.0,Sunil Y Vallyapure,Sunil ವೈ. Vallyapure,BJP,ಬಿಜೆಪಿ (BJP),54693,19212,#1f77b4
2018,43,Gulbarga Rural,ಕಲಬುರಗಿ ಗ್ರಾಮಾಂತರ,gulbargarural,gulbarga_rural_assembly_constituency,SC,ಪರಿಶಿಷ್ಟ ಜಾತಿ (SC),Basawaraj Mattimud,Basawaraj Mattimud,BJP,ಬಿಜೆಪಿ (BJP),61750,40.9,Vijaykumar G Ramakrishna,Vijaykumar ಜಿ. Ramakrishna,INC,ಕಾಂಗ್ರೆಸ್ (INC),49364,12386,#ff7f0e
2018,44,Gulbarga Dakshin,ಕಲಬುರಗಿ ದಕ್ಷಿಣ,gulbargadakshin,gulbarga_dakshin_assembly_constituency,nan,ಸಾಮಾನ್ಯ,Dattatraya C Patil Revoor Appu Gouda,Dattatraya ಸಿ. ಪಾಟೀಲ್ Revoor Appu Gouda,BJP,ಬಿಜೆಪಿ (BJP),64788,45.2,Allamprabhu Patil,Allamprabhu ಪಾಟೀಲ್,INC,ಕಾಂಗ್ರೆಸ್ (INC),59357,5431,#ff7f0e
2018,45,Gulbarga Uttar,ಕಲಬುರಗಿ ಉತ್ತರ,gulbargauttar,gulbarga_uttar_assembly_constituency,nan,ಸಾಮಾನ್ಯ,Kaneez Fatima,Kaneez Fatima,INC,ಕಾಂಗ್ರೆಸ್ (INC),64311,43.6,Chandrakant B Patil (Chandu Patil),Chandrakant ಬಿ. ಪಾಟೀಲ್ ( Chandu ಪಾಟೀಲ್ ),BJP,ಬಿಜೆಪಿ (BJP),58371,5940,#1f77b4
2018,46,Alland,ಆಳಂದ,alland,alland_assembly_constituency,nan,ಸಾಮಾನ್ಯ,Guttedar Subhash Rukmayya,ಗುತ್ತೇದಾರ್ Subhash Rukmayya,BJP,ಬಿಜೆಪಿ (BJP),76815,48.3,B R Patil,ಬಿ. ಆರ್. ಪಾಟೀಲ್,INC,ಕಾಂಗ್ರೆಸ್ (INC),76118,697,#ff7f0e
2018,47,Basavakalyan,ಬಸವಕಲ್ಯಾಣ,basavakalyan,basavakalyan_assembly_constituency,nan,ಸಾಮಾನ್ಯ,B. Narayanrao,ಬಿ. Narayanrao,INC,ಕಾಂಗ್ರೆಸ್ (INC),61425,42.7,Mallikarjun Son Of Sidramappa Khuba,ಮಲ್ಲಿಕಾರ್ಜುನ್ Son Of Sidramappa Khuba,BJP,ಬಿಜೆಪಿ (BJP),44153,17272,#1f77b4
2018,48,Humnabad,ಹುಮ್ನಾಬಾದ್,humnabad,humnabad_assembly_constituency,nan,ಸಾಮಾನ್ಯ,Rajshekhar,Rajshekhar,INC,ಕಾಂಗ್ರೆಸ್ (INC),74945,47.4,Subhash,Subhash,BJP,ಬಿಜೆಪಿ (BJP),43131,31814,#1f77b4
2018,49,Bidar South,ಬೀದರ್ ದಕ್ಷಿಣ,bidarsouth,bidar_south_assembly_constituency,nan,ಸಾಮಾನ್ಯ,Bandeppa,Bandeppa,JD(S),ಜೆಡಿಎಸ್ (JD-S),55107,40.0,Dr Shailendra Beldale,ಡಾ. Shailendra Beldale,BJP,ಬಿಜೆಪಿ (BJP),42365,12742,#31a354
2018,50,Bidar,ಬೀದರ್,bidar,bidar_assembly_constituency,nan,ಸಾಮಾನ್ಯ,Rahim Khan,Rahim Khan,INC,ಕಾಂಗ್ರೆಸ್ (INC),73270,52.4,Surayakanth Nagmarpalli,Surayakanth Nagmarpalli,BJP,ಬಿಜೆಪಿ (BJP),63025,10245,#1f77b4
2018,51,Bhalki,ಭಾಲ್ಕಿ,bhalki,bhalki_assembly_constituency,nan,ಸಾಮಾನ್ಯ,Eshwar Khandre,Eshwar Khandre,INC,ಕಾಂಗ್ರೆಸ್ (INC),84673,51.0,D K Sidram,ಡಿ. ಕೆ. Sidram,BJP,ಬಿಜೆಪಿ (BJP),63235,21438,#1f77b4
2018,52,Aurad,ಔರಾದ್,aurad,aurad_assembly_constituency,SC,ಪರಿಶಿಷ್ಟ ಜಾತಿ (SC),Prabhu Chauhan,ಪ್ರಭು ಚೌಹಾಣ್,BJP,ಬಿಜೆಪಿ (BJP),75061,51.3,Vijaykumar,Vijaykumar,INC,ಕಾಂಗ್ರೆಸ್ (INC),64469,10592,#ff7f0e
2018,53,Raichur Rural,ರಾಯಚೂರು ಗ್ರಾಮಾಂತರ,raichurrural,raichur_rural_assembly_constituency,ST,ಪರಿಶಿಷ್ಟ ಪಂಗಡ (ST),Basanagouda Daddal,Basanagouda Daddal,INC,ಕಾಂಗ್ರೆಸ್ (INC),66656,41.7,Tipparaju Hawaldar,Tipparaju Hawaldar,BJP,ಬಿಜೆಪಿ (BJP),56692,9964,#1f77b4
2018,54,Raichur,ರಾಯಚೂರು,raichur,raichur_assembly_constituency,nan,ಸಾಮಾನ್ಯ,Dr. Shivaraj Patil,ಡಾ. Shivaraj ಪಾಟೀಲ್,BJP,ಬಿಜೆಪಿ (BJP),56511,45.8,Syed Yaseen,Syed Yaseen,INC,ಕಾಂಗ್ರೆಸ್ (INC),45520,10991,#ff7f0e
2018,55,Manvi,ಮಾನ್ವಿ,manvi,manvi_assembly_constituency,ST,ಪರಿಶಿಷ್ಟ ಪಂಗಡ (ST),Raja Venkatappa Nayak,Raja Venkatappa Nayak,JD(S),ಜೆಡಿಎಸ್ (JD-S),53548,35.2,Dr Tanusree @ Preeti,ಡಾ. Tanusree Preeti,IND,ಪಕ್ಷೇತರ (IND),37733,15815,#31a354
2018,56,Devadurga,ದೇವದುರ್ಗ,devadurga,devadurga_assembly_constituency,ST,ಪರಿಶಿಷ್ಟ ಪಂಗಡ (ST),Shivana Gouda Nayak,Shivana Gouda Nayak,BJP,ಬಿಜೆಪಿ (BJP),67003,43.1,A Rajashekar Nayak,ಎ. Rajashekar Nayak,INC,ಕಾಂಗ್ರೆಸ್ (INC),45958,21045,#ff7f0e
2018,57,Lingsugur,Lingsugur,lingsugur,lingsugur_assembly_constituency,SC,ಪರಿಶಿಷ್ಟ ಜಾತಿ (SC),D. S. Hoolageri,ಡಿ. ಎಸ್. Hoolageri,INC,ಕಾಂಗ್ರೆಸ್ (INC),54230,33.5,Bandi.Siddu,Bandi ಸಿದ್ದು,JD(S),ಜೆಡಿಎಸ್ (JD-S),49284,4946,#1f77b4
2018,58,Sindhanur,ಸಿಂಧನೂರು,sindhanur,sindhanur_assembly_constituency,nan,ಸಾಮಾನ್ಯ,Venkatrao Nadagouda,Venkatrao Nadagouda,JD(S),ಜೆಡಿಎಸ್ (JD-S),71514,44.1,Badarli Hampangouda,Badarli Hampangouda,INC,ಕಾಂಗ್ರೆಸ್ (INC),69917,1597,#31a354
2018,59,Maski,ಮಾಸ್ಕಿ,maski,maski_assembly_constituency,ST,ಪರಿಶಿಷ್ಟ ಪಂಗಡ (ST),Pratapgouda Patil,Pratapgouda ಪಾಟೀಲ್,INC,ಕಾಂಗ್ರೆಸ್ (INC),60387,44.8,Basanagowda-Turvihal,Basanagowda Turvihal,BJP,ಬಿಜೆಪಿ (BJP),60174,213,#1f77b4
2018,60,Kushtagi,ಕುಷ್ಟಗಿ,kushtagi,kushtagi_assembly_constituency,nan,ಸಾಮಾನ್ಯ,Amaregouda Linganagouda Patil Bayyapur,Amaregouda Linganagouda ಪಾಟೀಲ್ Bayyapur,INC,ಕಾಂಗ್ರೆಸ್ (INC),87567,53.3,Doddanagouda Hanamagouda Patil,Doddanagouda Hanamagouda ಪಾಟೀಲ್,BJP,ಬಿಜೆಪಿ (BJP),69536,18031,#1f77b4
2018,61,Kanakagiri,ಕನಕಗಿರಿ,kanakagiri,kanakagiri_assembly_constituency,SC,ಪರಿಶಿಷ್ಟ ಜಾತಿ (SC),Basavaraj Dadesugur,ಬಸವರಾಜ್ Dadesugur,BJP,ಬಿಜೆಪಿ (BJP),87735,52.9,Shivaraj Sangappa Tangadagi,Shivaraj ಸಂಗ್ಲಪ್ಪ Tangadagi,INC,ಕಾಂಗ್ರೆಸ್ (INC),73510,14225,#ff7f0e
2018,62,Gangavathi,ಗಂಗಾವತಿ,gangavathi,gangavathi_assembly_constituency,nan,ಸಾಮಾನ್ಯ,Paranna Eshwarappa Munavalli,Paranna ಈಶ್ವರಪ್ಪ Munavalli,BJP,ಬಿಜೆಪಿ (BJP),67617,46.4,Iqbal Ansari,Iqbal Ansari,INC,ಕಾಂಗ್ರೆಸ್ (INC),59644,7973,#ff7f0e
2018,63,Yelburga,ಯಲಬುರ್ಗಾ,yelburga,yelburga_assembly_constituency,nan,ಸಾಮಾನ್ಯ,Achar Halappa Basappa,Achar Halappa Basappa,BJP,ಬಿಜೆಪಿ (BJP),79072,48.5,Basavaraj Rayareddi,ಬಸವರಾಜ್ Rayareddi,INC,ಕಾಂಗ್ರೆಸ್ (INC),65754,13318,#ff7f0e
2018,64,Koppal,ಕೊಪ್ಪಳ,koppal,koppal_assembly_constituency,nan,ಸಾಮಾನ್ಯ,K. Raghavendra Basavaraj Hitnal,ಕೆ. Raghavendra ಬಸವರಾಜ್ Hitnal,INC,ಕಾಂಗ್ರೆಸ್ (INC),98783,55.1,Amaresh Sanganna Karadi,Amaresh Sanganna Karadi,BJP,ಬಿಜೆಪಿ (BJP),72432,26351,#1f77b4
2018,65,Shirahatti,ಶಿರಹಟ್ಟಿ,shirahatti,shirahatti_assembly_constituency,SC,ಪರಿಶಿಷ್ಟ ಜಾತಿ (SC),Ramappa Sobeppa Lamani,Ramappa Sobeppa Lamani,BJP,ಬಿಜೆಪಿ (BJP),91967,57.7,Doddamani Ramakrishna Shidlingappa,Doddamani Ramakrishna Shidlingappa,INC,ಕಾಂಗ್ರೆಸ್ (INC),61974,29993,#ff7f0e
2018,66,Gadag,ಗದಗ,gadag,gadag_assembly_constituency,nan,ಸಾಮಾನ್ಯ,Hanamantagouda Krishnagouda Patil,Hanamantagouda Krishnagouda ಪಾಟೀಲ್,INC,ಕಾಂಗ್ರೆಸ್ (INC),77699,49.0,Anil Mensinakai,Anil Mensinakai,BJP,ಬಿಜೆಪಿ (BJP),75831,1868,#1f77b4
2018,67,Ron,ರೋಣ,ron,ron_assembly_constituency,nan,ಸಾಮಾನ್ಯ,Kalakappa Bandi,Kalakappa Bandi,BJP,ಬಿಜೆಪಿ (BJP),83735,49.9,Gurupadagouda Patil,Gurupadagouda ಪಾಟೀಲ್,INC,ಕಾಂಗ್ರೆಸ್ (INC),76401,7334,#ff7f0e
2018,68,Naragund,Naragund,naragund,naragund_assembly_constituency,nan,ಸಾಮಾನ್ಯ,Chandrakantagouda Channappagouda Patil,Chandrakantagouda Channappagouda ಪಾಟೀಲ್,BJP,ಬಿಜೆಪಿ (BJP),73045,50.9,Basavaraddi Rangaraddi Yavagal,Basavaraddi Rangaraddi Yavagal,INC,ಕಾಂಗ್ರೆಸ್ (INC),65066,7979,#ff7f0e
2018,69,Navalgund,ನವಲಗುಂದ,navalgund,navalgund_assembly_constituency,nan,ಸಾಮಾನ್ಯ,Shankar B. Patil Munenakoppa,Shankar ಬಿ. ಪಾಟೀಲ್ Munenakoppa,BJP,ಬಿಜೆಪಿ (BJP),65718,41.7,N. H. Konaraddi,ಎನ್. ಎಚ್. Konaraddi,JD(S),ಜೆಡಿಎಸ್ (JD-S),45197,20521,#ff7f0e
2018,70,Kundgol,ಕುಂದಗೋಳ,kundgol,kundgol_assembly_constituency,nan,ಸಾಮಾನ್ಯ,Channabasappa Sathyappa Shivalli,Channabasappa Sathyappa Shivalli,INC,ಕಾಂಗ್ರೆಸ್ (INC),64871,44.3,Chikkanagoudra Siddanagoud Ishwaragod,Chikkanagoudra Siddanagoud Ishwaragod,BJP,ಬಿಜೆಪಿ (BJP),64237,634,#1f77b4
2018,71,Dharwad,ಧಾರವಾಡ,dharwad,dharwad_assembly_constituency,nan,ಸಾಮಾನ್ಯ,Amrut Ayyappa Desai,Amrut Ayyappa ದೇಸಾಯಿ,BJP,ಬಿಜೆಪಿ (BJP),85123,55.4,Vinay Kulkarni,Vinay Kulkarni,INC,ಕಾಂಗ್ರೆಸ್ (INC),64783,20340,#ff7f0e
2018,72,Hubli-Dharwad-East,Hubli Dharwad East,hublidharwadeast,hublidharwadeast_assembly_constituency,SC,ಪರಿಶಿಷ್ಟ ಜಾತಿ (SC),Abbayya Prasad,Abbayya Prasad,INC,ಕಾಂಗ್ರೆಸ್ (INC),77080,57.2,Chandrashekar Gokak,Chandrashekar Gokak,BJP,ಬಿಜೆಪಿ (BJP),55613,21467,#1f77b4
2018,73,Hubli-Dharwad Central,ಹುಬ್ಬಳ್ಳಿ-ಧಾರವಾಡ ಕೇಂದ್ರ,hublidharwadcentral,hublidharwad_central_assembly_constituency,nan,ಸಾಮಾನ್ಯ,Jagadish Shettar,Jagadish ಶೆಟ್ಟರ್,BJP,ಬಿಜೆಪಿ (BJP),75794,51.7,Dr. Mahesh Nalwad,ಡಾ. Mahesh Nalwad,INC,ಕಾಂಗ್ರೆಸ್ (INC),54488,21306,#ff7f0e
2018,74,Hubli-Dharwad- West,Hubli Dharwad West,hublidharwadwest,hublidharwad_west_assembly_constituency,nan,ಸಾಮಾನ್ಯ,Arvind Bellad,Arvind Bellad,BJP,ಬಿಜೆಪಿ (BJP),96462,61.9,Mohammad Ismail Tamatgar,Mohammad Ismail Tamatgar,INC,ಕಾಂಗ್ರೆಸ್ (INC),55975,40487,#ff7f0e
2018,75,Kalghatgi,ಕಲಘಟಗಿ,kalghatgi,kalghatgi_assembly_constituency,nan,ಸಾಮಾನ್ಯ,C M Nimbannavar,ಸಿ. ಎಂ. Nimbannavar,BJP,ಬಿಜೆಪಿ (BJP),83267,55.3,Santosh S Lad,Santosh ಎಸ್. Lad,INC,ಕಾಂಗ್ರೆಸ್ (INC),57270,25997,#ff7f0e
2018,76,Haliyal,ಹಳಿಯಾಳ,haliyal,haliyal_assembly_constituency,nan,ಸಾಮಾನ್ಯ,Deshpande R.V,Deshpande ಆರ್. ವಿ.,INC,ಕಾಂಗ್ರೆಸ್ (INC),61577,46.9,Sunil Hegade,Sunil Hegade,BJP,ಬಿಜೆಪಿ (BJP),56437,5140,#1f77b4
2018,77,Karwar,ಕಾರವಾರ,karwar,karwar_assembly_constituency,nan,ಸಾಮಾನ್ಯ,Roopali Santosh Naik,Roopali Santosh ನಾಯಕ್,BJP,ಬಿಜೆಪಿ (BJP),60339,38.3,Anand Vasant Asnotikar,ಆನಂದ್ Vasant Asnotikar,JD(S),ಜೆಡಿಎಸ್ (JD-S),46275,14064,#ff7f0e
2018,78,Kumta,ಕುಮಟಾ,kumta,kumta_assembly_constituency,nan,ಸಾಮಾನ್ಯ,Dinakar Keshav Shetty,Dinakar Keshav Shetty,BJP,ಬಿಜೆಪಿ (BJP),59392,41.2,Sharada Mohan Shetty,Sharada Mohan Shetty,INC,ಕಾಂಗ್ರೆಸ್ (INC),26642,32750,#ff7f0e
2018,79,Bhatkal,ಭಟ್ಕಳ,bhatkal,bhatkal_assembly_constituency,nan,ಸಾಮಾನ್ಯ,Sunil Biliya Naik,Sunil Biliya ನಾಯಕ್,BJP,ಬಿಜೆಪಿ (BJP),83172,50.7,Mankal Vaidya,Mankal Vaidya,INC,ಕಾಂಗ್ರೆಸ್ (INC),77242,5930,#ff7f0e
2018,80,Sirsi,ಶಿರಸಿ,sirsi,sirsi_assembly_constituency,nan,ಸಾಮಾನ್ಯ,Kageri Vishweshwar Hegde,Kageri Vishweshwar ಹೆಗಡೆ,BJP,ಬಿಜೆಪಿ (BJP),70595,46.1,Bhimanna Naik,Bhimanna ನಾಯಕ್,INC,ಕಾಂಗ್ರೆಸ್ (INC),53134,17461,#ff7f0e
2018,81,Yellapur,ಯಲ್ಲಾಪುರ,yellapur,yellapur_assembly_constituency,nan,ಸಾಮಾನ್ಯ,Arabail Hebbar Shivaram,Arabail Hebbar Shivaram,INC,ಕಾಂಗ್ರೆಸ್ (INC),66290,47.7,Andalagi Veerabhadragouda Shivanagouda Patil,Andalagi Veerabhadragouda Shivanagouda ಪಾಟೀಲ್,BJP,ಬಿಜೆಪಿ (BJP),64807,1483,#1f77b4
2018,82,Hanagal,Hanagal,hanagal,hanagal_assembly_constituency,nan,ಸಾಮಾನ್ಯ,C M Udasi,ಸಿ. ಎಂ. Udasi,BJP,ಬಿಜೆಪಿ (BJP),80529,49.3,Mane Srinivas,Mane ಶ್ರೀನಿವಾಸ್,INC,ಕಾಂಗ್ರೆಸ್ (INC),74015,6514,#ff7f0e
2018,83,Shiggaon,ಶಿಗ್ಗಾಂವಿ,shiggaon,shiggaon_assembly_constituency,nan,ಸಾಮಾನ್ಯ,Basavaraj Bommai,ಬಸವರಾಜ್ ಬೊಮ್ಮಾಯಿ,BJP,ಬಿಜೆಪಿ (BJP),83868,49.3,Sayed Azeempeer Khadri,Sayed Azeempeer Khadri,INC,ಕಾಂಗ್ರೆಸ್ (INC),74603,9265,#ff7f0e
2018,84,Haveri,ಹಾವೇರಿ,haveri,haveri_assembly_constituency,SC,ಪರಿಶಿಷ್ಟ ಜಾತಿ (SC),Neharu Olekar,Neharu Olekar,BJP,ಬಿಜೆಪಿ (BJP),86565,51.4,Rudrappa Lamani,Rudrappa Lamani,INC,ಕಾಂಗ್ರೆಸ್ (INC),75261,11304,#ff7f0e
2018,85,Byadgi,ಬ್ಯಾಡಗಿ,byadgi,byadgi_assembly_constituency,nan,ಸಾಮಾನ್ಯ,Ballary Virupakshappa Rudrappa,Ballary Virupakshappa Rudrappa,BJP,ಬಿಜೆಪಿ (BJP),91721,55.5,S.R.Patil,ಎಸ್. ಆರ್. ಪಾಟೀಲ್,INC,ಕಾಂಗ್ರೆಸ್ (INC),70450,21271,#ff7f0e
2018,86,Hirekerur,ಹಿರೇಕೆರೂರು,hirekerur,hirekerur_assembly_constituency,nan,ಸಾಮಾನ್ಯ,Basavanagouda Patil,Basavanagouda ಪಾಟೀಲ್,INC,ಕಾಂಗ್ರೆಸ್ (INC),72461,48.4,Ujaneshwara Banakar,Ujaneshwara Banakar,BJP,ಬಿಜೆಪಿ (BJP),71906,555,#1f77b4
2018,87,Ranibennur,ರಾಣೆಬೆನ್ನೂರು,ranibennur,ranibennur_assembly_constituency,nan,ಸಾಮಾನ್ಯ,R Shankar S/O M Ramachandra,ಆರ್. Shankar ಎಸ್. ಓ. ಎಂ. Ramachandra,KPJP,KPJP,63910,35.9,Krishnappa Koliwad S/O Bheemappa Koliwad,Krishnappa Koliwad ಎಸ್. ಓ. Bheemappa Koliwad,INC,ಕಾಂಗ್ರೆಸ್ (INC),59572,4338,#64748b
2018,88,Hadagalli,ಹೂವಿನಹಡಗಲಿ,hadagalli,hadagalli_assembly_constituency,SC,ಪರಿಶಿಷ್ಟ ಜಾತಿ (SC),P. T. Parameshwara Naik,ಪಿ. ಟಿ. Parameshwara ನಾಯಕ್,INC,ಕಾಂಗ್ರೆಸ್ (INC),54097,39.2,Odo Gangappa,Odo Gangappa,IND,ಪಕ್ಷೇತರ (IND),44919,9178,#1f77b4
2018,89,Hagaribommanahalli,ಹಗರಿಬೊಮ್ಮನಹಳ್ಳಿ,hagaribommanahalli,hagaribommanahalli_assembly_constituency,SC,ಪರಿಶಿಷ್ಟ ಜಾತಿ (SC),Bheema Naik L.B.P.,Bheema ನಾಯಕ್ ಎಲ್. ಬಿ. ಪಿ.,INC,ಕಾಂಗ್ರೆಸ್ (INC),78337,44.8,K.Nemiraja Naik,ಕೆ. Nemiraja ನಾಯಕ್,BJP,ಬಿಜೆಪಿ (BJP),71105,7232,#1f77b4
2018,90,Vijayanagara,ವಿಜಯನಗರ,vijayanagara,vijayanagara_assembly_constituency,nan,ಸಾಮಾನ್ಯ,Anand Singh,ಆನಂದ್ Singh,INC,ಕಾಂಗ್ರೆಸ್ (INC),83214,50.6,H.R.Gaviyappa,ಎಚ್. ಆರ್. Gaviyappa,BJP,ಬಿಜೆಪಿ (BJP),74986,8228,#1f77b4
2018,91,Kampli,ಕಂಪ್ಲಿ,kampli,kampli_assembly_constituency,ST,ಪರಿಶಿಷ್ಟ ಪಂಗಡ (ST),J N Ganesh,ಜೆ. ಎನ್. ಗಣೇಶ್,INC,ಕಾಂಗ್ರೆಸ್ (INC),80592,49.3,T H Suresh Babu,ಟಿ. ಎಚ್. Suresh Babu,BJP,ಬಿಜೆಪಿ (BJP),75037,5555,#1f77b4
2018,92,Siruguppa,ಸಿರುಗುಪ್ಪ,siruguppa,siruguppa_assembly_constituency,ST,ಪರಿಶಿಷ್ಟ ಪಂಗಡ (ST),M.S. Somalingappa,ಎಂ. ಎಸ್. Somalingappa,BJP,ಬಿಜೆಪಿ (BJP),82546,55.0,B. Murali Krishna,ಬಿ. Murali Krishna,INC,ಕಾಂಗ್ರೆಸ್ (INC),61275,21271,#ff7f0e
2018,93,Bellary,ಬಳ್ಳಾರಿ,bellary,bellary_assembly_constituency,ST,ಪರಿಶಿಷ್ಟ ಪಂಗಡ (ST),B Nagendra,ಬಿ. Nagendra,INC,ಕಾಂಗ್ರೆಸ್ (INC),79186,49.1,Sanna Pakkirappa,Sanna Pakkirappa,BJP,ಬಿಜೆಪಿ (BJP),76507,2679,#1f77b4
2018,94,Bellary City,ಬಳ್ಳಾರಿ ನಗರ,bellarycity,bellary_city_assembly_constituency,nan,ಸಾಮಾನ್ಯ,G. Somasekhara Reddy,ಜಿ. Somasekhara ರೆಡ್ಡಿ,BJP,ಬಿಜೆಪಿ (BJP),76589,51.0,Anil.H. Lad,Anil ಎಚ್. Lad,INC,ಕಾಂಗ್ರೆಸ್ (INC),60434,16155,#ff7f0e
2018,95,Sandur,ಸಂಡೂರು,sandur,sandur_assembly_constituency,ST,ಪರಿಶಿಷ್ಟ ಪಂಗಡ (ST),E Tukaram,ಇ. Tukaram,INC,ಕಾಂಗ್ರೆಸ್ (INC),78106,50.1,D Raghavendra (Manju),ಡಿ. Raghavendra ( ಮಂಜು ),BJP,ಬಿಜೆಪಿ (BJP),64096,14010,#1f77b4
2018,96,Kudligi,ಕೂಡ್ಲಿಗಿ,kudligi,kudligi_assembly_constituency,ST,ಪರಿಶಿಷ್ಟ ಪಂಗಡ (ST),N.Y. Gopalakrishna,ಎನ್. ವೈ. Gopalakrishna,BJP,ಬಿಜೆಪಿ (BJP),50085,33.4,N.T. Bommanna,ಎನ್. ಟಿ. Bommanna,JD(S),ಜೆಡಿಎಸ್ (JD-S),39272,10813,#ff7f0e
2018,97,Molakalmuru,ಮೊಳಕಾಲ್ಮೂರು,molakalmuru,molakalmuru_assembly_constituency,ST,ಪರಿಶಿಷ್ಟ ಪಂಗಡ (ST),B. Sreeramulu,ಬಿ. Sreeramulu,BJP,ಬಿಜೆಪಿ (BJP),84018,43.9,Dr B. Yogesh Babu,ಡಾ. ಬಿ. Yogesh Babu,INC,ಕಾಂಗ್ರೆಸ್ (INC),41973,42045,#ff7f0e
2018,98,Challakere,ಚಳ್ಳಕೆರೆ,challakere,challakere_assembly_constituency,ST,ಪರಿಶಿಷ್ಟ ಪಂಗಡ (ST),T Raghumurthy,ಟಿ. Raghumurthy,INC,ಕಾಂಗ್ರೆಸ್ (INC),72874,43.6,Raveesh Kumar,Raveesh ಕುಮಾರ್,JD(S),ಜೆಡಿಎಸ್ (JD-S),59335,13539,#1f77b4
2018,99,Chitradurga,ಚಿತ್ರದುರ್ಗ,chitradurga,chitradurga_assembly_constituency,nan,ಸಾಮಾನ್ಯ,G H Thippareddy,ಜಿ. ಎಚ್. Thippareddy,BJP,ಬಿಜೆಪಿ (BJP),82896,44.1,K.C.Veerendra (Pappy),ಕೆ. ಸಿ. Veerendra ( Pappy ),JD(S),ಜೆಡಿಎಸ್ (JD-S),49911,32985,#ff7f0e
2018,100,Hiriyur,ಹಿರಿಯೂರು,hiriyur,hiriyur_assembly_constituency,nan,ಸಾಮಾನ್ಯ,K Poornima,ಕೆ. Poornima,BJP,ಬಿಜೆಪಿ (BJP),77733,41.4,D Sudhakar,ಡಿ. Sudhakar,INC,ಕಾಂಗ್ರೆಸ್ (INC),64858,12875,#ff7f0e
2018,101,Hosadurga,ಹೊಸದುರ್ಗ,hosadurga,hosadurga_assembly_constituency,nan,ಸಾಮಾನ್ಯ,Gulihatti D Shekar,Gulihatti ಡಿ. Shekar,BJP,ಬಿಜೆಪಿ (BJP),90562,57.1,B G Govindappa,ಬಿ. ಜಿ. Govindappa,INC,ಕಾಂಗ್ರೆಸ್ (INC),64570,25992,#ff7f0e
2018,102,Holalkere,ಹೊಳಲ್ಕೆರೆ,holalkere,holalkere_assembly_constituency,SC,ಪರಿಶಿಷ್ಟ ಜಾತಿ (SC),M. Chandrappa,ಎಂ. Chandrappa,BJP,ಬಿಜೆಪಿ (BJP),107976,57.4,H.Anjaneya,ಎಚ್. Anjaneya,INC,ಕಾಂಗ್ರೆಸ್ (INC),69036,38940,#ff7f0e
2018,103,Jagalur,ಜಗಳೂರು,jagalur,jagalur_assembly_constituency,ST,ಪರಿಶಿಷ್ಟ ಪಂಗಡ (ST),S.V.Ramachandra,ಎಸ್. ವಿ. Ramachandra,BJP,ಬಿಜೆಪಿ (BJP),78948,53.5,H.P.Rajesh,ಎಚ್. ಪಿ. Rajesh,INC,ಕಾಂಗ್ರೆಸ್ (INC),49727,29221,#ff7f0e
2018,104,Harapanahalli,ಹರಪನಹಳ್ಳಿ,harapanahalli,harapanahalli_assembly_constituency,nan,ಸಾಮಾನ್ಯ,G Karunakara Reddy,ಜಿ. Karunakara ರೆಡ್ಡಿ,BJP,ಬಿಜೆಪಿ (BJP),67603,40.4,M P Ravindra,ಎಂ. ಪಿ. Ravindra,INC,ಕಾಂಗ್ರೆಸ್ (INC),57956,9647,#ff7f0e
2018,105,Harihar,Harihar,harihar,harihar_assembly_constituency,nan,ಸಾಮಾನ್ಯ,S Ramappa,ಎಸ್. Ramappa,INC,ಕಾಂಗ್ರೆಸ್ (INC),64801,39.5,Harish B.P.,Harish ಬಿ. ಪಿ.,BJP,ಬಿಜೆಪಿ (BJP),57541,7260,#1f77b4
2018,106,Davanagere North,ದಾವಣಗೆರೆ ಉತ್ತರ,davanagerenorth,davanagere_north_assembly_constituency,nan,ಸಾಮಾನ್ಯ,S.A. Ravindranath,ಎಸ್. ಎ. Ravindranath,BJP,ಬಿಜೆಪಿ (BJP),76540,49.0,S.S. Mallikarjun,ಎಸ್. ಎಸ್. ಮಲ್ಲಿಕಾರ್ಜುನ್,INC,ಕಾಂಗ್ರೆಸ್ (INC),72469,4071,#ff7f0e
2018,107,Davanagere South,ದಾವಣಗೆರೆ ದಕ್ಷಿಣ,davanageresouth,davanagere_south_assembly_constituency,nan,ಸಾಮಾನ್ಯ,Shamanur Shivashankarappa,Shamanur Shivashankarappa,INC,ಕಾಂಗ್ರೆಸ್ (INC),71369,52.8,Yashavantha Rao Jadhav,Yashavantha ರಾವ್ Jadhav,BJP,ಬಿಜೆಪಿ (BJP),55485,15884,#1f77b4
2018,108,Mayakonda,ಮಾಯಾಕೊಂಡ,mayakonda,mayakonda_assembly_constituency,SC,ಪರಿಶಿಷ್ಟ ಜಾತಿ (SC),N. Linganna.,ಎನ್. Linganna,BJP,ಬಿಜೆಪಿ (BJP),50556,32.8,K.S.Basavaraj [Basavanthappa],ಕೆ. ಎಸ್. ಬಸವರಾಜ್ Basavanthappa,INC,ಕಾಂಗ್ರೆಸ್ (INC),44098,6458,#ff7f0e
2018,109,Channagiri,ಚನ್ನಗಿರಿ,channagiri,channagiri_assembly_constituency,nan,ಸಾಮಾನ್ಯ,K Madalu Virupakshappa,ಕೆ. Madalu Virupakshappa,BJP,ಬಿಜೆಪಿ (BJP),73794,47.0,Vadnal Rajanna,Vadnal Rajanna,INC,ಕಾಂಗ್ರೆಸ್ (INC),48014,25780,#ff7f0e
2018,110,Honnali,ಹೊನ್ನಾಳಿ,honnali,honnali_assembly_constituency,nan,ಸಾಮಾನ್ಯ,M P Renukacharya,ಎಂ. ಪಿ. Renukacharya,BJP,ಬಿಜೆಪಿ (BJP),80624,50.2,Shanthanagowda D G,Shanthanagowda ಡಿ. ಜಿ.,INC,ಕಾಂಗ್ರೆಸ್ (INC),76391,4233,#ff7f0e
2018,111,Shimoga Rural,ಶಿವಮೊಗ್ಗ ಗ್ರಾಮಾಂತರ,shimogarural,shimoga_rural_assembly_constituency,SC,ಪರಿಶಿಷ್ಟ ಜಾತಿ (SC),K.B. Ashok Naik,ಕೆ. ಬಿ. Ashok ನಾಯಕ್,BJP,ಬಿಜೆಪಿ (BJP),69326,40.6,Sharada Puryanaik,Sharada Puryanaik,JD(S),ಜೆಡಿಎಸ್ (JD-S),65549,3777,#ff7f0e
2018,112,Bhadravathi,Bhadravathi,bhadravathi,bhadravathi_assembly_constituency,nan,ಸಾಮಾನ್ಯ,B.K.Sangameshwara.,ಬಿ. ಕೆ. Sangameshwara,INC,ಕಾಂಗ್ರೆಸ್ (INC),75722,50.0,Appaji.M.J.,Appaji ಎಂ. ಜೆ.,JD(S),ಜೆಡಿಎಸ್ (JD-S),64155,11567,#1f77b4
2018,113,Shimoga,ಶಿವಮೊಗ್ಗ,shimoga,shimoga_assembly_constituency,nan,ಸಾಮಾನ್ಯ,K.S. Eshwarappa,ಕೆ. ಎಸ್. ಈಶ್ವರಪ್ಪ,BJP,ಬಿಜೆಪಿ (BJP),104027,60.7,K.B. Prasanna Kumar,ಕೆ. ಬಿ. Prasanna ಕುಮಾರ್,INC,ಕಾಂಗ್ರೆಸ್ (INC),57920,46107,#ff7f0e
2018,114,Tirthahalli,ತೀರ್ಥಹಳ್ಳಿ,tirthahalli,tirthahalli_assembly_constituency,nan,ಸಾಮಾನ್ಯ,Araga Jnanendra,Araga Jnanendra,BJP,ಬಿಜೆಪಿ (BJP),67527,43.4,Kimmane Rathnakara,Kimmane Rathnakara,INC,ಕಾಂಗ್ರೆಸ್ (INC),45572,21955,#ff7f0e
2018,115,Shikaripura,ಶಿಕಾರಿಪುರ,shikaripura,shikaripura_assembly_constituency,nan,ಸಾಮಾನ್ಯ,B S Yadiyurappa,ಬಿ. ಎಸ್. Yadiyurappa,BJP,ಬಿಜೆಪಿ (BJP),86983,56.5,Goni Malatesha,Goni Malatesha,INC,ಕಾಂಗ್ರೆಸ್ (INC),51586,35397,#ff7f0e
2018,116,Sorab,ಸೊರಬ,sorab,sorab_assembly_constituency,nan,ಸಾಮಾನ್ಯ,S.Kumara Bangarappa,ಎಸ್. Kumara Bangarappa,BJP,ಬಿಜೆಪಿ (BJP),72091,46.5,S.Madhu Bangarappa,ಎಸ್. Madhu Bangarappa,JD(S),ಜೆಡಿಎಸ್ (JD-S),58805,13286,#ff7f0e
2018,117,Sagar,ಸಾಗರ,sagar,sagar_assembly_constituency,nan,ಸಾಮಾನ್ಯ,H Halappa Harathalu,ಎಚ್. Halappa Harathalu,BJP,ಬಿಜೆಪಿ (BJP),78475,51.1,Kagodu Thimmappa,Kagodu Thimmappa,INC,ಕಾಂಗ್ರೆಸ್ (INC),70436,8039,#ff7f0e
2018,118,Baindur,Baindur,baindur,baindur_assembly_constituency,nan,ಸಾಮಾನ್ಯ,B. M. Sukumar Shetty,ಬಿ. ಎಂ. Sukumar Shetty,BJP,ಬಿಜೆಪಿ (BJP),96029,54.8,K. Gopala Poojary,ಕೆ. Gopala ಪೂಜಾರಿ,INC,ಕಾಂಗ್ರೆಸ್ (INC),71636,24393,#ff7f0e
2018,119,Kundapura,ಕುಂದಾಪುರ,kundapura,kundapura_assembly_constituency,nan,ಸಾಮಾನ್ಯ,Halady Srinivas Shetty,Halady ಶ್ರೀನಿವಾಸ್ Shetty,BJP,ಬಿಜೆಪಿ (BJP),103434,66.0,Rakesh Malli,Rakesh Malli,INC,ಕಾಂಗ್ರೆಸ್ (INC),47029,56405,#ff7f0e
2018,120,Udupi,ಉಡುಪಿ,udupi,udupi_assembly_constituency,nan,ಸಾಮಾನ್ಯ,K Raghupathi Bhat,ಕೆ. Raghupathi Bhat,BJP,ಬಿಜೆಪಿ (BJP),84946,52.7,Pramod Madhwaraj,Pramod Madhwaraj,INC,ಕಾಂಗ್ರೆಸ್ (INC),72902,12044,#ff7f0e
2018,121,Kaup,ಕಾಪು,kaup,kaup_assembly_constituency,nan,ಸಾಮಾನ್ಯ,Lalaji .R. Mendon,Lalaji ಆರ್. Mendon,BJP,ಬಿಜೆಪಿ (BJP),75893,52.8,Vinay Kumar Sorake,Vinay ಕುಮಾರ್ Sorake,INC,ಕಾಂಗ್ರೆಸ್ (INC),63976,11917,#ff7f0e
2018,122,Karkala,ಕಾರ್ಕಳ,karkala,karkala_assembly_constituency,nan,ಸಾಮಾನ್ಯ,V. Sunil Kumar,ವಿ. Sunil ಕುಮಾರ್,BJP,ಬಿಜೆಪಿ (BJP),91245,63.1,Gopala Bhandary,Gopala Bhandary,INC,ಕಾಂಗ್ರೆಸ್ (INC),48679,42566,#ff7f0e
2018,123,Sringeri,ಶೃಂಗೇರಿ,sringeri,sringeri_assembly_constituency,nan,ಸಾಮಾನ್ಯ,T D Rajegowda,ಟಿ. ಡಿ. Rajegowda,INC,ಕಾಂಗ್ರೆಸ್ (INC),62780,46.1,D N Jeevaraj,ಡಿ. ಎನ್. Jeevaraj,BJP,ಬಿಜೆಪಿ (BJP),60791,1989,#1f77b4
2018,124,Mudigere,ಮೂಡಿಗೆರೆ,mudigere,mudigere_assembly_constituency,SC,ಪರಿಶಿಷ್ಟ ಜಾತಿ (SC),M.P.Kumaraswamy,ಎಂ. ಪಿ. Kumaraswamy,BJP,ಬಿಜೆಪಿ (BJP),58783,45.2,Motamma,Motamma,INC,ಕಾಂಗ್ರೆಸ್ (INC),46271,12512,#ff7f0e
2018,125,Chikmagalur,ಚಿಕ್ಕಮಗಳೂರು,chikmagalur,chikmagalur_assembly_constituency,nan,ಸಾಮಾನ್ಯ,C T Ravi,ಸಿ. ಟಿ. Ravi,BJP,ಬಿಜೆಪಿ (BJP),70863,44.3,Shankar B L,Shankar ಬಿ. ಎಲ್.,INC,ಕಾಂಗ್ರೆಸ್ (INC),44549,26314,#ff7f0e
2018,126,Tarikere,ತಾರೀಕೆರೆ,tarikere,tarikere_assembly_constituency,nan,ಸಾಮಾನ್ಯ,D S Suresh,ಡಿ. ಎಸ್. Suresh,BJP,ಬಿಜೆಪಿ (BJP),44940,30.2,G H Srinivasa,ಜಿ. ಎಚ್. ಶ್ರೀನಿವಾಸ,IND,ಪಕ್ಷೇತರ (IND),33253,11687,#ff7f0e
2018,127,Kadur,ಕಡೂರು,kadur,kadur_assembly_constituency,nan,ಸಾಮಾನ್ಯ,K S Prakash,ಕೆ. ಎಸ್. ಪ್ರಕಾಶ್,BJP,ಬಿಜೆಪಿ (BJP),62232,39.2,Y S V Datta,ವೈ. ಎಸ್. ವಿ. Datta,JD(S),ಜೆಡಿಎಸ್ (JD-S),46860,15372,#ff7f0e
2018,128,Chiknaikanahalli,Chiknaikanahalli,chiknaikanahalli,chiknaikanahalli_assembly_constituency,nan,ಸಾಮಾನ್ಯ,J.C. Madhu Swamy,ಜೆ. ಸಿ. Madhu ಸ್ವಾಮಿ,BJP,ಬಿಜೆಪಿ (BJP),69612,38.8,C.B Sureshbabu,ಸಿ. ಬಿ. Sureshbabu,JD(S),ಜೆಡಿಎಸ್ (JD-S),59335,10277,#ff7f0e
2018,129,Tiptur,ತಿಪಟೂರು,tiptur,tiptur_assembly_constituency,nan,ಸಾಮಾನ್ಯ,B.C. Nagesh,ಬಿ. ಸಿ. Nagesh,BJP,ಬಿಜೆಪಿ (BJP),61383,40.7,K. Shadakshari,ಕೆ. Shadakshari,INC,ಕಾಂಗ್ರೆಸ್ (INC),35820,25563,#ff7f0e
2018,130,Turuvekere,ತುರುವೇಕೆರೆ,turuvekere,turuvekere_assembly_constituency,nan,ಸಾಮಾನ್ಯ,Jayaram A S,Jayaram ಎ. ಎಸ್.,BJP,ಬಿಜೆಪಿ (BJP),60710,39.8,M T Krishnappa,ಎಂ. ಟಿ. Krishnappa,JD(S),ಜೆಡಿಎಸ್ (JD-S),58661,2049,#ff7f0e
2018,131,Kunigal,ಕುಣಿಗಲ್,kunigal,kunigal_assembly_constituency,nan,ಸಾಮಾನ್ಯ,Dr H.D. Ranganath,ಡಾ. ಎಚ್. ಡಿ. Ranganath,INC,ಕಾಂಗ್ರೆಸ್ (INC),58697,36.4,D Krishna Kumar,ಡಿ. Krishna ಕುಮಾರ್,BJP,ಬಿಜೆಪಿ (BJP),53097,5600,#1f77b4
2018,132,Tumkur City,ತುಮಕೂರು ನಗರ,tumkurcity,tumkur_city_assembly_constituency,nan,ಸಾಮಾನ್ಯ,G.B. Jyothi Ganesh,ಜಿ. ಬಿ. Jyothi ಗಣೇಶ್,BJP,ಬಿಜೆಪಿ (BJP),60421,35.8,N. Govindaraju,ಎನ್. Govindaraju,JD(S),ಜೆಡಿಎಸ್ (JD-S),55128,5293,#ff7f0e
2018,133,Tumkur Rural,ತುಮಕೂರು ಗ್ರಾಮಾಂತರ,tumkurrural,tumkur_rural_assembly_constituency,nan,ಸಾಮಾನ್ಯ,D C Gowrishankar,ಡಿ. ಸಿ. Gowrishankar,JD(S),ಜೆಡಿಎಸ್ (JD-S),82740,48.4,B Suresh Gowda,ಬಿ. Suresh ಗೌಡ,BJP,ಬಿಜೆಪಿ (BJP),77100,5640,#31a354
2018,134,Koratagere,ಕೊರಟಗೆರೆ,koratagere,koratagere_assembly_constituency,SC,ಪರಿಶಿಷ್ಟ ಜಾತಿ (SC),Dr. G. Parameshwara,ಡಾ. ಜಿ. Parameshwara,INC,ಕಾಂಗ್ರೆಸ್ (INC),81598,48.0,P.R. Sudhakar Lal,ಪಿ. ಆರ್. Sudhakar Lal,JD(S),ಜೆಡಿಎಸ್ (JD-S),73979,7619,#1f77b4
2018,135,Gubbi,ಗುಬ್ಬಿ,gubbi,gubbi_assembly_constituency,nan,ಸಾಮಾನ್ಯ,S R Srinivas (Vasu),ಎಸ್. ಆರ್. ಶ್ರೀನಿವಾಸ್ ( Vasu ),JD(S),ಜೆಡಿಎಸ್ (JD-S),55572,35.9,G N Bettaswamy,ಜಿ. ಎನ್. Bettaswamy,BJP,ಬಿಜೆಪಿ (BJP),46491,9081,#31a354
2018,136,Sira,ಸಿರಾ,sira,sira_assembly_constituency,nan,ಸಾಮಾನ್ಯ,B Sathyanarayana,ಬಿ. Sathyanarayana,JD(S),ಜೆಡಿಎಸ್ (JD-S),74338,41.4,T B Jayachandra,ಟಿ. ಬಿ. Jayachandra,INC,ಕಾಂಗ್ರೆಸ್ (INC),63973,10365,#31a354
2018,137,Pavagada,ಪಾವಗಡ,pavagada,pavagada_assembly_constituency,SC,ಪರಿಶಿಷ್ಟ ಜಾತಿ (SC),Venkataramanappa,Venkataramanappa,INC,ಕಾಂಗ್ರೆಸ್ (INC),72974,45.0,K M Thimmarayappa,ಕೆ. ಎಂ. Thimmarayappa,JD(S),ಜೆಡಿಎಸ್ (JD-S),72565,409,#1f77b4
2018,138,Madhugiri,ಮಧುಗಿರಿ,madhugiri,madhugiri_assembly_constituency,nan,ಸಾಮಾನ್ಯ,M.V. Veerabhadraiah,ಎಂ. ವಿ. Veerabhadraiah,JD(S),ಜೆಡಿಎಸ್ (JD-S),88521,53.4,Kyathasandra N.Rajanna,Kyathasandra ಎನ್. Rajanna,INC,ಕಾಂಗ್ರೆಸ್ (INC),69947,18574,#31a354
2018,139,Gauribidanur,ಗೌರಿಬಿದನೂರು,gauribidanur,gauribidanur_assembly_constituency,nan,ಸಾಮಾನ್ಯ,N.H.Shivashankara Reddy,ಎನ್. ಎಚ್. Shivashankara ರೆಡ್ಡಿ,INC,ಕಾಂಗ್ರೆಸ್ (INC),69000,41.1,C.R.Narasimhamurthy,ಸಿ. ಆರ್. Narasimhamurthy,JD(S),ಜೆಡಿಎಸ್ (JD-S),59832,9168,#1f77b4
2018,140,Bagepalli,ಬಾಗೇಪಲ್ಲಿ,bagepalli,bagepalli_assembly_constituency,nan,ಸಾಮಾನ್ಯ,S.N. Subbareddy(Chinnakayalapalli),ಎಸ್. ಎನ್. Subbareddy ( Chinnakayalapalli ),INC,ಕಾಂಗ್ರೆಸ್ (INC),65710,40.1,G.V. Sreeramareddy,ಜಿ. ವಿ. Sreeramareddy,CPI(M),CPI(M),51697,14013,#1f77b4
2018,141,Chikkaballapur,ಚಿಕ್ಕಬಳ್ಳಾಪುರ,chikkaballapur,chikkaballapur_assembly_constituency,nan,ಸಾಮಾನ್ಯ,Dr. K. Sudhakar,ಡಾ. ಕೆ. Sudhakar,INC,ಕಾಂಗ್ರೆಸ್ (INC),82006,47.5,K.P.Bachegowda,ಕೆ. ಪಿ. Bachegowda,JD(S),ಜೆಡಿಎಸ್ (JD-S),51575,30431,#1f77b4
2018,142,Sidlaghatta,ಶಿಡ್ಲಘಟ್ಟ,sidlaghatta,sidlaghatta_assembly_constituency,nan,ಸಾಮಾನ್ಯ,V. Muniyappa,ವಿ. Muniyappa,INC,ಕಾಂಗ್ರೆಸ್ (INC),76240,45.0,B.N. Ravikumar,ಬಿ. ಎನ್. Ravikumar,JD(S),ಜೆಡಿಎಸ್ (JD-S),66531,9709,#1f77b4
2018,143,Chintamani,ಚಿಂತಾಮಣಿ,chintamani,chintamani_assembly_constituency,nan,ಸಾಮಾನ್ಯ,J K Krishna Reddy,ಜೆ. ಕೆ. Krishna ರೆಡ್ಡಿ,JD(S),ಜೆಡಿಎಸ್ (JD-S),87753,48.8,Dr.M.C Sudhakar,ಡಾ. ಎಂ. ಸಿ. Sudhakar,BPJP,BPJP,82080,5673,#31a354
2018,144,Srinivasapur,ಶ್ರೀನಿವಾಸಪುರ,srinivasapur,srinivasapur_assembly_constituency,nan,ಸಾಮಾನ್ಯ,K R Ramesh Kumar,ಕೆ. ಆರ್. ರಮೇಶ್ ಕುಮಾರ್,INC,ಕಾಂಗ್ರೆಸ್ (INC),93571,50.9,G K Venkatashivareddy,ಜಿ. ಕೆ. Venkatashivareddy,JD(S),ಜೆಡಿಎಸ್ (JD-S),83019,10552,#1f77b4
2018,145,Mulbagal,ಮುಳಬಾಗಿಲು,mulbagal,mulbagal_assembly_constituency,SC,ಪರಿಶಿಷ್ಟ ಜಾತಿ (SC),H.Nagesh,ಎಚ್. Nagesh,IND,ಪಕ್ಷೇತರ (IND),74213,45.3,Samruddhi Manjunath,Samruddhi Manjunath,JD(S),ಜೆಡಿಎಸ್ (JD-S),67498,6715,#7f7f7f
2018,146,Kolar Gold Field,ಕೋಲಾರ ಗೋಲ್ಡ್ ಫೀಲ್ಡ್ (KGF),kolargoldfield,kolar_gold_field_assembly_constituency,SC,ಪರಿಶಿಷ್ಟ ಜಾತಿ (SC),Roopakala.M,Roopakala ಎಂ.,INC,ಕಾಂಗ್ರೆಸ್ (INC),71151,51.6,Ashwini Sampangi,Ashwini Sampangi,BJP,ಬಿಜೆಪಿ (BJP),30324,40827,#1f77b4
2018,147,Bangarapet,ಬಂಗಾರಪೇಟೆ,bangarapet,bangarapet_assembly_constituency,SC,ಪರಿಶಿಷ್ಟ ಜಾತಿ (SC),S.N.Narayanaswamy K.M,ಎಸ್. ಎನ್. Narayanaswamy ಕೆ. ಎಂ.,INC,ಕಾಂಗ್ರೆಸ್ (INC),70871,45.5,M.Mallesh Babu,ಎಂ. Mallesh Babu,JD(S),ಜೆಡಿಎಸ್ (JD-S),49300,21571,#1f77b4
2018,148,Kolar,ಕೋಲಾರ,kolar,kolar_assembly_constituency,nan,ಸಾಮಾನ್ಯ,K.Srinivasa Gowda,ಕೆ. ಶ್ರೀನಿವಾಸ ಗೌಡ,JD(S),ಜೆಡಿಎಸ್ (JD-S),82788,46.5,Syed Zameer Pasha,Syed Zameer Pasha,INC,ಕಾಂಗ್ರೆಸ್ (INC),38537,44251,#31a354
2018,149,Malur,ಮಲೂರು,malur,malur_assembly_constituency,nan,ಸಾಮಾನ್ಯ,K.Y. Nanjegowda,ಕೆ. ವೈ. Nanjegowda,INC,ಕಾಂಗ್ರೆಸ್ (INC),75677,47.1,K.S.Manjunath Gowda,ಕೆ. ಎಸ್. Manjunath ಗೌಡ,JD(S),ಜೆಡಿಎಸ್ (JD-S),57762,17915,#1f77b4
2018,150,Yelahanka,ಯಲಹಂಕ,yelahanka,yelahanka_assembly_constituency,nan,ಸಾಮಾನ್ಯ,S.R.Vishwanath,ಎಸ್. ಆರ್. Vishwanath,BJP,ಬಿಜೆಪಿ (BJP),120110,49.4,A M Hanumanthegowda,ಎ. ಎಂ. Hanumanthegowda,JD(S),ಜೆಡಿಎಸ್ (JD-S),77607,42503,#ff7f0e
2018,151,K.R.Pura,ಕೆ. ಆರ್. Pura,krpura,krpura_assembly_constituency,nan,ಸಾಮಾನ್ಯ,B.A.Basavaraja,ಬಿ. ಎ. Basavaraja,INC,ಕಾಂಗ್ರೆಸ್ (INC),135404,53.8,N.S.Nandiesha Reddy,ಎನ್. ಎಸ್. Nandiesha ರೆಡ್ಡಿ,BJP,ಬಿಜೆಪಿ (BJP),102675,32729,#1f77b4
2018,152,Byatarayanapura,ಬ್ಯಾಟರಾಯನಪುರ,byatarayanapura,byatarayanapura_assembly_constituency,nan,ಸಾಮಾನ್ಯ,Krishna Byregowda,Krishna Byregowda,INC,ಕಾಂಗ್ರೆಸ್ (INC),114964,45.7,A Ravi,ಎ. Ravi,BJP,ಬಿಜೆಪಿ (BJP),109293,5671,#1f77b4
2018,153,Yeshwanthapura,Yeshwanthapura,yeshwanthapura,yeshwanthapura_assembly_constituency,nan,ಸಾಮಾನ್ಯ,S.T Somashekhar,ಎಸ್. ಟಿ. Somashekhar,INC,ಕಾಂಗ್ರೆಸ್ (INC),115273,40.3,T N Javarayi Gowda,ಟಿ. ಎನ್. Javarayi ಗೌಡ,JD(S),ಜೆಡಿಎಸ್ (JD-S),104562,10711,#1f77b4
2018,154,Rajarajeshwarinagar,ರಾಜರಾಜೇಶ್ವರಿನಗರ,rajarajeshwarinagar,rajarajeshwarinagar_assembly_constituency,nan,ಸಾಮಾನ್ಯ,Munirathna,Munirathna,INC,ಕಾಂಗ್ರೆಸ್ (INC),108065,42.6,Muniraju Gowda P M,Muniraju ಗೌಡ ಪಿ. ಎಂ.,INC,ಕಾಂಗ್ರೆಸ್ (INC),82573,25492,#1f77b4
2018,155,Dasarahalli,ದಾಸರಹಳ್ಳಿ,dasarahalli,dasarahalli_assembly_constituency,nan,ಸಾಮಾನ್ಯ,R.Manjunatha,ಆರ್. Manjunatha,JD(S),ಜೆಡಿಎಸ್ (JD-S),94044,43.9,S Muniraju,ಎಸ್. Muniraju,BJP,ಬಿಜೆಪಿ (BJP),83369,10675,#31a354
2018,156,Mahalakshmi Layout,ಮಹಾಲಕ್ಷ್ಮಿ ಲೇಔಟ್,mahalakshmilayout,mahalakshmi_layout_assembly_constituency,nan,ಸಾಮಾನ್ಯ,K. Gopalaiah,ಕೆ. Gopalaiah,JD(S),ಜೆಡಿಎಸ್ (JD-S),88218,55.8,N.L. Narendra Babu,ಎನ್. ಎಲ್. Narendra Babu,BJP,ಬಿಜೆಪಿ (BJP),47118,41100,#31a354
2018,157,Malleshwaram,ಮಲ್ಲೇಶ್ವರಂ,malleshwaram,malleshwaram_assembly_constituency,nan,ಸಾಮಾನ್ಯ,Dr. Ashwath Narayan.C.N.,ಡಾ. Ashwath Narayan ಸಿ. ಎನ್.,BJP,ಬಿಜೆಪಿ (BJP),83130,68.4,Kengal Shreepadharenu,Kengal Shreepadharenu,INC,ಕಾಂಗ್ರೆಸ್ (INC),29130,54000,#ff7f0e
2018,158,Hebbal,ಹೆಬ್ಬಾಳ,hebbal,hebbal_assembly_constituency,nan,ಸಾಮಾನ್ಯ,Suresh B S,Suresh ಬಿ. ಎಸ್.,INC,ಕಾಂಗ್ರೆಸ್ (INC),74453,51.3,Y A Narayanaswamy,ವೈ. ಎ. Narayanaswamy,BJP,ಬಿಜೆಪಿ (BJP),53313,21140,#1f77b4
2018,159,Pulakeshinagar,ಪುಲಕೇಸಿನಗರ,pulakeshinagar,pulakeshinagar_assembly_constituency,SC,ಪರಿಶಿಷ್ಟ ಜಾತಿ (SC),R. Akhanda Srinivasamurthy,ಆರ್. Akhanda Srinivasamurthy,INC,ಕಾಂಗ್ರೆಸ್ (INC),97574,78.0,B. Prasannakumar,ಬಿ. Prasannakumar,JD(S),ಜೆಡಿಎಸ್ (JD-S),15948,81626,#1f77b4
2018,160,Sarvagnanagar,ಸರ್ವಜ್ಞನಗರ,sarvagnanagar,sarvagnanagar_assembly_constituency,nan,ಸಾಮಾನ್ಯ,K.J George,ಕೆ. ಜೆ. George,INC,ಕಾಂಗ್ರೆಸ್ (INC),109955,62.6,M.N.Reddy,ಎಂ. ಎನ್. ರೆಡ್ಡಿ,BJP,ಬಿಜೆಪಿ (BJP),56651,53304,#1f77b4
2018,161,C.V. Raman Nagar,ಸಿ. ವಿ. Raman Nagar,cvramannagar,cv_raman_nagar_assembly_constituency,SC,ಪರಿಶಿಷ್ಟ ಜಾತಿ (SC),S. Raghu,ಎಸ್. Raghu,BJP,ಬಿಜೆಪಿ (BJP),58887,45.4,R. Sampath Raj,ಆರ್. Sampath Raj,INC,ಕಾಂಗ್ರೆಸ್ (INC),46660,12227,#ff7f0e
2018,162,Shivajinagar,ಶಿವಾಜಿನಗರ,shivajinagar,shivajinagar_assembly_constituency,nan,ಸಾಮಾನ್ಯ,R Roshan Baig,ಆರ್. Roshan Baig,INC,ಕಾಂಗ್ರೆಸ್ (INC),59742,55.9,Katta Subramanya Naidu,Katta Subramanya Naidu,BJP,ಬಿಜೆಪಿ (BJP),44702,15040,#1f77b4
2018,163,Shanthinagar,ಶಾಂತಿ ನಗರ,shanthinagar,shanthinagar_assembly_constituency,SC,ಪರಿಶಿಷ್ಟ ಜಾತಿ (SC),N A Haris,ಎನ್. ಎ. Haris,INC,ಕಾಂಗ್ರೆಸ್ (INC),60009,50.0,K Vasudevamurthy,ಕೆ. Vasudevamurthy,BJP,ಬಿಜೆಪಿ (BJP),41804,18205,#1f77b4
2018,164,Gandhinagar,ಗಾಂಧಿ ನಗರ,gandhinagar,gandhinagar_assembly_constituency,nan,ಸಾಮಾನ್ಯ,Dinesh Gundu Rao,Dinesh Gundu ರಾವ್,INC,ಕಾಂಗ್ರೆಸ್ (INC),47354,38.0,A.R. Sapthagiri Gowda,ಎ. ಆರ್. Sapthagiri ಗೌಡ,BJP,ಬಿಜೆಪಿ (BJP),37284,10070,#1f77b4
2018,165,Rajajinagar,ರಾಜಾಜಿ ನಗರ,rajajinagar,rajajinagar_assembly_constituency,nan,ಸಾಮಾನ್ಯ,S Suresh Kumar,ಎಸ್. Suresh ಕುಮಾರ್,BJP,ಬಿಜೆಪಿ (BJP),56271,47.6,G Padmavathi,ಜಿ. Padmavathi,INC,ಕಾಂಗ್ರೆಸ್ (INC),46818,9453,#ff7f0e
2018,166,Govindraj Nagar,ಗೋವಿಂದರಾಜ ನಗರ,govindrajnagar,govindraj_nagar_assembly_constituency,nan,ಸಾಮಾನ್ಯ,V Somanna,ವಿ. Somanna,BJP,ಬಿಜೆಪಿ (BJP),79135,50.8,Priyakrishna,Priyakrishna,INC,ಕಾಂಗ್ರೆಸ್ (INC),67760,11375,#ff7f0e
2018,167,Vijayanagar,ವಿಜಯ ನಗರ,vijayanagar,vijayanagar_assembly_constituency,nan,ಸಾಮಾನ್ಯ,M. Krishnappa,ಎಂ. Krishnappa,INC,ಕಾಂಗ್ರೆಸ್ (INC),73353,47.5,H. Ravindra,ಎಚ್. Ravindra,BJP,ಬಿಜೆಪಿ (BJP),70578,2775,#1f77b4
2018,168,Chamarajapet,Chamarajapet,chamarajapet,chamarajapet_assembly_constituency,nan,ಸಾಮಾನ್ಯ,B.Z. Zameer Ahmed Khan,ಬಿ. ಜೆಡ್. Zameer Ahmed Khan,INC,ಕಾಂಗ್ರೆಸ್ (INC),65339,54.7,M Lakshminarayana,ಎಂ. Lakshminarayana,BJP,ಬಿಜೆಪಿ (BJP),32202,33137,#1f77b4
2018,169,Chickpet,ಚಿಕ್ಕಪೇಟೆ,chickpet,chickpet_assembly_constituency,nan,ಸಾಮಾನ್ಯ,Uday B.Garudachar,Uday ಬಿ. Garudachar,BJP,ಬಿಜೆಪಿ (BJP),57312,44.9,R.V.Devraj,ಆರ್. ವಿ. Devraj,INC,ಕಾಂಗ್ರೆಸ್ (INC),49378,7934,#ff7f0e
2018,170,Basavanagudi,ಬಸವನಗುಡಿ,basavanagudi,basavanagudi_assembly_constituency,nan,ಸಾಮಾನ್ಯ,Ravisubramanya.L.A,Ravisubramanya ಎಲ್. ಎ.,BJP,ಬಿಜೆಪಿ (BJP),76018,59.3,K.Bagegowda,ಕೆ. Bagegowda,JD(S),ಜೆಡಿಎಸ್ (JD-S),38009,38009,#ff7f0e
2018,171,Padmanabanagar,Padmanabanagar,padmanabanagar,padmanabanagar_assembly_constituency,nan,ಸಾಮಾನ್ಯ,R Ashoka,ಆರ್. Ashoka,BJP,ಬಿಜೆಪಿ (BJP),77868,48.9,V K Gopal,ವಿ. ಕೆ. Gopal,JD(S),ಜೆಡಿಎಸ್ (JD-S),45702,32166,#ff7f0e
2018,172,B.T.M.Layout,ಬಿ. ಟಿ. ಎಂ. Layout,btmlayout,btmlayout_assembly_constituency,nan,ಸಾಮಾನ್ಯ,Ramalinga Reddy,ರಾಮಲಿಂಗ ರೆಡ್ಡಿ,INC,ಕಾಂಗ್ರೆಸ್ (INC),67085,50.2,Lallesh Reddy,Lallesh ರೆಡ್ಡಿ,BJP,ಬಿಜೆಪಿ (BJP),46607,20478,#1f77b4
2018,173,Jayanagar,ಜಯನಗರ,jayanagar,jayanagar_assembly_constituency,nan,ಸಾಮಾನ್ಯ,Sowmya Reddy,Sowmya ರೆಡ್ಡಿ,INC,ಕಾಂಗ್ರೆಸ್ (INC),54458,49.2,BN Prahlad,Bn Prahlad,INC,ಕಾಂಗ್ರೆಸ್ (INC),51571,2887,#1f77b4
2018,174,Mahadevapura,ಮಹದೇವಪುರ,mahadevapura,mahadevapura_assembly_constituency,SC,ಪರಿಶಿಷ್ಟ ಜಾತಿ (SC),Aravind Limbavali,Aravind Limbavali,BJP,ಬಿಜೆಪಿ (BJP),141682,50.4,A C Srinivasa,ಎ. ಸಿ. ಶ್ರೀನಿವಾಸ,INC,ಕಾಂಗ್ರೆಸ್ (INC),123898,17784,#ff7f0e
2018,175,Bommanahalli,ಬೊಮ್ಮನಹಳ್ಳಿ,bommanahalli,bommanahalli_assembly_constituency,nan,ಸಾಮಾನ್ಯ,Sathish Reddy M,Sathish ರೆಡ್ಡಿ ಎಂ.,BJP,ಬಿಜೆಪಿ (BJP),111863,58.0,Sushma Rajagopala Reddy,Sushma Rajagopala ರೆಡ್ಡಿ,INC,ಕಾಂಗ್ರೆಸ್ (INC),64701,47162,#ff7f0e
2018,176,Bangalore South,ಬೆಂಗಳೂರು ದಕ್ಷಿಣ,bangaloresouth,bangalore_south_assembly_constituency,nan,ಸಾಮಾನ್ಯ,M Krishnappa,ಎಂ. Krishnappa,BJP,ಬಿಜೆಪಿ (BJP),152469,48.3,R K Ramesh,ಆರ್. ಕೆ. ರಮೇಶ್,INC,ಕಾಂಗ್ರೆಸ್ (INC),122052,30417,#ff7f0e
2018,177,Anekal,ಆನೇಕಲ್,anekal,anekal_assembly_constituency,SC,ಪರಿಶಿಷ್ಟ ಜಾತಿ (SC),B.Shivanna,ಬಿ. ಶಿವಣ್ಣ,INC,ಕಾಂಗ್ರೆಸ್ (INC),113894,50.5,A.Narayanaswamy,ಎ. Narayanaswamy,BJP,ಬಿಜೆಪಿ (BJP),105267,8627,#1f77b4
2018,178,Hosakote,ಹೊಸಕೋಟೆ,hosakote,hosakote_assembly_constituency,nan,ಸಾಮಾನ್ಯ,N Nagaraju (M.T.B),ಎನ್. Nagaraju ( ಎಂ. ಟಿ. ಬಿ. ),INC,ಕಾಂಗ್ರೆಸ್ (INC),98824,51.3,Sharath Kumar Bachegowda,Sharath ಕುಮಾರ್ Bachegowda,BJP,ಬಿಜೆಪಿ (BJP),91227,7597,#1f77b4
2018,179,Devanahalli,ದೇವನಹಳ್ಳಿ,devanahalli,devanahalli_assembly_constituency,SC,ಪರಿಶಿಷ್ಟ ಜಾತಿ (SC),Narayanaswamy L N,Narayanaswamy ಎಲ್. ಎನ್.,JD(S),ಜೆಡಿಎಸ್ (JD-S),86966,51.2,Venkataswamy,Venkataswamy,INC,ಕಾಂಗ್ರೆಸ್ (INC),69956,17010,#31a354
2018,180,Doddaballapur,ದೊಡ್ಡಬಳ್ಳಾಪುರ,doddaballapur,doddaballapur_assembly_constituency,nan,ಸಾಮಾನ್ಯ,T Venkataramanaiah,ಟಿ. Venkataramanaiah,INC,ಕಾಂಗ್ರೆಸ್ (INC),73225,43.7,B Munegowda,ಬಿ. Munegowda,JD(S),ಜೆಡಿಎಸ್ (JD-S),63280,9945,#1f77b4
2018,181,Nelamangala,ನೆಲಮಂಗಲ,nelamangala,nelamangala_assembly_constituency,SC,ಪರಿಶಿಷ್ಟ ಜಾತಿ (SC),Dr. K .Sreenivasamurthy,ಡಾ. ಕೆ. Sreenivasamurthy,JD(S),ಜೆಡಿಎಸ್ (JD-S),69277,43.2,R Narayanaswamy,ಆರ್. Narayanaswamy,INC,ಕಾಂಗ್ರೆಸ್ (INC),44956,24321,#31a354
2018,182,Magadi,ಮಾಗಡಿ,magadi,magadi_assembly_constituency,nan,ಸಾಮಾನ್ಯ,A. Manjunath,ಎ. Manjunath,JD(S),ಜೆಡಿಎಸ್ (JD-S),119492,61.8,H.C. Balakrishna,ಎಚ್. ಸಿ. Balakrishna,INC,ಕಾಂಗ್ರೆಸ್ (INC),68067,51425,#31a354
2018,183,Ramanagaram,Ramanagaram,ramanagaram,ramanagaram_assembly_constituency,nan,ಸಾಮಾನ್ಯ,H.D.Kumaraswamy,ಎಚ್. ಡಿ. Kumaraswamy,JD(S),ಜೆಡಿಎಸ್ (JD-S),92626,54.3,Iqbal Hussain.H.A,Iqbal Hussain ಎಚ್. ಎ.,INC,ಕಾಂಗ್ರೆಸ್ (INC),69990,22636,#31a354
2018,184,Kanakapura,ಕನಕಪುರ,kanakapura,kanakapura_assembly_constituency,nan,ಸಾಮಾನ್ಯ,D K Shivakumar,ಡಿ. ಕೆ. ಶಿವಕುಮಾರ್,INC,ಕಾಂಗ್ರೆಸ್ (INC),127552,69.0,Narayana Gowda,Narayana ಗೌಡ,JD(S),ಜೆಡಿಎಸ್ (JD-S),47643,79909,#1f77b4
2018,185,Channapatna,ಚನ್ನಪಟ್ಟಣ,channapatna,channapatna_assembly_constituency,nan,ಸಾಮಾನ್ಯ,H D Kumara Swamy,ಎಚ್. ಡಿ. Kumara ಸ್ವಾಮಿ,JD(S),ಜೆಡಿಎಸ್ (JD-S),87995,46.8,C P Yogeeshwara,ಸಿ. ಪಿ. Yogeeshwara,BJP,ಬಿಜೆಪಿ (BJP),66465,21530,#31a354
2018,186,Malavalli,ಮಳವಳ್ಳಿ,malavalli,malavalli_assembly_constituency,SC,ಪರಿಶಿಷ್ಟ ಜಾತಿ (SC),Dr.K.Annadani,ಡಾ. ಕೆ. Annadani,JD(S),ಜೆಡಿಎಸ್ (JD-S),103038,53.3,P.M.Narendraswamy,ಪಿ. ಎಂ. Narendraswamy,INC,ಕಾಂಗ್ರೆಸ್ (INC),76278,26760,#31a354
2018,187,Maddur,ಮದ್ದೂರು,maddur,maddur_assembly_constituency,nan,ಸಾಮಾನ್ಯ,D.C.Thammanna,ಡಿ. ಸಿ. Thammanna,JD(S),ಜೆಡಿಎಸ್ (JD-S),109239,64.0,Madhu G Madegowda,Madhu ಜಿ. Madegowda,INC,ಕಾಂಗ್ರೆಸ್ (INC),55209,54030,#31a354
2018,188,Melukote,ಮೇಲುಕೋಟೆ,melukote,melukote_assembly_constituency,nan,ಸಾಮಾನ್ಯ,C S Puttaraju,ಸಿ. ಎಸ್. Puttaraju,JD(S),ಜೆಡಿಎಸ್ (JD-S),96003,55.2,Darshan Puttannaiah,Darshan Puttannaiah,SI,SI,73779,22224,#31a354
2018,189,Mandya,ಮಂಡ್ಯ,mandya,mandya_assembly_constituency,nan,ಸಾಮಾನ್ಯ,M Srinivas,ಎಂ. ಶ್ರೀನಿವಾಸ್,JD(S),ಜೆಡಿಎಸ್ (JD-S),69421,42.2,P Ravikumar,ಪಿ. Ravikumar,INC,ಕಾಂಗ್ರೆಸ್ (INC),47813,21608,#31a354
2018,190,Shrirangapattana,Shrirangapattana,shrirangapattana,shrirangapattana_assembly_constituency,nan,ಸಾಮಾನ್ಯ,Ravindra Srikantaiah,Ravindra Srikantaiah,JD(S),ಜೆಡಿಎಸ್ (JD-S),101307,57.7,A.B.Ramesha Bandisiddegowda,ಎ. ಬಿ. Ramesha Bandisiddegowda,INC,ಕಾಂಗ್ರೆಸ್ (INC),57619,43688,#31a354
2018,191,Nagamangala,ನಾಗಮಂಗಲ,nagamangala,nagamangala_assembly_constituency,nan,ಸಾಮಾನ್ಯ,Suresh Gowdaa,Suresh Gowdaa,JD(S),ಜೆಡಿಎಸ್ (JD-S),112396,62.2,N Chaluvarayaswamy,ಎನ್. Chaluvarayaswamy,INC,ಕಾಂಗ್ರೆಸ್ (INC),64729,47667,#31a354
2018,192,Krishnarajapete,Krishnarajapete,krishnarajapete,krishnarajapete_assembly_constituency,nan,ಸಾಮಾನ್ಯ,Narayanagowda,Narayanagowda,JD(S),ಜೆಡಿಎಸ್ (JD-S),88016,50.9,K B Chandrashekar,ಕೆ. ಬಿ. Chandrashekar,INC,ಕಾಂಗ್ರೆಸ್ (INC),70897,17119,#31a354
2018,193,Shravanabelagola,ಶ್ರವಣಬೆಳಗೊಳ,shravanabelagola,shravanabelagola_assembly_constituency,nan,ಸಾಮಾನ್ಯ,C N Balakrishna,ಸಿ. ಎನ್. Balakrishna,JD(S),ಜೆಡಿಎಸ್ (JD-S),105516,63.4,C S Puttegowda,ಸಿ. ಎಸ್. Puttegowda,INC,ಕಾಂಗ್ರೆಸ್ (INC),52504,53012,#31a354
2018,194,Arsikere,ಅರಸೀಕೆರೆ,arsikere,arsikere_assembly_constituency,nan,ಸಾಮಾನ್ಯ,K.M Shivalinge Gowda,ಕೆ. ಎಂ. Shivalinge ಗೌಡ,JD(S),ಜೆಡಿಎಸ್ (JD-S),93986,54.7,G.B.Shashidhara,ಜಿ. ಬಿ. Shashidhara,INC,ಕಾಂಗ್ರೆಸ್ (INC),50297,43689,#31a354
2018,195,Belur,ಬೇಲೂರು,belur,belur_assembly_constituency,nan,ಸಾಮಾನ್ಯ,Lingesha. K.S.,Lingesha ಕೆ. ಎಸ್.,JD(S),ಜೆಡಿಎಸ್ (JD-S),64268,42.5,H.K. Suresh,ಎಚ್. ಕೆ. Suresh,BJP,ಬಿಜೆಪಿ (BJP),44578,19690,#31a354
2018,196,Hassan,ಹಾಸನ,hassan,hassan_assembly_constituency,nan,ಸಾಮಾನ್ಯ,Preetham J Gowda,Preetham ಜೆ. ಗೌಡ,BJP,ಬಿಜೆಪಿ (BJP),63348,41.3,H S Prakash,ಎಚ್. ಎಸ್. ಪ್ರಕಾಶ್,JD(S),ಜೆಡಿಎಸ್ (JD-S),50342,13006,#ff7f0e
2018,197,Holenarasipur,ಹೊಳೆನರಸೀಪುರ,holenarasipur,holenarasipur_assembly_constituency,nan,ಸಾಮಾನ್ಯ,H D Revanna,ಎಚ್. ಡಿ. Revanna,JD(S),ಜೆಡಿಎಸ್ (JD-S),108541,60.5,Manjegowda B P,Manjegowda ಬಿ. ಪಿ.,INC,ಕಾಂಗ್ರೆಸ್ (INC),64709,43832,#31a354
2018,198,Arkalgud,ಅರಕಲಗೂಡು,arkalgud,arkalgud_assembly_constituency,nan,ಸಾಮಾನ್ಯ,A. T. Ramaswamy,ಎ. ಟಿ. Ramaswamy,JD(S),ಜೆಡಿಎಸ್ (JD-S),85064,45.3,Manju .A,ಮಂಜು ಎ.,INC,ಕಾಂಗ್ರೆಸ್ (INC),74411,10653,#31a354
2018,199,Sakleshpur,ಸಕಲೇಶಪುರ,sakleshpur,sakleshpur_assembly_constituency,SC,ಪರಿಶಿಷ್ಟ ಜಾತಿ (SC),H K Kumaraswamy,ಎಚ್. ಕೆ. Kumaraswamy,JD(S),ಜೆಡಿಎಸ್ (JD-S),62262,39.1,Somashekar Jayaraj,Somashekar Jayaraj,BJP,ಬಿಜೆಪಿ (BJP),57320,4942,#31a354
2018,200,Belthangady,ಬೆಳ್ತಂಗಡಿ,belthangady,belthangady_assembly_constituency,nan,ಸಾಮಾನ್ಯ,Harish Poonja,Harish Poonja,BJP,ಬಿಜೆಪಿ (BJP),98417,55.2,K.Vasantha Bangera,ಕೆ. Vasantha Bangera,INC,ಕಾಂಗ್ರೆಸ್ (INC),75443,22974,#ff7f0e
2018,201,Moodabidri,ಮೂಡಬಿದಿರೆ,moodabidri,moodabidri_assembly_constituency,nan,ಸಾಮಾನ್ಯ,Umanatha. A. Kotian,Umanatha ಎ. Kotian,BJP,ಬಿಜೆಪಿ (BJP),87444,57.8,K. Abhayachandra,ಕೆ. Abhayachandra,INC,ಕಾಂಗ್ರೆಸ್ (INC),57645,29799,#ff7f0e
2018,202,Mangalore City North,ಮಂಗಳೂರು ನಗರ ಉತ್ತರ,mangalorecitynorth,mangalore_city_north_assembly_constituency,nan,ಸಾಮಾನ್ಯ,Dr.Bharath Shetty. Y,ಡಾ. Bharath Shetty ವೈ.,BJP,ಬಿಜೆಪಿ (BJP),98648,56.4,B.A.Mohiuddin Bava,ಬಿ. ಎ. Mohiuddin Bava,INC,ಕಾಂಗ್ರೆಸ್ (INC),72000,26648,#ff7f0e
2018,203,Mangalore City South,ಮಂಗಳೂರು ನಗರ ದಕ್ಷಿಣ,mangalorecitysouth,mangalore_city_south_assembly_constituency,nan,ಸಾಮಾನ್ಯ,D. Vedavyasa Kamath,ಡಿ. Vedavyasa Kamath,BJP,ಬಿಜೆಪಿ (BJP),86545,53.3,J. R. Lobo,ಜೆ. ಆರ್. Lobo,INC,ಕಾಂಗ್ರೆಸ್ (INC),70470,16075,#ff7f0e
2018,204,Mangalore,ಮಂಗಳೂರು,mangalore,mangalore_assembly_constituency,nan,ಸಾಮಾನ್ಯ,U.T.Abdul Khader,ಯು. ಟಿ. Abdul Khader,INC,ಕಾಂಗ್ರೆಸ್ (INC),80813,54.4,Santhosh Kumar Rai Boliyaru,Santhosh ಕುಮಾರ್ Rai Boliyaru,BJP,ಬಿಜೆಪಿ (BJP),61074,19739,#1f77b4
2018,205,Bantwal,Bantwal,bantwal,bantwal_assembly_constituency,nan,ಸಾಮಾನ್ಯ,Rajesh Naik U.,Rajesh ನಾಯಕ್ ಯು.,BJP,ಬಿಜೆಪಿ (BJP),97802,53.9,B Ramanatha Rai,ಬಿ. Ramanatha Rai,INC,ಕಾಂಗ್ರೆಸ್ (INC),81831,15971,#ff7f0e
2018,206,Puttur,ಪುತ್ತೂರು,puttur,puttur_assembly_constituency,nan,ಸಾಮಾನ್ಯ,Sanjeeva Matandoor,Sanjeeva Matandoor,BJP,ಬಿಜೆಪಿ (BJP),90073,54.6,Shakunthala.T. Shetty,Shakunthala ಟಿ. Shetty,INC,ಕಾಂಗ್ರೆಸ್ (INC),70596,19477,#ff7f0e
2018,207,Sullia,ಸುಳ್ಯ,sullia,sullia_assembly_constituency,SC,ಪರಿಶಿಷ್ಟ ಜಾತಿ (SC),Angara.S,Angara ಎಸ್.,BJP,ಬಿಜೆಪಿ (BJP),95205,57.0,Dr.B.Raghu,ಡಾ. ಬಿ. Raghu,INC,ಕಾಂಗ್ರೆಸ್ (INC),69137,26068,#ff7f0e
2018,208,Madikeri,ಮಡಿಕೇರಿ,madikeri,madikeri_assembly_constituency,nan,ಸಾಮಾನ್ಯ,Appachu Ranjan M P,Appachu Ranjan ಎಂ. ಪಿ.,BJP,ಬಿಜೆಪಿ (BJP),70631,42.1,B A Jivijaya,ಬಿ. ಎ. Jivijaya,JD(S),ಜೆಡಿಎಸ್ (JD-S),54616,16015,#ff7f0e
2018,209,Virajpet,ವಿರಾಜಪೇಟೆ,virajpet,virajpet_assembly_constituency,nan,ಸಾಮಾನ್ಯ,K G Bopaiah,ಕೆ. ಜಿ. Bopaiah,BJP,ಬಿಜೆಪಿ (BJP),77944,50.0,Arun Machaiah C S,Arun Machaiah ಸಿ. ಎಸ್.,INC,ಕಾಂಗ್ರೆಸ್ (INC),64591,13353,#ff7f0e
2018,210,Periyapatna,ಪಿರಿಯಾಪಟ್ಟಣ,periyapatna,periyapatna_assembly_constituency,nan,ಸಾಮಾನ್ಯ,K. Mahadeva,ಕೆ. Mahadeva,JD(S),ಜೆಡಿಎಸ್ (JD-S),77770,50.3,K. Venkatesh,ಕೆ. Venkatesh,INC,ಕಾಂಗ್ರೆಸ್ (INC),70277,7493,#31a354
2018,211,Krishnarajanagara,Krishnarajanagara,krishnarajanagara,krishnarajanagara_assembly_constituency,nan,ಸಾಮಾನ್ಯ,Sa. Ra. Mahesh,Sa Ra Mahesh,JD(S),ಜೆಡಿಎಸ್ (JD-S),85011,48.9,D. Ravishankar,ಡಿ. Ravishankar,INC,ಕಾಂಗ್ರೆಸ್ (INC),83232,1779,#31a354
2018,212,Hunasuru,Hunasuru,hunasuru,hunasuru_assembly_constituency,nan,ಸಾಮಾನ್ಯ,Adaguru H Vishwanath,Adaguru ಎಚ್. Vishwanath,JD(S),ಜೆಡಿಎಸ್ (JD-S),91667,49.6,H P Manjunath,ಎಚ್. ಪಿ. Manjunath,INC,ಕಾಂಗ್ರೆಸ್ (INC),83092,8575,#31a354
2018,213,Heggadadevanakote,Heggadadevanakote,heggadadevanakote,heggadadevanakote_assembly_constituency,SC,ಪರಿಶಿಷ್ಟ ಜಾತಿ (SC),Anil Kumar C,Anil ಕುಮಾರ್ ಸಿ.,INC,ಕಾಂಗ್ರೆಸ್ (INC),76652,45.2,Chikkanna,Chikkanna,JD(S),ಜೆಡಿಎಸ್ (JD-S),54559,22093,#1f77b4
2018,214,Nanjangud,ನಂಜನಗೂಡು,nanjangud,nanjangud_assembly_constituency,SC,ಪರಿಶಿಷ್ಟ ಜಾತಿ (SC),B. Harshavardhan,ಬಿ. Harshavardhan,BJP,ಬಿಜೆಪಿ (BJP),78030,48.2,Kalale N. Keshavamurthy,Kalale ಎನ್. Keshavamurthy,INC,ಕಾಂಗ್ರೆಸ್ (INC),65551,12479,#ff7f0e
2018,215,Chamundeshwari,ಚಾಮುಂಡೇಶ್ವರಿ,chamundeshwari,chamundeshwari_assembly_constituency,nan,ಸಾಮಾನ್ಯ,G.T.Devegowda,ಜಿ. ಟಿ. Devegowda,JD(S),ಜೆಡಿಎಸ್ (JD-S),121325,54.0,Siddaramaiah,ಸಿದ್ದರಾಮಯ್ಯ,INC,ಕಾಂಗ್ರೆಸ್ (INC),85283,36042,#31a354
2018,216,Krishnaraja,Krishnaraja,krishnaraja,krishnaraja_assembly_constituency,nan,ಸಾಮಾನ್ಯ,S A Ramadas,ಎಸ್. ಎ. Ramadas,BJP,ಬಿಜೆಪಿ (BJP),78573,54.0,M K Somashekar,ಎಂ. ಕೆ. Somashekar,INC,ಕಾಂಗ್ರೆಸ್ (INC),52226,26347,#ff7f0e
2018,217,Chamaraja,ಚಾಮರಾಜ,chamaraja,chamaraja_assembly_constituency,nan,ಸಾಮಾನ್ಯ,L. Nagendra,ಎಲ್. Nagendra,BJP,ಬಿಜೆಪಿ (BJP),51683,37.2,Vasu,Vasu,INC,ಕಾಂಗ್ರೆಸ್ (INC),36747,14936,#ff7f0e
2018,218,Narasimharaja,ನರಸಿಂಹರಾಜ,narasimharaja,narasimharaja_assembly_constituency,nan,ಸಾಮಾನ್ಯ,Tanveer Sait,Tanveer ಸೇಟ್,INC,ಕಾಂಗ್ರೆಸ್ (INC),62268,38.8,S.Satheesh (Sandesh Swamy),ಎಸ್. Satheesh ( Sandesh ಸ್ವಾಮಿ ),BJP,ಬಿಜೆಪಿ (BJP),44141,18127,#1f77b4
2018,219,Varuna,ವರುಣ,varuna,varuna_assembly_constituency,nan,ಸಾಮಾನ್ಯ,Yathindra S,Yathindra ಎಸ್.,INC,ಕಾಂಗ್ರೆಸ್ (INC),96435,55.6,T Basavaraju,ಟಿ. Basavaraju,BJP,ಬಿಜೆಪಿ (BJP),37819,58616,#1f77b4
2018,220,T.Narasipur,ಟಿ. Narasipur,tnarasipur,tnarasipur_assembly_constituency,SC,ಪರಿಶಿಷ್ಟ ಜಾತಿ (SC),Ashvin Kumar.M,Ashvin ಕುಮಾರ್ ಎಂ.,JD(S),ಜೆಡಿಎಸ್ (JD-S),83929,54.6,Dr. H.C.Mahadevappa,ಡಾ. ಎಚ್. ಸಿ. ಮಹಾದೇವಪ್ಪ,INC,ಕಾಂಗ್ರೆಸ್ (INC),55451,28478,#31a354
2018,221,Hanur,ಹನೂರು,hanur,hanur_assembly_constituency,nan,ಸಾಮಾನ್ಯ,R Narendra,ಆರ್. Narendra,INC,ಕಾಂಗ್ರೆಸ್ (INC),60444,35.8,Dr. Preethan Nagappa,ಡಾ. Preethan Nagappa,BJP,ಬಿಜೆಪಿ (BJP),56931,3513,#1f77b4
2018,222,Kollegal,ಕೊಳ್ಳೇಗಾಲ,kollegal,kollegal_assembly_constituency,SC,ಪರಿಶಿಷ್ಟ ಜಾತಿ (SC),N. Mahesh,ಎನ್. Mahesh,BSP,BSP,71792,42.9,A.R. Krishna Murthy,ಎ. ಆರ್. Krishna Murthy,INC,ಕಾಂಗ್ರೆಸ್ (INC),52338,19454,#64748b
2018,223,Chamarajanagar,ಚಾಮರಾಜನಗರ,chamarajanagar,chamarajanagar_assembly_constituency,nan,ಸಾಮಾನ್ಯ,C Puttarangashetty,ಸಿ. Puttarangashetty,INC,ಕಾಂಗ್ರೆಸ್ (INC),75963,46.0,K R Mallikarjunappa,ಕೆ. ಆರ್. Mallikarjunappa,BJP,ಬಿಜೆಪಿ (BJP),71050,4913,#1f77b4
2018,224,Gundlupet,ಗುಂಡ್ಲುಪೇಟೆ,gundlupet,gundlupet_assembly_constituency,nan,ಸಾಮಾನ್ಯ,C S Niranjan Kumar,ಸಿ. ಎಸ್. Niranjan ಕುಮಾರ್,BJP,ಬಿಜೆಪಿ (BJP),94151,51.8,M C Mohan Kumari Uruf Geetha,ಎಂ. ಸಿ. Mohan Kumari Uruf Geetha,INC,ಕಾಂಗ್ರೆಸ್ (INC),77467,16684,#ff7f0e
2013,1,Nippani,ನಿಪ್ಪಾಣಿ,nippani,nippani_assembly_constituency,nan,ಸಾಮಾನ್ಯ,Jolle Shashikala Annasaheb,ಜೋಲ್ಲೆ ಶಶಿಕಲಾ ಅಣ್ಣಾಸಾಹೇಬ್,BJP,ಬಿಜೆಪಿ (BJP),81860,53.6,Kakaso Pandurang Patil,ಕಾಕಾಸೋ ಪಾಂಡುರಂಗ ಪಾಟೀಲ್,INC,ಕಾಂಗ್ರೆಸ್ (INC),63198,18662,#ff7f0e
2013,2,Chikkodi-Sadalga,ಚಿಕ್ಕೋಡಿ - ಸಡಲಗಾ,chikkodisadalga,chikkodisadalga_assembly_constituency,nan,ಸಾಮಾನ್ಯ,Prakash Babanna Hukkeri,ಪ್ರಕಾಶ್ Babanna ಹುಕ್ಕೇರಿ,INC,ಕಾಂಗ್ರೆಸ್ (INC),102237,68.4,Basavanni Rudrappa Sangappagol,Basavanni Rudrappa Sangappagol,BJP,ಬಿಜೆಪಿ (BJP),25649,76588,#1f77b4
2013,3,Athani,ಅಥಣಿ,athani,athani_assembly_constituency,nan,ಸಾಮಾನ್ಯ,Laxman Sangappa Savadi,ಲಕ್ಷ್ಮಣ್ ಸಂಗ್ಲಪ್ಪ ಸವದಿ,BJP,ಬಿಜೆಪಿ (BJP),74299,50.8,Mahesh Iranagouda Kumathalli,Mahesh Iranagouda ಕುಮಟಳ್ಳಿ,INC,ಕಾಂಗ್ರೆಸ್ (INC),50528,23771,#ff7f0e
2013,4,Kagwad,ಕಾಗವಾಡ,kagwad,kagwad_assembly_constituency,nan,ಸಾಮಾನ್ಯ,Bharamgoud Alagoud Kage,Bharamgoud Alagoud ಕಾගේ,BJP,ಬಿಜೆಪಿ (BJP),41784,32.3,Shrimant Balasaheb Patil,Shrimant Balasaheb ಪಾಟೀಲ್,JD(S),ಜೆಡಿಎಸ್ (JD-S),38897,2887,#ff7f0e
2013,5,Kudachi,ಕುಡಚಿ,kudachi,kudachi_assembly_constituency,SC,ಪರಿಶಿಷ್ಟ ಜಾತಿ (SC),P.Rajeev,ಪಿ. Rajeev,BSRCP,BSRCP,71057,61.6,Ghatage Shama Bhima,Ghatage Shama Bhima,INC,ಕಾಂಗ್ರೆಸ್ (INC),24823,46234,#64748b
2013,6,Raybag,ರಾಯಬಾಗ,raybag,raybag_assembly_constituency,SC,ಪರಿಶಿಷ್ಟ ಜಾತಿ (SC),Aihole Duryodhan Mahalingappa,ಐಹೊಳೆ ದುರ್ಯೋಧನ ಮಹಾಲಿಂಗಪ್ಪ,BJP,ಬಿಜೆಪಿ (BJP),37535,30.7,Pradeep Ramu Malagi,Pradeep Ramu Malagi,IND,ಪಕ್ಷೇತರ (IND),36706,829,#ff7f0e
2013,7,Hukkeri,ಹುಕ್ಕೇರಿ,hukkeri,hukkeri_assembly_constituency,nan,ಸಾಮಾನ್ಯ,Umesh Vishwanath Katti,ಉಮೇಶ್ Vishwanath ಕತ್ತಿ,BJP,ಬಿಜೆಪಿ (BJP),81810,61.5,Ravi Basavaraj Karale,Ravi ಬಸವರಾಜ್ Karale,INC,ಕಾಂಗ್ರೆಸ್ (INC),24484,57326,#ff7f0e
2013,8,Arabhavi,ಅರಭಾವಿ,arabhavi,arabhavi_assembly_constituency,nan,ಸಾಮಾನ್ಯ,Balachandra Laxmanrao Jarkiholi,ಬಾಲಚಂದ್ರ ಲಕ್ಷ್ಮಣರಾವ್ ಜಾರಕಿಹೊಳಿ,BJP,ಬಿಜೆಪಿ (BJP),99283,68.4,Utagi Ramappa Kareppa,Utagi Ramappa Kareppa,INC,ಕಾಂಗ್ರೆಸ್ (INC),24062,75221,#ff7f0e
2013,9,Gokak,ಗೋಕಾಕ್,gokak,gokak_assembly_constituency,nan,ಸಾಮಾನ್ಯ,Jarkiholi Ramesh Laxmanrao,ಜಾರಕಿಹೊಳಿ ರಮೇಶ್ ಲಕ್ಷ್ಮಣರಾವ್,INC,ಕಾಂಗ್ರೆಸ್ (INC),79175,54.9,Ashok Ningayyaswami Pujari,Ashok Ningayyaswami ಪೂಜಾರಿ,JD(S),ಜೆಡಿಎಸ್ (JD-S),51170,28005,#1f77b4
2013,10,Yemkanmardi,ಯಮಕನಮರಡಿ,yemkanmardi,yemkanmardi_assembly_constituency,ST,ಪರಿಶಿಷ್ಟ ಪಂಗಡ (ST),Satish Laxmanarao Jarakiholi,ಸತೀಶ್ Laxmanarao Jarakiholi,INC,ಕಾಂಗ್ರೆಸ್ (INC),70726,56.8,Astagi Maruti Mallappa,Astagi Maruti Mallappa,BJP,ಬಿಜೆಪಿ (BJP),46376,24350,#1f77b4
2013,11,Belgaum Uttar,ಬೆಳಗಾವಿ ಉತ್ತರ,belgaumuttar,belgaum_uttar_assembly_constituency,nan,ಸಾಮಾನ್ಯ,Fairoz Nuruddin Saith,Fairoz Nuruddin Saith,INC,ಕಾಂಗ್ರೆಸ್ (INC),45125,39.2,Renu Suhas Killekar,Renu Suhas Killekar,IND,ಪಕ್ಷೇತರ (IND),26915,18210,#1f77b4
2013,12,Belgaum Dakshin,ಬೆಳಗಾವಿ ದಕ್ಷಿಣ,belgaumdakshin,belgaum_dakshin_assembly_constituency,nan,ಸಾಮಾನ್ಯ,Sambhaji Lakshman Patil,Sambhaji Lakshman ಪಾಟೀಲ್,IND,ಪಕ್ಷೇತರ (IND),54426,41.2,Abhay Patil,ಅಭಯ್ ಪಾಟೀಲ್,BJP,ಬಿಜೆಪಿ (BJP),48116,6310,#7f7f7f
2013,13,Belgaum Rural,ಬೆಳಗಾವಿ ಗ್ರಾಮಾಂತರ,belgaumrural,belgaum_rural_assembly_constituency,nan,ಸಾಮಾನ್ಯ,Sanjay B Patil,Sanjay ಬಿ. ಪಾಟೀಲ್,BJP,ಬಿಜೆಪಿ (BJP),38322,25.2,Kinekar Manohar Kallappa,Kinekar Manohar ಕಲ್ಲಪ್ಪ,IND,ಪಕ್ಷೇತರ (IND),36987,1335,#ff7f0e
2013,14,Khanapur,ಖಾನಾಪುರ,khanapur,khanapur_assembly_constituency,nan,ಸಾಮಾನ್ಯ,Arvind Chandrakant Patil,Arvind Chandrakant ಪಾಟೀಲ್,IND,ಪಕ್ಷೇತರ (IND),37055,27.5,Rafique Khatalsab Khanapuri,Rafique Khatalsab Khanapuri,INC,ಕಾಂಗ್ರೆಸ್ (INC),20903,16152,#7f7f7f
2013,15,Kittur,ಕಿತ್ತೂರು,kittur,kittur_assembly_constituency,nan,ಸಾಮಾನ್ಯ,Inamadar Danappagouda Basanagouda,Inamadar Danappagouda Basanagouda,INC,ಕಾಂಗ್ರೆಸ್ (INC),53924,42.8,Suresh Shivarudrappa Marihal,Suresh Shivarudrappa Marihal,BJP,ಬಿಜೆಪಿ (BJP),35634,18290,#1f77b4
2013,16,Bailhongal,ಬೈಲಹೊಂಗಲ,bailhongal,bailhongal_assembly_constituency,nan,ಸಾಮಾನ್ಯ,Vishwanath I Patil,Vishwanath ಐ. ಪಾಟೀಲ್,KJP,KJP,40709,32.1,Jagadish @ Virupaxi Channappa Metgud,Jagadish Virupaxi Channappa Metgud,BJP,ಬಿಜೆಪಿ (BJP),37088,3621,#64748b
2013,17,Saundatti Yellamma,Saundatti Yellamma,saundattiyellamma,saundatti_yellamma_assembly_constituency,nan,ಸಾಮಾನ್ಯ,Anand Alias Vishwanath Chandrashekhar Mamani,ಆನಂದ್ Alias Vishwanath ಚಂದ್ರಶೇಖರ್ ಮಾಮನಿ,BJP,ಬಿಜೆಪಿ (BJP),46434,34.9,Ravindra Bhupalappa Yaligar,Ravindra Bhupalappa Yaligar,INC,ಕಾಂಗ್ರೆಸ್ (INC),30392,16042,#ff7f0e
2013,18,Ramdurg,ರಾಮದುರ್ಗ,ramdurg,ramdurg_assembly_constituency,nan,ಸಾಮಾನ್ಯ,Ashok Mahadevappa Pattan,Ashok ಮಹಾದೇವಪ್ಪ Pattan,INC,ಕಾಂಗ್ರೆಸ್ (INC),42310,32.8,Mahadevappa Shivalingappa Yadawad,ಮಹಾದೇವಪ್ಪ ಶಿವಲಿಂಗಪ್ಪ ಯಾದವಾಡ,BJP,ಬಿಜೆಪಿ (BJP),37326,4984,#1f77b4
2013,19,Mudhol,ಮುಧೋಳ,mudhol,mudhol_assembly_constituency,SC,ಪರಿಶಿಷ್ಟ ಜಾತಿ (SC),Govind.M.Karjol,Govind ಎಂ. Karjol,BJP,ಬಿಜೆಪಿ (BJP),64727,50.1,Timmapur.Ramappa. Balappa.,Timmapur Ramappa ಬಾಳಪ್ಪ,INC,ಕಾಂಗ್ರೆಸ್ (INC),59549,5178,#ff7f0e
2013,20,Terdal,ತೇರದಾಳ,terdal,terdal_assembly_constituency,nan,ಸಾಮಾನ್ಯ,Umashree,Umashree,INC,ಕಾಂಗ್ರೆಸ್ (INC),70189,46.3,Siddu Savadi,ಸಿದ್ದು ಸವದಿ,BJP,ಬಿಜೆಪಿ (BJP),67590,2599,#1f77b4
2013,21,Jamkhandi,ಜಮಖಂಡಿ,jamkhandi,jamkhandi_assembly_constituency,nan,ಸಾಮಾನ್ಯ,Siddu B. Nyamagouda,ಸಿದ್ದು ಬಿ. Nyamagouda,INC,ಕಾಂಗ್ರೆಸ್ (INC),49145,37.3,Jagadish Gudagunti,Jagadish Gudagunti,IND,ಪಕ್ಷೇತರ (IND),27993,21152,#1f77b4
2013,22,Bilgi,Bilgi,bilgi,bilgi_assembly_constituency,nan,ಸಾಮಾನ್ಯ,J . T. Patil,ಜೆ. ಟಿ. ಪಾಟೀಲ್,INC,ಕಾಂಗ್ರೆಸ್ (INC),66655,44.7,Muragesh. Rudrappa. Nirani,Muragesh Rudrappa Nirani,BJP,ಬಿಜೆಪಿ (BJP),55417,11238,#1f77b4
2013,23,Badami,ಬಾದಾಮಿ,badami,badami_assembly_constituency,nan,ಸಾಮಾನ್ಯ,Chimmanakatti Balappa Bhimappa,Chimmanakatti ಬಾಳಪ್ಪ Bhimappa,INC,ಕಾಂಗ್ರೆಸ್ (INC),57446,41.3,Mahantesh Gurupadappa Mamadapur,Mahantesh Gurupadappa Mamadapur,JD(S),ಜೆಡಿಎಸ್ (JD-S),42333,15113,#1f77b4
2013,24,Bagalkot,ಬಾಗಲಕೋಟೆ,bagalkot,bagalkot_assembly_constituency,nan,ಸಾಮಾನ್ಯ,Meti Hullappa Yamanappa,Meti Hullappa Yamanappa,INC,ಕಾಂಗ್ರೆಸ್ (INC),68216,48.7,Charantimath Veeranna Chandrashekharayya,Charantimath Veeranna Chandrashekharayya,BJP,ಬಿಜೆಪಿ (BJP),65316,2900,#1f77b4
2013,25,Hungund,ಹುನಗುಂದ,hungund,hungund_assembly_constituency,nan,ಸಾಮಾನ್ಯ,Kashappanavar Vijayanand Shivashankrappa,Kashappanavar Vijayanand Shivashankrappa,INC,ಕಾಂಗ್ರೆಸ್ (INC),72720,53.1,Doddanagouda G Patil,Doddanagouda ಜಿ. ಪಾಟೀಲ್,BJP,ಬಿಜೆಪಿ (BJP),56923,15797,#1f77b4
2013,26,Muddebihal,Muddebihal,muddebihal,muddebihal_assembly_constituency,nan,ಸಾಮಾನ್ಯ,Appaji Urf Channabasavaraj Shankarao Nadagoud,Appaji Urf Channabasavaraj Shankarao Nadagoud,INC,ಕಾಂಗ್ರೆಸ್ (INC),34747,30.3,Vimalabai Jagadevrao Deshmukh,Vimalabai Jagadevrao Deshmukh,KJP,KJP,22545,12202,#1f77b4
2013,27,Devara Hippargi,Devara Hippargi,devarahippargi,devara_hippargi_assembly_constituency,nan,ಸಾಮಾನ್ಯ,Aminappagouda Sanganagouda Patil,Aminappagouda Sanganagouda ಪಾಟೀಲ್,INC,ಕಾಂಗ್ರೆಸ್ (INC),36231,31.4,Somanagouda. B. Patil (Sasanur),Somanagouda ಬಿ. ಪಾಟೀಲ್ ( Sasanur ),BJP,ಬಿಜೆಪಿ (BJP),28135,8096,#1f77b4
2013,28,Basavana Bagevadi,Basavana Bagevadi,basavanabagevadi,basavana_bagevadi_assembly_constituency,nan,ಸಾಮಾನ್ಯ,Shivanand S Patil,Shivanand ಎಸ್. ಪಾಟೀಲ್,INC,ಕಾಂಗ್ರೆಸ್ (INC),56329,44.4,Bellubbi Sangappa Kallappa,Bellubbi ಸಂಗ್ಲಪ್ಪ ಕಲ್ಲಪ್ಪ,BJP,ಬಿಜೆಪಿ (BJP),36653,19676,#1f77b4
2013,29,Babaleshwar,Babaleshwar,babaleshwar,babaleshwar_assembly_constituency,nan,ಸಾಮಾನ್ಯ,M.B.Patil,ಎಂ. ಬಿ. ಪಾಟೀಲ್,INC,ಕಾಂಗ್ರೆಸ್ (INC),62061,46.2,Patil Vijugouda,ಪಾಟೀಲ್ Vijugouda,JD(S),ಜೆಡಿಎಸ್ (JD-S),57706,4355,#1f77b4
2013,30,Bijapur City,Bijapur City,bijapurcity,bijapur_city_assembly_constituency,nan,ಸಾಮಾನ್ಯ,Makbul S Bagawan,Makbul ಎಸ್. Bagawan,INC,ಕಾಂಗ್ರೆಸ್ (INC),48615,40.8,Basanagouda R Patil (Yatnal),Basanagouda ಆರ್. ಪಾಟೀಲ್ ( Yatnal ),JD(S),ಜೆಡಿಎಸ್ (JD-S),39235,9380,#1f77b4
2013,31,Nagthan,Nagthan,nagthan,nagthan_assembly_constituency,SC,ಪರಿಶಿಷ್ಟ ಜಾತಿ (SC),Raju Alagur,ರಾಜು Alagur,INC,ಕಾಂಗ್ರೆಸ್ (INC),45570,32.5,Devanand Phulsing Chavan,Devanand Phulsing ಚವಾಣ್,JD(S),ಜೆಡಿಎಸ್ (JD-S),44903,667,#1f77b4
2013,32,Indi,Indi,indi,indi_assembly_constituency,nan,ಸಾಮಾನ್ಯ,Yashavantarayagouda Vittalagouda Patil,Yashavantarayagouda Vittalagouda ಪಾಟೀಲ್,INC,ಕಾಂಗ್ರೆಸ್ (INC),58562,42.2,Ravikant Shankreppa Patil,Ravikant Shankreppa ಪಾಟೀಲ್,KJP,KJP,25260,33302,#1f77b4
2013,33,Sindgi,Sindgi,sindgi,sindgi_assembly_constituency,nan,ಸಾಮಾನ್ಯ,Bhusanur Ramesh Balappa,Bhusanur ರಮೇಶ್ ಬಾಳಪ್ಪ,BJP,ಬಿಜೆಪಿ (BJP),37834,29.5,Managuli Mallappa Channaveerappa,Managuli Mallappa Channaveerappa,JD(S),ಜೆಡಿಎಸ್ (JD-S),37082,752,#ff7f0e
2013,34,Afzalpur,ಅಫ್ಜಲ್ ಪುರ,afzalpur,afzalpur_assembly_constituency,nan,ಸಾಮಾನ್ಯ,Malikayya Venkayya Guttedar,Malikayya Venkayya ಗುತ್ತೇದಾರ್,INC,ಕಾಂಗ್ರೆಸ್ (INC),38093,29.6,M.Y.Patil,ಎಂ. ವೈ. ಪಾಟೀಲ್,KJP,KJP,32855,5238,#1f77b4
2013,35,Jevargi,Jevargi,jevargi,jevargi_assembly_constituency,nan,ಸಾಮಾನ್ಯ,Ajay Dharam Singh,Ajay Dharam Singh,INC,ಕಾಂಗ್ರೆಸ್ (INC),67038,46.4,Doddappa Gouda Patil,Doddappa Gouda ಪಾಟೀಲ್,BJP,ಬಿಜೆಪಿ (BJP),30338,36700,#1f77b4
2013,36,Shorapur,ಶೋರಾಪುರ,shorapur,shorapur_assembly_constituency,ST,ಪರಿಶಿಷ್ಟ ಪಂಗಡ (ST),Raja Venkatappa Nayak,Raja Venkatappa Nayak,INC,ಕಾಂಗ್ರೆಸ್ (INC),65033,44.5,Narasimhanayak (Rajugouda),Narasimhanayak ( Rajugouda ),JD(S),ಜೆಡಿಎಸ್ (JD-S),60958,4075,#1f77b4
2013,37,Shahapur,ಶಹಾಪುರ,shahapur,shahapur_assembly_constituency,nan,ಸಾಮಾನ್ಯ,Guru Patil Shiraval,Guru ಪಾಟೀಲ್ Shiraval,KJP,KJP,54924,43.2,Sharanabasappagouda Darshanpur,Sharanabasappagouda Darshanpur,INC,ಕಾಂಗ್ರೆಸ್ (INC),49128,5796,#64748b
2013,38,Yadgir,ಯಾದಗಿರಿ,yadgir,yadgir_assembly_constituency,nan,ಸಾಮಾನ್ಯ,Dr. Maalakareddy,ಡಾ. Maalakareddy,INC,ಕಾಂಗ್ರೆಸ್ (INC),40434,33.8,Veer Baswant Reddy,Veer Baswant ರೆಡ್ಡಿ,KJP,KJP,31330,9104,#1f77b4
2013,39,Gurmitkal,ಗುರಮಿಟ್ಕಲ್,gurmitkal,gurmitkal_assembly_constituency,nan,ಸಾಮಾನ್ಯ,Baburao Chinchanasoor,Baburao Chinchanasoor,INC,ಕಾಂಗ್ರೆಸ್ (INC),36051,27.9,Nagana Gouda Kandakura,Nagana Gouda Kandakura,JD(S),ಜೆಡಿಎಸ್ (JD-S),34401,1650,#1f77b4
2013,40,Chittapur,Chittapur,chittapur,chittapur_assembly_constituency,SC,ಪರಿಶಿಷ್ಟ ಜಾತಿ (SC),Priyank Kharge,ಪ್ರಿಯಾಂಕ್ ಖರ್ಗೆ,INC,ಕಾಂಗ್ರೆಸ್ (INC),69379,56.1,Valmiki Naik,Valmiki ನಾಯಕ್,BJP,ಬಿಜೆಪಿ (BJP),38188,31191,#1f77b4
2013,41,Sedam,ಸೇಡಂ,sedam,sedam_assembly_constituency,nan,ಸಾಮಾನ್ಯ,Dr Sharanprakash Patil,ಡಾ. Sharanprakash ಪಾಟೀಲ್,INC,ಕಾಂಗ್ರೆಸ್ (INC),53546,39.4,Rajkumar,Rajkumar,BJP,ಬಿಜೆಪಿ (BJP),41651,11895,#1f77b4
2013,42,Chincholi,ಚಿಂಚೋಳಿ,chincholi,chincholi_assembly_constituency,SC,ಪರಿಶಿಷ್ಟ ಜಾತಿ (SC),Dr Umesh G Jadav,ಡಾ. ಉಮೇಶ್ ಜಿ. Jadav,INC,ಕಾಂಗ್ರೆಸ್ (INC),58599,51.9,Sunil Vallyapur,Sunil Vallyapur,KJP,KJP,32539,26060,#1f77b4
2013,43,Gulbarga Rural,ಕಲಬುರಗಿ ಗ್ರಾಮಾಂತರ,gulbargarural,gulbarga_rural_assembly_constituency,SC,ಪರಿಶಿಷ್ಟ ಜಾತಿ (SC),G.Ramkrishna,ಜಿ. Ramkrishna,INC,ಕಾಂಗ್ರೆಸ್ (INC),40075,32.5,Revunayak Belamgi,Revunayak Belamgi,BJP,ಬಿಜೆಪಿ (BJP),32857,7218,#1f77b4
2013,44,Gulbarga Dakshin,ಕಲಬುರಗಿ ದಕ್ಷಿಣ,gulbargadakshin,gulbarga_dakshin_assembly_constituency,nan,ಸಾಮಾನ್ಯ,Dattatraya C. Patil Revoor (Appu Gouda),Dattatraya ಸಿ. ಪಾಟೀಲ್ Revoor ( Appu Gouda ),BJP,ಬಿಜೆಪಿ (BJP),36850,31.4,Shashil.G.Namoshi,Shashil ಜಿ. Namoshi,JD(S),ಜೆಡಿಎಸ್ (JD-S),26880,9970,#ff7f0e
2013,45,Gulbarga Uttar,ಕಲಬುರಗಿ ಉತ್ತರ,gulbargauttar,gulbarga_uttar_assembly_constituency,nan,ಸಾಮಾನ್ಯ,Qamar Ul Islam,Qamar Ul Islam,INC,ಕಾಂಗ್ರೆಸ್ (INC),50498,48.2,Nasir Hussain Ustad,Nasir Hussain Ustad,KJP,KJP,30377,20121,#1f77b4
2013,46,Alland,ಆಳಂದ,alland,alland_assembly_constituency,nan,ಸಾಮಾನ್ಯ,Bhojaraj Ramchandra,ಭೋಜರಾಜ್ Ramchandra,KJP,KJP,67085,50.7,Subhash Rukmaiah,Subhash Rukmaiah,JD(S),ಜೆಡಿಎಸ್ (JD-S),49971,17114,#64748b
2013,47,Basavakalyan,ಬಸವಕಲ್ಯಾಣ,basavakalyan,basavakalyan_assembly_constituency,nan,ಸಾಮಾನ್ಯ,Mallikarjun Sidramappa Khuba,ಮಲ್ಲಿಕಾರ್ಜುನ್ Sidramappa Khuba,JD(S),ಜೆಡಿಎಸ್ (JD-S),37494,29.7,B. Narayanrao,ಬಿ. Narayanrao,INC,ಕಾಂಗ್ರೆಸ್ (INC),21601,15893,#31a354
2013,48,Humnabad,ಹುಮ್ನಾಬಾದ್,humnabad,humnabad_assembly_constituency,nan,ಸಾಮಾನ್ಯ,Rajashekhar Basavaraj Patil,Rajashekhar ಬಸವರಾಜ್ ಪಾಟೀಲ್,INC,ಕಾಂಗ್ರೆಸ್ (INC),64694,47.6,M. Naseenoddin Patel,ಎಂ. Naseenoddin Patel,JD(S),ಜೆಡಿಎಸ್ (JD-S),40194,24500,#1f77b4
2013,49,Bidar South,ಬೀದರ್ ದಕ್ಷಿಣ,bidarsouth,bidar_south_assembly_constituency,nan,ಸಾಮಾನ್ಯ,Ashok Kheny,Ashok Kheny,KMP,KMP,47763,38.3,Bandeppa Khashempur,Bandeppa Khashempur,JD(S),ಜೆಡಿಎಸ್ (JD-S),31975,15788,#64748b
2013,50,Bidar,ಬೀದರ್,bidar,bidar_assembly_constituency,nan,ಸಾಮಾನ್ಯ,Gurupadappa Nagamarpalli,Gurupadappa Nagamarpalli,KJP,KJP,50718,44.9,Raheem Khan,Raheem Khan,INC,ಕಾಂಗ್ರೆಸ್ (INC),48147,2571,#64748b
2013,51,Bhalki,ಭಾಲ್ಕಿ,bhalki,bhalki_assembly_constituency,nan,ಸಾಮಾನ್ಯ,Eshwara S/O Bhimanna Khandre,Eshwara ಎಸ್. ಓ. Bhimanna Khandre,INC,ಕಾಂಗ್ರೆಸ್ (INC),58012,39.4,Sidram S/O Dhulappa,Sidram ಎಸ್. ಓ. Dhulappa,KJP,KJP,48343,9669,#1f77b4
2013,52,Aurad,ಔರಾದ್,aurad,aurad_assembly_constituency,SC,ಪರಿಶಿಷ್ಟ ಜಾತಿ (SC),Prabhu B. Chavan,ಪ್ರಭು ಬಿ. ಚವಾಣ್,BJP,ಬಿಜೆಪಿ (BJP),61826,47.9,Dhanaji Bheema Jadhav,Dhanaji Bheema Jadhav,KJP,KJP,38635,23191,#ff7f0e
2013,53,Raichur Rural,ರಾಯಚೂರು ಗ್ರಾಮಾಂತರ,raichurrural,raichur_rural_assembly_constituency,ST,ಪರಿಶಿಷ್ಟ ಪಂಗಡ (ST),Thipparaju,Thipparaju,BJP,ಬಿಜೆಪಿ (BJP),50497,37.5,Raja Rayappa Naik,Raja Rayappa ನಾಯಕ್,INC,ಕಾಂಗ್ರೆಸ್ (INC),47227,3270,#ff7f0e
2013,54,Raichur,ರಾಯಚೂರು,raichur,raichur_assembly_constituency,nan,ಸಾಮಾನ್ಯ,Dr. Shivaraj Patil S.,ಡಾ. Shivaraj ಪಾಟೀಲ್ ಎಸ್.,JD(S),ಜೆಡಿಎಸ್ (JD-S),45263,45.6,Syed Yasin,Syed Yasin,INC,ಕಾಂಗ್ರೆಸ್ (INC),37392,7871,#31a354
2013,55,Manvi,ಮಾನ್ವಿ,manvi,manvi_assembly_constituency,ST,ಪರಿಶಿಷ್ಟ ಪಂಗಡ (ST),G.Hampayya Sahukar Ballatagi,ಜಿ. Hampayya Sahukar Ballatagi,INC,ಕಾಂಗ್ರೆಸ್ (INC),50619,41.5,Raja Venkatappa Nayak,Raja Venkatappa Nayak,JD(S),ಜೆಡಿಎಸ್ (JD-S),43632,6987,#1f77b4
2013,56,Devadurga,ದೇವದುರ್ಗ,devadurga,devadurga_assembly_constituency,ST,ಪರಿಶಿಷ್ಟ ಪಂಗಡ (ST),A. Venkatesh Naik,ಎ. Venkatesh ನಾಯಕ್,INC,ಕಾಂಗ್ರೆಸ್ (INC),62070,48.7,Arakera K Shivanagouda Nayak,Arakera ಕೆ. Shivanagouda Nayak,BJP,ಬಿಜೆಪಿ (BJP),58370,3700,#1f77b4
2013,57,Lingsugur,Lingsugur,lingsugur,lingsugur_assembly_constituency,SC,ಪರಿಶಿಷ್ಟ ಜಾತಿ (SC),Manappa D.Vajjal,Manappa ಡಿ. Vajjal,JD(S),ಜೆಡಿಎಸ್ (JD-S),31737,24.5,D.S.Hoolageri,ಡಿ. ಎಸ್. Hoolageri,INC,ಕಾಂಗ್ರೆಸ್ (INC),30451,1286,#31a354
2013,58,Sindhanur,ಸಿಂಧನೂರು,sindhanur,sindhanur_assembly_constituency,nan,ಸಾಮಾನ್ಯ,Badarli Hampanagouda,Badarli Hampanagouda,INC,ಕಾಂಗ್ರೆಸ್ (INC),49213,33.9,K.Kariyappa,ಕೆ. Kariyappa,BSRCP,BSRCP,36197,13016,#1f77b4
2013,59,Maski,ಮಾಸ್ಕಿ,maski,maski_assembly_constituency,ST,ಪರಿಶಿಷ್ಟ ಪಂಗಡ (ST),Pratapgowda Patil,Pratapgowda ಪಾಟೀಲ್,INC,ಕಾಂಗ್ರೆಸ್ (INC),45552,43.1,Mahadevappa Gowda,ಮಹಾದೇವಪ್ಪ ಗೌಡ,KJP,KJP,26405,19147,#1f77b4
2013,60,Kushtagi,ಕುಷ್ಟಗಿ,kushtagi,kushtagi_assembly_constituency,nan,ಸಾಮಾನ್ಯ,Doddanagouda Hanamagouda Patil,Doddanagouda Hanamagouda ಪಾಟೀಲ್,BJP,ಬಿಜೆಪಿ (BJP),44007,31.8,Amaregouda Linganagouda Patil Bayyapur,Amaregouda Linganagouda ಪಾಟೀಲ್ Bayyapur,INC,ಕಾಂಗ್ರೆಸ್ (INC),40970,3037,#ff7f0e
2013,61,Kanakagiri,ಕನಕಗಿರಿ,kanakagiri,kanakagiri_assembly_constituency,SC,ಪರಿಶಿಷ್ಟ ಜಾತಿ (SC),Shivaraj Sangappa Tangadagi,Shivaraj ಸಂಗ್ಲಪ್ಪ Tangadagi,INC,ಕಾಂಗ್ರೆಸ್ (INC),49451,36.5,Basavaraj Dadhesuguru,ಬಸವರಾಜ್ Dadhesuguru,KJP,KJP,44399,5052,#1f77b4
2013,62,Gangavathi,ಗಂಗಾವತಿ,gangavathi,gangavathi_assembly_constituency,nan,ಸಾಮಾನ್ಯ,Iqbal Ansari,Iqbal Ansari,JD(S),ಜೆಡಿಎಸ್ (JD-S),60303,48.1,Paranna Eshwarappa Munavalli,Paranna ಈಶ್ವರಪ್ಪ Munavalli,BJP,ಬಿಜೆಪಿ (BJP),30514,29789,#31a354
2013,63,Yelburga,ಯಲಬುರ್ಗಾ,yelburga,yelburga_assembly_constituency,nan,ಸಾಮಾನ್ಯ,Basavaraj Rayaraddy,ಬಸವರಾಜ್ Rayaraddy,INC,ಕಾಂಗ್ರೆಸ್ (INC),52388,38.3,Achar Halappa Basappa,Achar Halappa Basappa,BJP,ಬಿಜೆಪಿ (BJP),35488,16900,#1f77b4
2013,64,Koppal,ಕೊಪ್ಪಳ,koppal,koppal_assembly_constituency,nan,ಸಾಮಾನ್ಯ,K.Raghavendra Basavaraj Hitnal,ಕೆ. Raghavendra ಬಸವರಾಜ್ Hitnal,INC,ಕಾಂಗ್ರೆಸ್ (INC),81062,53.5,Karadi Sanganna Amarappa,Karadi Sanganna Amarappa,BJP,ಬಿಜೆಪಿ (BJP),54274,26788,#1f77b4
2013,65,Shirahatti,ಶಿರಹಟ್ಟಿ,shirahatti,shirahatti_assembly_constituency,SC,ಪರಿಶಿಷ್ಟ ಜಾತಿ (SC),Doddamani Ramakrishna Shidlingappa,Doddamani Ramakrishna Shidlingappa,INC,ಕಾಂಗ್ರೆಸ್ (INC),44738,34.1,Ramappa Sobeppa Lamani,Ramappa Sobeppa Lamani,BJP,ಬಿಜೆಪಿ (BJP),44423,315,#1f77b4
2013,66,Gadag,ಗದಗ,gadag,gadag_assembly_constituency,nan,ಸಾಮಾನ್ಯ,H K Patil,ಎಚ್. ಕೆ. ಪಾಟೀಲ್,INC,ಕಾಂಗ್ರೆಸ್ (INC),70475,51.7,Anil Prakashbabu Mensinkai,Anil Prakashbabu Mensinkai,BSRCP,BSRCP,36748,33727,#1f77b4
2013,67,Ron,ರೋಣ,ron,ron_assembly_constituency,nan,ಸಾಮಾನ್ಯ,Gurupadagouda Sanganagouda Patil,Gurupadagouda Sanganagouda ಪಾಟೀಲ್,INC,ಕಾಂಗ್ರೆಸ್ (INC),74593,51.1,Kalakappa Gurushanthappa Bandi,Kalakappa Gurushanthappa Bandi,BJP,ಬಿಜೆಪಿ (BJP),56366,18227,#1f77b4
2013,68,Naragund,Naragund,naragund,naragund_assembly_constituency,nan,ಸಾಮಾನ್ಯ,B R Yavagal,ಬಿ. ಆರ್. Yavagal,INC,ಕಾಂಗ್ರೆಸ್ (INC),59620,46.3,C C Patil,ಸಿ. ಸಿ. ಪಾಟೀಲ್,BJP,ಬಿಜೆಪಿ (BJP),51035,8585,#1f77b4
2013,69,Navalgund,ನವಲಗುಂದ,navalgund,navalgund_assembly_constituency,nan,ಸಾಮಾನ್ಯ,N.H.Konaraddi,ಎನ್. ಎಚ್. Konaraddi,JD(S),ಜೆಡಿಎಸ್ (JD-S),44448,32.4,Patil Munenakoppa Shankar,ಪಾಟೀಲ್ Munenakoppa Shankar,BJP,ಬಿಜೆಪಿ (BJP),41779,2669,#31a354
2013,70,Kundgol,ಕುಂದಗೋಳ,kundgol,kundgol_assembly_constituency,nan,ಸಾಮಾನ್ಯ,Channabasappa Satyappa Shivalli,Channabasappa Satyappa Shivalli,INC,ಕಾಂಗ್ರೆಸ್ (INC),52690,40.7,Chikkangoudra Siddangouda Ishwargoud,Chikkangoudra Siddangouda Ishwargoud,KJP,KJP,31618,21072,#1f77b4
2013,71,Dharwad,ಧಾರವಾಡ,dharwad,dharwad_assembly_constituency,nan,ಸಾಮಾನ್ಯ,Vinay Kulkarni,Vinay Kulkarni,INC,ಕಾಂಗ್ರೆಸ್ (INC),53453,40.2,Amrut Ayyappa Desai,Amrut Ayyappa ದೇಸಾಯಿ,JD(S),ಜೆಡಿಎಸ್ (JD-S),35133,18320,#1f77b4
2013,72,Hubli-Dharwad-East,Hubli Dharwad East,hublidharwadeast,hublidharwadeast_assembly_constituency,SC,ಪರಿಶಿಷ್ಟ ಜಾತಿ (SC),Abbayya Prasad,Abbayya Prasad,INC,ಕಾಂಗ್ರೆಸ್ (INC),42353,38.8,Veerabhadrappa Halaharavi,Veerabhadrappa Halaharavi,BJP,ಬಿಜೆಪಿ (BJP),28831,13522,#1f77b4
2013,73,Hubli-Dharwad Central,ಹುಬ್ಬಳ್ಳಿ-ಧಾರವಾಡ ಕೇಂದ್ರ,hublidharwadcentral,hublidharwad_central_assembly_constituency,nan,ಸಾಮಾನ್ಯ,Jagadish Shettar,Jagadish ಶೆಟ್ಟರ್,BJP,ಬಿಜೆಪಿ (BJP),58201,49.6,Dr. Mahesh Nalwad,ಡಾ. Mahesh Nalwad,INC,ಕಾಂಗ್ರೆಸ್ (INC),40447,17754,#ff7f0e
2013,74,Hubli-Dharwad- West,Hubli Dharwad West,hublidharwadwest,hublidharwad_west_assembly_constituency,nan,ಸಾಮಾನ್ಯ,Aravind Chandrakant Bellad,Aravind Chandrakant Bellad,BJP,ಬಿಜೆಪಿ (BJP),42003,33.1,S. R. Morey,ಎಸ್. ಆರ್. Morey,INC,ಕಾಂಗ್ರೆಸ್ (INC),30821,11182,#ff7f0e
2013,75,Kalghatgi,ಕಲಘಟಗಿ,kalghatgi,kalghatgi_assembly_constituency,nan,ಸಾಮಾನ್ಯ,Santhosh S Lad,Santhosh ಎಸ್. Lad,INC,ಕಾಂಗ್ರೆಸ್ (INC),76802,58.4,Nimbannavar Channappa Mallappa,Nimbannavar Channappa Mallappa,KJP,KJP,31141,45661,#1f77b4
2013,76,Haliyal,ಹಳಿಯಾಳ,haliyal,haliyal_assembly_constituency,nan,ಸಾಮಾನ್ಯ,Deshpande. R. V.,Deshpande ಆರ್. ವಿ.,INC,ಕಾಂಗ್ರೆಸ್ (INC),55005,45.8,Sunil Hegade,Sunil Hegade,JD(S),ಜೆಡಿಎಸ್ (JD-S),49066,5939,#1f77b4
2013,77,Karwar,ಕಾರವಾರ,karwar,karwar_assembly_constituency,nan,ಸಾಮಾನ್ಯ,Santeesh Sail Krishna,Santeesh Sail Krishna,IND,ಪಕ್ಷೇತರ (IND),80727,55.5,Asnotikar Anand Vasant,Asnotikar ಆನಂದ್ Vasant,BJP,ಬಿಜೆಪಿ (BJP),44847,35880,#7f7f7f
2013,78,Kumta,ಕುಮಟಾ,kumta,kumta_assembly_constituency,nan,ಸಾಮಾನ್ಯ,Sharda Mohan Shetty,Sharda Mohan Shetty,INC,ಕಾಂಗ್ರೆಸ್ (INC),36756,29.6,Dinakar Keshav Shetty,Dinakar Keshav Shetty,JD(S),ಜೆಡಿಎಸ್ (JD-S),36336,420,#1f77b4
2013,79,Bhatkal,ಭಟ್ಕಳ,bhatkal,bhatkal_assembly_constituency,nan,ಸಾಮಾನ್ಯ,Mankala Subba Vaidya,Mankala Subba Vaidya,IND,ಪಕ್ಷೇತರ (IND),37319,27.7,Enayathullah Shabandri,Enayathullah Shabandri,JD(S),ಜೆಡಿಎಸ್ (JD-S),27435,9884,#7f7f7f
2013,80,Sirsi,ಶಿರಸಿ,sirsi,sirsi_assembly_constituency,nan,ಸಾಮಾನ್ಯ,Anant Kageri Vishweshwar Hegde,Anant Kageri Vishweshwar ಹೆಗಡೆ,BJP,ಬಿಜೆಪಿ (BJP),42854,32.7,Ayyappanagar Deepak Honnavar,Ayyappanagar Deepak Honnavar,INC,ಕಾಂಗ್ರೆಸ್ (INC),39795,3059,#ff7f0e
2013,81,Yellapur,ಯಲ್ಲಾಪುರ,yellapur,yellapur_assembly_constituency,nan,ಸಾಮಾನ್ಯ,Arbail Shivaram Hebbar,Arbail Shivaram Hebbar,INC,ಕಾಂಗ್ರೆಸ್ (INC),58025,48.1,Patil Veerabhadragouda Shivanagouda,ಪಾಟೀಲ್ Veerabhadragouda Shivanagouda,BJP,ಬಿಜೆಪಿ (BJP),33533,24492,#1f77b4
2013,82,Hanagal,Hanagal,hanagal,hanagal_assembly_constituency,nan,ಸಾಮಾನ್ಯ,Manohar H. Tahashildar,Manohar ಎಚ್. Tahashildar,INC,ಕಾಂಗ್ರೆಸ್ (INC),66324,45.9,Udasi C.M,Udasi ಸಿ. ಎಂ.,KJP,KJP,60638,5686,#1f77b4
2013,83,Shiggaon,ಶಿಗ್ಗಾಂವಿ,shiggaon,shiggaon_assembly_constituency,nan,ಸಾಮಾನ್ಯ,Basavaraj Bommai,ಬಸವರಾಜ್ ಬೊಮ್ಮಾಯಿ,BJP,ಬಿಜೆಪಿ (BJP),73007,48.6,Khadri Sayed Azimpeer Sayed Kaderbasha,Khadri Sayed Azimpeer Sayed Kaderbasha,INC,ಕಾಂಗ್ರೆಸ್ (INC),63504,9503,#ff7f0e
2013,84,Haveri,ಹಾವೇರಿ,haveri,haveri_assembly_constituency,SC,ಪರಿಶಿಷ್ಟ ಜಾತಿ (SC),Rudrappa Manappa Lamani,Rudrappa Manappa Lamani,INC,ಕಾಂಗ್ರೆಸ್ (INC),83119,55.2,Neharu Olekara,Neharu Olekara,KJP,KJP,52911,30208,#1f77b4
2013,85,Byadgi,ಬ್ಯಾಡಗಿ,byadgi,byadgi_assembly_constituency,nan,ಸಾಮಾನ್ಯ,Basavaraj Neelappa Shivannanavar,ಬಸವರಾಜ್ Neelappa Shivannanavar,INC,ಕಾಂಗ್ರೆಸ್ (INC),57707,38.5,Shivaraj Sajjanar,Shivaraj Sajjanar,KJP,KJP,44348,13359,#1f77b4
2013,86,Hirekerur,ಹಿರೇಕೆರೂರು,hirekerur,hirekerur_assembly_constituency,nan,ಸಾಮಾನ್ಯ,U. B. Banakar,ಯು. ಬಿ. Banakar,KJP,KJP,52623,39.6,B.C.Patil,ಬಿ. ಸಿ. ಪಾಟೀಲ್,INC,ಕಾಂಗ್ರೆಸ್ (INC),50017,2606,#64748b
2013,87,Ranibennur,ರಾಣೆಬೆನ್ನೂರು,ranibennur,ranibennur_assembly_constituency,nan,ಸಾಮಾನ್ಯ,Koliwad K.B,Koliwad ಕೆ. ಬಿ.,INC,ಕಾಂಗ್ರೆಸ್ (INC),53780,33.8,R.Shankar,ಆರ್. Shankar,IND,ಪಕ್ಷೇತರ (IND),46992,6788,#1f77b4
2013,88,Hadagalli,ಹೂವಿನಹಡಗಲಿ,hadagalli,hadagalli_assembly_constituency,SC,ಪರಿಶಿಷ್ಟ ಜಾತಿ (SC),P.T.Parameshwaranaik,ಪಿ. ಟಿ. Parameshwaranaik,INC,ಕಾಂಗ್ರೆಸ್ (INC),59336,51.1,B.Chandranaik,ಬಿ. Chandranaik,BJP,ಬಿಜೆಪಿ (BJP),18526,40810,#1f77b4
2013,89,Hagaribommanahalli,ಹಗರಿಬೊಮ್ಮನಹಳ್ಳಿ,hagaribommanahalli,hagaribommanahalli_assembly_constituency,SC,ಪರಿಶಿಷ್ಟ ಜಾತಿ (SC),Bheemanaik Lbp,Bheemanaik Lbp,JD(S),ಜೆಡಿಎಸ್ (JD-S),51972,35.9,K Nemaraja Naik,ಕೆ. Nemaraja ನಾಯಕ್,BJP,ಬಿಜೆಪಿ (BJP),51847,125,#31a354
2013,90,Vijayanagara,ವಿಜಯನಗರ,vijayanagara,vijayanagara_assembly_constituency,nan,ಸಾಮಾನ್ಯ,Anand Singh,ಆನಂದ್ Singh,BJP,ಬಿಜೆಪಿ (BJP),69995,56.1,H.Abdul Wahab,ಎಚ್. Abdul Wahab,INC,ಕಾಂಗ್ರೆಸ್ (INC),39358,30637,#ff7f0e
2013,91,Kampli,ಕಂಪ್ಲಿ,kampli,kampli_assembly_constituency,ST,ಪರಿಶಿಷ್ಟ ಪಂಗಡ (ST),T.H. Suresh Babu,ಟಿ. ಎಚ್. Suresh Babu,BSRCP,BSRCP,70858,50.5,J.N. Ganesh,ಜೆ. ಎನ್. ಗಣೇಶ್,IND,ಪಕ್ಷೇತರ (IND),36462,34396,#64748b
2013,92,Siruguppa,ಸಿರುಗುಪ್ಪ,siruguppa,siruguppa_assembly_constituency,ST,ಪರಿಶಿಷ್ಟ ಪಂಗಡ (ST),B.M. Nagaraja,ಬಿ. ಎಂ. Nagaraja,INC,ಕಾಂಗ್ರೆಸ್ (INC),65490,51.7,M.S. Somalingappa,ಎಂ. ಎಸ್. Somalingappa,BJP,ಬಿಜೆಪಿ (BJP),43676,21814,#1f77b4
2013,93,Bellary,ಬಳ್ಳಾರಿ,bellary,bellary_assembly_constituency,ST,ಪರಿಶಿಷ್ಟ ಪಂಗಡ (ST),B. Sreeramulu,ಬಿ. Sreeramulu,BSRCP,BSRCP,74854,57.4,Asundi Vannurappa,Asundi Vannurappa,INC,ಕಾಂಗ್ರೆಸ್ (INC),41560,33294,#64748b
2013,94,Bellary City,ಬಳ್ಳಾರಿ ನಗರ,bellarycity,bellary_city_assembly_constituency,nan,ಸಾಮಾನ್ಯ,Anil Lad,Anil Lad,INC,ಕಾಂಗ್ರೆಸ್ (INC),52098,43.6,S. Murali Krishna,ಎಸ್. Murali Krishna,BSRCP,BSRCP,33898,18200,#1f77b4
2013,95,Sandur,ಸಂಡೂರು,sandur,sandur_assembly_constituency,ST,ಪರಿಶಿಷ್ಟ ಪಂಗಡ (ST),E.Tukaram,ಇ. Tukaram,INC,ಕಾಂಗ್ರೆಸ್ (INC),62246,48.5,Dhananjaya.R,Dhananjaya ಆರ್.,JD(S),ಜೆಡಿಎಸ್ (JD-S),27615,34631,#1f77b4
2013,96,Kudligi,ಕೂಡ್ಲಿಗಿ,kudligi,kudligi_assembly_constituency,ST,ಪರಿಶಿಷ್ಟ ಪಂಗಡ (ST),B. Nagendra,ಬಿ. Nagendra,IND,ಪಕ್ಷೇತರ (IND),71477,53.8,S. Venkatesha,ಎಸ್. Venkatesha,INC,ಕಾಂಗ್ರೆಸ್ (INC),46674,24803,#7f7f7f
2013,97,Molakalmuru,ಮೊಳಕಾಲ್ಮೂರು,molakalmuru,molakalmuru_assembly_constituency,ST,ಪರಿಶಿಷ್ಟ ಪಂಗಡ (ST),S. Thippeswamy,ಎಸ್. Thippeswamy,BSRCP,BSRCP,76827,46.7,N. Y. Gopalakrishna,ಎನ್. ವೈ. Gopalakrishna,INC,ಕಾಂಗ್ರೆಸ್ (INC),69658,7169,#64748b
2013,98,Challakere,ಚಳ್ಳಕೆರೆ,challakere,challakere_assembly_constituency,ST,ಪರಿಶಿಷ್ಟ ಪಂಗಡ (ST),T Raghumurthy,ಟಿ. Raghumurthy,INC,ಕಾಂಗ್ರೆಸ್ (INC),60197,40.7,K T Kumaraswamy,ಕೆ. ಟಿ. Kumaraswamy,KJP,KJP,37074,23123,#1f77b4
2013,99,Chitradurga,ಚಿತ್ರದುರ್ಗ,chitradurga,chitradurga_assembly_constituency,nan,ಸಾಮಾನ್ಯ,G.H.Thippareddy,ಜಿ. ಎಚ್. Thippareddy,BJP,ಬಿಜೆಪಿ (BJP),62228,38.1,Basavarajan (Basanna),Basavarajan ( Basanna ),JD(S),ಜೆಡಿಎಸ್ (JD-S),35510,26718,#ff7f0e
2013,100,Hiriyur,ಹಿರಿಯೂರು,hiriyur,hiriyur_assembly_constituency,nan,ಸಾಮಾನ್ಯ,D.Sudhakar,ಡಿ. Sudhakar,INC,ಕಾಂಗ್ರೆಸ್ (INC),71661,44.7,A.Krishnappa,ಎ. Krishnappa,JD(S),ಜೆಡಿಎಸ್ (JD-S),70456,1205,#1f77b4
2013,101,Hosadurga,ಹೊಸದುರ್ಗ,hosadurga,hosadurga_assembly_constituency,nan,ಸಾಮಾನ್ಯ,B.G. Govindappa,ಬಿ. ಜಿ. Govindappa,INC,ಕಾಂಗ್ರೆಸ್ (INC),58010,41.4,Gulihatti D. Shekar,Gulihatti ಡಿ. Shekar,IND,ಪಕ್ಷೇತರ (IND),37993,20017,#1f77b4
2013,102,Holalkere,ಹೊಳಲ್ಕೆರೆ,holalkere,holalkere_assembly_constituency,SC,ಪರಿಶಿಷ್ಟ ಜಾತಿ (SC),H. Anjaneya,ಎಚ್. Anjaneya,INC,ಕಾಂಗ್ರೆಸ್ (INC),76856,47.2,M. Chandrappa,ಎಂ. Chandrappa,KJP,KJP,63992,12864,#1f77b4
2013,103,Jagalur,ಜಗಳೂರು,jagalur,jagalur_assembly_constituency,ST,ಪರಿಶಿಷ್ಟ ಪಂಗಡ (ST),H.P.Rajesh,ಎಚ್. ಪಿ. Rajesh,INC,ಕಾಂಗ್ರೆಸ್ (INC),77805,58.9,S.V.Ramachandra,ಎಸ್. ವಿ. Ramachandra,KJP,KJP,40915,36890,#1f77b4
2013,104,Harapanahalli,ಹರಪನಹಳ್ಳಿ,harapanahalli,harapanahalli_assembly_constituency,nan,ಸಾಮಾನ್ಯ,M P Ravindra,ಎಂ. ಪಿ. Ravindra,INC,ಕಾಂಗ್ರೆಸ್ (INC),56954,37.9,G Karunakarareddy,ಜಿ. Karunakarareddy,BJP,ಬಿಜೆಪಿ (BJP),48548,8406,#1f77b4
2013,105,Harihar,Harihar,harihar,harihar_assembly_constituency,nan,ಸಾಮಾನ್ಯ,H.S. Shivashankar,ಎಚ್. ಎಸ್. Shivashankar,JD(S),ಜೆಡಿಎಸ್ (JD-S),59666,39.6,S.Ramappa,ಎಸ್. Ramappa,INC,ಕಾಂಗ್ರೆಸ್ (INC),40613,19053,#31a354
2013,106,Davanagere North,ದಾವಣಗೆರೆ ಉತ್ತರ,davanagerenorth,davanagere_north_assembly_constituency,nan,ಸಾಮಾನ್ಯ,S S Mallikarjuna,ಎಸ್. ಎಸ್. Mallikarjuna,INC,ಕಾಂಗ್ರೆಸ್ (INC),88101,65.5,S A Ravindranath,ಎಸ್. ಎ. Ravindranath,BJP,ಬಿಜೆಪಿ (BJP),30821,57280,#1f77b4
2013,107,Davanagere South,ದಾವಣಗೆರೆ ದಕ್ಷಿಣ,davanageresouth,davanagere_south_assembly_constituency,nan,ಸಾಮಾನ್ಯ,Shamanur Shivashankarappa,Shamanur Shivashankarappa,INC,ಕಾಂಗ್ರೆಸ್ (INC),66320,55.1,Karekatte Syed Saifulla,Karekatte Syed Saifulla,JD(S),ಜೆಡಿಎಸ್ (JD-S),26162,40158,#1f77b4
2013,108,Mayakonda,ಮಾಯಾಕೊಂಡ,mayakonda,mayakonda_assembly_constituency,SC,ಪರಿಶಿಷ್ಟ ಜಾತಿ (SC),K.Shivamurthy,ಕೆ. Shivamurthy,INC,ಕಾಂಗ್ರೆಸ್ (INC),32435,24.0,N.Linganna,ಎನ್. Linganna,KJP,KJP,31741,694,#1f77b4
2013,109,Channagiri,ಚನ್ನಗಿರಿ,channagiri,channagiri_assembly_constituency,nan,ಸಾಮಾನ್ಯ,Vadnal Rajanna,Vadnal Rajanna,INC,ಕಾಂಗ್ರೆಸ್ (INC),53355,37.2,K.Madal Virupakshappa,ಕೆ. Madal Virupakshappa,KJP,KJP,51582,1773,#1f77b4
2013,110,Honnali,ಹೊನ್ನಾಳಿ,honnali,honnali_assembly_constituency,nan,ಸಾಮಾನ್ಯ,D. G Shantana Gowda,ಡಿ. ಜಿ. Shantana ಗೌಡ,INC,ಕಾಂಗ್ರೆಸ್ (INC),78789,52.8,M. P. Renukacharya,ಎಂ. ಪಿ. Renukacharya,KJP,KJP,60051,18738,#1f77b4
2013,111,Shimoga Rural,ಶಿವಮೊಗ್ಗ ಗ್ರಾಮಾಂತರ,shimogarural,shimoga_rural_assembly_constituency,SC,ಪರಿಶಿಷ್ಟ ಜಾತಿ (SC),Sharada Pooryanaik,Sharada Pooryanaik,JD(S),ಜೆಡಿಎಸ್ (JD-S),48639,33.9,G.Basavannappa,ಜಿ. Basavannappa,KJP,KJP,38530,10109,#31a354
2013,112,Bhadravathi,Bhadravathi,bhadravathi,bhadravathi_assembly_constituency,nan,ಸಾಮಾನ್ಯ,Appaji. M.J,Appaji ಎಂ. ಜೆ.,JD(S),ಜೆಡಿಎಸ್ (JD-S),78370,54.6,B.K.Sangameshwara,ಬಿ. ಕೆ. Sangameshwara,IND,ಪಕ್ಷೇತರ (IND),34271,44099,#31a354
2013,113,Shimoga,ಶಿವಮೊಗ್ಗ,shimoga,shimoga_assembly_constituency,nan,ಸಾಮಾನ್ಯ,K.B. Prasannakumar,ಕೆ. ಬಿ. Prasannakumar,INC,ಕಾಂಗ್ರೆಸ್ (INC),39355,28.2,S. Rudregowda,ಎಸ್. Rudregowda,KJP,KJP,39077,278,#1f77b4
2013,114,Tirthahalli,ತೀರ್ಥಹಳ್ಳಿ,tirthahalli,tirthahalli_assembly_constituency,nan,ಸಾಮಾನ್ಯ,Kimmane Ratnakar,Kimmane Ratnakar,INC,ಕಾಂಗ್ರೆಸ್ (INC),37160,26.7,R. M. Manjunatha Gowda,ಆರ್. ಎಂ. Manjunatha ಗೌಡ,KJP,KJP,35817,1343,#1f77b4
2013,115,Shikaripura,ಶಿಕಾರಿಪುರ,shikaripura,shikaripura_assembly_constituency,nan,ಸಾಮಾನ್ಯ,B.S.Yadiyurappa,ಬಿ. ಎಸ್. Yadiyurappa,KJP,KJP,69126,49.9,H.S.Shanthaveerappagowda(Shantanna),ಎಚ್. ಎಸ್. Shanthaveerappagowda ( Shantanna ),INC,ಕಾಂಗ್ರೆಸ್ (INC),44701,24425,#64748b
2013,116,Sorab,ಸೊರಬ,sorab,sorab_assembly_constituency,nan,ಸಾಮಾನ್ಯ,S.Madhu Bangarappa,ಎಸ್. Madhu Bangarappa,JD(S),ಜೆಡಿಎಸ್ (JD-S),58541,41.5,H.Halappa,ಎಚ್. Halappa,KJP,KJP,37316,21225,#31a354
2013,117,Sagar,ಸಾಗರ,sagar,sagar_assembly_constituency,nan,ಸಾಮಾನ್ಯ,Kagodu Thimmappa,Kagodu Thimmappa,INC,ಕಾಂಗ್ರೆಸ್ (INC),71960,52.4,B.R. Jayanth,ಬಿ. ಆರ್. Jayanth,KJP,KJP,30712,41248,#1f77b4
2013,118,Baindur,Baindur,baindur,baindur_assembly_constituency,nan,ಸಾಮಾನ್ಯ,K.Gopala Poojary,ಕೆ. Gopala ಪೂಜಾರಿ,INC,ಕಾಂಗ್ರೆಸ್ (INC),82277,55.6,B.M. Sukumar Shetty,ಬಿ. ಎಂ. Sukumar Shetty,BJP,ಬಿಜೆಪಿ (BJP),51128,31149,#1f77b4
2013,119,Kundapura,ಕುಂದಾಪುರ,kundapura,kundapura_assembly_constituency,nan,ಸಾಮಾನ್ಯ,Halady Srinivasa Shetty,Halady ಶ್ರೀನಿವಾಸ Shetty,IND,ಪಕ್ಷೇತರ (IND),80563,58.0,Mallyadi Shivarama Shetty,Mallyadi Shivarama Shetty,INC,ಕಾಂಗ್ರೆಸ್ (INC),39952,40611,#7f7f7f
2013,120,Udupi,ಉಡುಪಿ,udupi,udupi_assembly_constituency,nan,ಸಾಮಾನ್ಯ,Pramod Madhwaraj,Pramod Madhwaraj,INC,ಕಾಂಗ್ರೆಸ್ (INC),86868,62.8,B. Sudhakar Shetty,ಬಿ. Sudhakar Shetty,BJP,ಬಿಜೆಪಿ (BJP),47344,39524,#1f77b4
2013,121,Kaup,ಕಾಪು,kaup,kaup_assembly_constituency,nan,ಸಾಮಾನ್ಯ,Vinay Kumar Sorake,Vinay ಕುಮಾರ್ Sorake,INC,ಕಾಂಗ್ರೆಸ್ (INC),52782,46.4,Lalaji R.Mendon,Lalaji ಆರ್. Mendon,BJP,ಬಿಜೆಪಿ (BJP),50927,1855,#1f77b4
2013,122,Karkala,ಕಾರ್ಕಳ,karkala,karkala_assembly_constituency,nan,ಸಾಮಾನ್ಯ,V.Sunill Kumar,ವಿ. Sunill ಕುಮಾರ್,BJP,ಬಿಜೆಪಿ (BJP),65039,49.8,H.Gopal Bhandary,ಎಚ್. Gopal Bhandary,INC,ಕಾಂಗ್ರೆಸ್ (INC),60785,4254,#ff7f0e
2013,123,Sringeri,ಶೃಂಗೇರಿ,sringeri,sringeri_assembly_constituency,nan,ಸಾಮಾನ್ಯ,D.N. Jeevaraj,ಡಿ. ಎನ್. Jeevaraj,BJP,ಬಿಜೆಪಿ (BJP),58402,48.7,T.D. Raje Gowda,ಟಿ. ಡಿ. Raje ಗೌಡ,INC,ಕಾಂಗ್ರೆಸ್ (INC),54950,3452,#ff7f0e
2013,124,Mudigere,ಮೂಡಿಗೆರೆ,mudigere,mudigere_assembly_constituency,SC,ಪರಿಶಿಷ್ಟ ಜಾತಿ (SC),B.B. Ningaiah,ಬಿ. ಬಿ. Ningaiah,JD(S),ಜೆಡಿಎಸ್ (JD-S),32417,29.4,B.N. Chandrappa,ಬಿ. ಎನ್. Chandrappa,INC,ಕಾಂಗ್ರೆಸ್ (INC),31782,635,#31a354
2013,125,Chikmagalur,ಚಿಕ್ಕಮಗಳೂರು,chikmagalur,chikmagalur_assembly_constituency,nan,ಸಾಮಾನ್ಯ,C T Ravi,ಸಿ. ಟಿ. Ravi,BJP,ಬಿಜೆಪಿ (BJP),58683,42.2,K S Shanthe Gowda,ಕೆ. ಎಸ್. Shanthe ಗೌಡ,INC,ಕಾಂಗ್ರೆಸ್ (INC),47695,10988,#ff7f0e
2013,126,Tarikere,ತಾರೀಕೆರೆ,tarikere,tarikere_assembly_constituency,nan,ಸಾಮಾನ್ಯ,G.H Srinivasa,ಜಿ. ಎಚ್. ಶ್ರೀನಿವಾಸ,INC,ಕಾಂಗ್ರೆಸ್ (INC),35817,28.7,D.S Suresh,ಡಿ. ಎಸ್. Suresh,KJP,KJP,34918,899,#1f77b4
2013,127,Kadur,ಕಡೂರು,kadur,kadur_assembly_constituency,nan,ಸಾಮಾನ್ಯ,Y.S.V.Datta,ವೈ. ಎಸ್. ವಿ. Datta,JD(S),ಜೆಡಿಎಸ್ (JD-S),68733,48.6,Belli Prakash,Belli ಪ್ರಕಾಶ್,KJP,KJP,26300,42433,#31a354
2013,128,Chiknaikanahalli,Chiknaikanahalli,chiknaikanahalli,chiknaikanahalli_assembly_constituency,nan,ಸಾಮಾನ್ಯ,C.B.Sureshbabu,ಸಿ. ಬಿ. Sureshbabu,JD(S),ಜೆಡಿಎಸ್ (JD-S),60759,37.8,J.C.Madhuswamy,ಜೆ. ಸಿ. Madhuswamy,KJP,KJP,49620,11139,#31a354
2013,129,Tiptur,ತಿಪಟೂರು,tiptur,tiptur_assembly_constituency,nan,ಸಾಮಾನ್ಯ,K.Shadakshari,ಕೆ. Shadakshari,INC,ಕಾಂಗ್ರೆಸ್ (INC),56817,40.5,B.C.Nagesh,ಬಿ. ಸಿ. Nagesh,BJP,ಬಿಜೆಪಿ (BJP),45215,11602,#1f77b4
2013,130,Turuvekere,ತುರುವೇಕೆರೆ,turuvekere,turuvekere_assembly_constituency,nan,ಸಾಮಾನ್ಯ,M.T.Krishnappa,ಎಂ. ಟಿ. Krishnappa,JD(S),ಜೆಡಿಎಸ್ (JD-S),66089,47.2,Masala Jayaram,Masala Jayaram,KJP,KJP,57164,8925,#31a354
2013,131,Kunigal,ಕುಣಿಗಲ್,kunigal,kunigal_assembly_constituency,nan,ಸಾಮಾನ್ಯ,D. Nagarajaiah,ಡಿ. Nagarajaiah,JD(S),ಜೆಡಿಎಸ್ (JD-S),44575,31.3,D.Krishnakumar,ಡಿ. Krishnakumar,BJP,ಬಿಜೆಪಿ (BJP),34943,9632,#31a354
2013,132,Tumkur City,ತುಮಕೂರು ನಗರ,tumkurcity,tumkur_city_assembly_constituency,nan,ಸಾಮಾನ್ಯ,Dr. Rafeeq Ahmed S.,ಡಾ. Rafeeq Ahmed ಎಸ್.,INC,ಕಾಂಗ್ರೆಸ್ (INC),43681,31.6,G.B. Jyothi Ganesh,ಜಿ. ಬಿ. Jyothi ಗಣೇಶ್,KJP,KJP,40073,3608,#1f77b4
2013,133,Tumkur Rural,ತುಮಕೂರು ಗ್ರಾಮಾಂತರ,tumkurrural,tumkur_rural_assembly_constituency,nan,ಸಾಮಾನ್ಯ,B.Suresh Gowda,ಬಿ. Suresh ಗೌಡ,BJP,ಬಿಜೆಪಿ (BJP),55029,37.5,Gowrishankar.D.C.,Gowrishankar ಡಿ. ಸಿ.,JD(S),ಜೆಡಿಎಸ್ (JD-S),53457,1572,#ff7f0e
2013,134,Koratagere,ಕೊರಟಗೆರೆ,koratagere,koratagere_assembly_constituency,SC,ಪರಿಶಿಷ್ಟ ಜಾತಿ (SC),Sudhakara Lal .P.R,Sudhakara Lal ಪಿ. ಆರ್.,JD(S),ಜೆಡಿಎಸ್ (JD-S),72229,47.4,Dr. G.Parameshwara,ಡಾ. ಜಿ. Parameshwara,INC,ಕಾಂಗ್ರೆಸ್ (INC),54074,18155,#31a354
2013,135,Gubbi,ಗುಬ್ಬಿ,gubbi,gubbi_assembly_constituency,nan,ಸಾಮಾನ್ಯ,S R Shrinivas (Vasu),ಎಸ್. ಆರ್. Shrinivas ( Vasu ),JD(S),ಜೆಡಿಎಸ್ (JD-S),58783,42.1,G.N. Bettaswamy,ಜಿ. ಎನ್. Bettaswamy,KJP,KJP,51539,7244,#31a354
2013,136,Sira,ಸಿರಾ,sira,sira_assembly_constituency,nan,ಸಾಮಾನ್ಯ,T B Jayachandra,ಟಿ. ಬಿ. Jayachandra,INC,ಕಾಂಗ್ರೆಸ್ (INC),74089,46.5,B.Sathyanarayana,ಬಿ. Sathyanarayana,JD(S),ಜೆಡಿಎಸ್ (JD-S),59408,14681,#1f77b4
2013,137,Pavagada,ಪಾವಗಡ,pavagada,pavagada_assembly_constituency,SC,ಪರಿಶಿಷ್ಟ ಜಾತಿ (SC),K.M.Thimmarayappa,ಕೆ. ಎಂ. Thimmarayappa,JD(S),ಜೆಡಿಎಸ್ (JD-S),68686,47.2,H.V.Venkatesh,ಎಚ್. ವಿ. Venkatesh,INC,ಕಾಂಗ್ರೆಸ್ (INC),63823,4863,#31a354
2013,138,Madhugiri,ಮಧುಗಿರಿ,madhugiri,madhugiri_assembly_constituency,nan,ಸಾಮಾನ್ಯ,Kyatasandra N.Rajanna,Kyatasandra ಎನ್. Rajanna,INC,ಕಾಂಗ್ರೆಸ್ (INC),75086,51.0,M.V.Veerabhadraiah,ಎಂ. ವಿ. Veerabhadraiah,JD(S),ಜೆಡಿಎಸ್ (JD-S),60659,14427,#1f77b4
2013,139,Gauribidanur,ಗೌರಿಬಿದನೂರು,gauribidanur,gauribidanur_assembly_constituency,nan,ಸಾಮಾನ್ಯ,N H Shivashankara Reddy,ಎನ್. ಎಚ್. Shivashankara ರೆಡ್ಡಿ,INC,ಕಾಂಗ್ರೆಸ್ (INC),49831,33.3,K Jaipala Reddy,ಕೆ. Jaipala ರೆಡ್ಡಿ,IND,ಪಕ್ಷೇತರ (IND),44058,5773,#1f77b4
2013,140,Bagepalli,ಬಾಗೇಪಲ್ಲಿ,bagepalli,bagepalli_assembly_constituency,nan,ಸಾಮಾನ್ಯ,S.N Subbareddy(Chinnakayalapalli),ಎಸ್. ಎನ್. Subbareddy ( Chinnakayalapalli ),IND,ಪಕ್ಷೇತರ (IND),66227,44.0,Sriramareddy G.V,Sriramareddy ಜಿ. ವಿ.,CPM,ಸಿಪಿಎಂ (CPM),35472,30755,#7f7f7f
2013,141,Chikkaballapur,ಚಿಕ್ಕಬಳ್ಳಾಪುರ,chikkaballapur,chikkaballapur_assembly_constituency,nan,ಸಾಮಾನ್ಯ,Dr. K Sudhakar,ಡಾ. ಕೆ. Sudhakar,INC,ಕಾಂಗ್ರೆಸ್ (INC),74914,51.1,K P Bachegowda,ಕೆ. ಪಿ. Bachegowda,JD(S),ಜೆಡಿಎಸ್ (JD-S),59866,15048,#1f77b4
2013,142,Sidlaghatta,ಶಿಡ್ಲಘಟ್ಟ,sidlaghatta,sidlaghatta_assembly_constituency,nan,ಸಾಮಾನ್ಯ,M. Rajanna,ಎಂ. Rajanna,JD(S),ಜೆಡಿಎಸ್ (JD-S),77931,50.7,V. Muniyappa,ವಿ. Muniyappa,INC,ಕಾಂಗ್ರೆಸ್ (INC),62452,15479,#31a354
2013,143,Chintamani,ಚಿಂತಾಮಣಿ,chintamani,chintamani_assembly_constituency,nan,ಸಾಮಾನ್ಯ,J.K.Krishnareddy,ಜೆ. ಕೆ. Krishnareddy,JD(S),ಜೆಡಿಎಸ್ (JD-S),69030,43.6,Dr. M.C. Sudhakar,ಡಾ. ಎಂ. ಸಿ. Sudhakar,IND,ಪಕ್ಷೇತರ (IND),67257,1773,#31a354
2013,144,Srinivasapur,ಶ್ರೀನಿವಾಸಪುರ,srinivasapur,srinivasapur_assembly_constituency,nan,ಸಾಮಾನ್ಯ,K.R.Rameshkumar,ಕೆ. ಆರ್. Rameshkumar,INC,ಕಾಂಗ್ರೆಸ್ (INC),83426,49.4,G.K.Venkatashivareddy,ಜಿ. ಕೆ. Venkatashivareddy,JD(S),ಜೆಡಿಎಸ್ (JD-S),79533,3893,#1f77b4
2013,145,Mulbagal,ಮುಳಬಾಗಿಲು,mulbagal,mulbagal_assembly_constituency,SC,ಪರಿಶಿಷ್ಟ ಜಾತಿ (SC),G.Manjunatha,ಜಿ. Manjunatha,IND,ಪಕ್ಷೇತರ (IND),73146,52.7,N. Munianjappa,ಎನ್. Munianjappa,JD(S),ಜೆಡಿಎಸ್ (JD-S),39412,33734,#7f7f7f
2013,146,Kolar Gold Field,ಕೋಲಾರ ಗೋಲ್ಡ್ ಫೀಲ್ಡ್ (KGF),kolargoldfield,kolar_gold_field_assembly_constituency,SC,ಪರಿಶಿಷ್ಟ ಜಾತಿ (SC),Ramakka .Y,Ramakka ವೈ.,BJP,ಬಿಜೆಪಿ (BJP),55014,46.9,M. Backthavachalam,ಎಂ. Backthavachalam,JD(S),ಜೆಡಿಎಸ್ (JD-S),28992,26022,#ff7f0e
2013,147,Bangarapet,ಬಂಗಾರಪೇಟೆ,bangarapet,bangarapet_assembly_constituency,SC,ಪರಿಶಿಷ್ಟ ಜಾತಿ (SC),S.N.Narayanaswamy.K.M,ಎಸ್. ಎನ್. Narayanaswamy ಕೆ. ಎಂ.,INC,ಕಾಂಗ್ರೆಸ್ (INC),71570,50.5,Em Narayanaswamy,Em Narayanaswamy,BJP,ಬಿಜೆಪಿ (BJP),43193,28377,#1f77b4
2013,148,Kolar,ಕೋಲಾರ,kolar,kolar_assembly_constituency,nan,ಸಾಮಾನ್ಯ,R. Vathur Prakash,ಆರ್. Vathur ಪ್ರಕಾಶ್,IND,ಪಕ್ಷೇತರ (IND),62957,38.5,K. Srinivasa Gowda,ಕೆ. ಶ್ರೀನಿವಾಸ ಗೌಡ,JD(S),ಜೆಡಿಎಸ್ (JD-S),50366,12591,#7f7f7f
2013,149,Malur,ಮಲೂರು,malur,malur_assembly_constituency,nan,ಸಾಮಾನ್ಯ,K.S. Manjunathgowda,ಕೆ. ಎಸ್. Manjunathgowda,JD(S),ಜೆಡಿಎಸ್ (JD-S),57645,40.3,Krisshnaiah Setty Es.En. Maluru,Krisshnaiah Setty Es En Maluru,IND,ಪಕ್ಷೇತರ (IND),38876,18769,#31a354
2013,150,Yelahanka,ಯಲಹಂಕ,yelahanka,yelahanka_assembly_constituency,nan,ಸಾಮಾನ್ಯ,S.R. Vishwanath,ಎಸ್. ಆರ್. Vishwanath,BJP,ಬಿಜೆಪಿ (BJP),75507,38.5,B. Chandrappa,ಬಿ. Chandrappa,JD(S),ಜೆಡಿಎಸ್ (JD-S),57110,18397,#ff7f0e
2013,151,K.R.Pura,ಕೆ. ಆರ್. Pura,krpura,krpura_assembly_constituency,nan,ಸಾಮಾನ್ಯ,B.A.Basavaraja,ಬಿ. ಎ. Basavaraja,INC,ಕಾಂಗ್ರೆಸ್ (INC),106299,53.1,N.S.Nandiesha Reddy,ಎನ್. ಎಸ್. Nandiesha ರೆಡ್ಡಿ,BJP,ಬಿಜೆಪಿ (BJP),82298,24001,#1f77b4
2013,152,Byatarayanapura,ಬ್ಯಾಟರಾಯನಪುರ,byatarayanapura,byatarayanapura_assembly_constituency,nan,ಸಾಮಾನ್ಯ,Krishna Byre Gowda,Krishna Byre ಗೌಡ,INC,ಕಾಂಗ್ರೆಸ್ (INC),96125,46.1,A.Ravi,ಎ. Ravi,BJP,ಬಿಜೆಪಿ (BJP),63725,32400,#1f77b4
2013,153,Yeshwanthapura,Yeshwanthapura,yeshwanthapura,yeshwanthapura_assembly_constituency,nan,ಸಾಮಾನ್ಯ,S.T.Somashekar,ಎಸ್. ಟಿ. Somashekar,INC,ಕಾಂಗ್ರೆಸ್ (INC),120380,52.0,T.N.Javarayi Gowda,ಟಿ. ಎನ್. Javarayi ಗೌಡ,JD(S),ಜೆಡಿಎಸ್ (JD-S),91280,29100,#1f77b4
2013,154,Rajarajeshwarinagar,ರಾಜರಾಜೇಶ್ವರಿನಗರ,rajarajeshwarinagar,rajarajeshwarinagar_assembly_constituency,nan,ಸಾಮಾನ್ಯ,Munirathna,Munirathna,INC,ಕಾಂಗ್ರೆಸ್ (INC),71064,37.4,K.L.R.Thimmananjaiah,ಕೆ. ಎಲ್. ಆರ್. Thimmananjaiah,JD(S),ಜೆಡಿಎಸ್ (JD-S),52251,18813,#1f77b4
2013,155,Dasarahalli,ದಾಸರಹಳ್ಳಿ,dasarahalli,dasarahalli_assembly_constituency,nan,ಸಾಮಾನ್ಯ,S Muniraju,ಎಸ್. Muniraju,BJP,ಬಿಜೆಪಿ (BJP),57562,30.1,B L Shankar,ಬಿ. ಎಲ್. Shankar,INC,ಕಾಂಗ್ರೆಸ್ (INC),46734,10828,#ff7f0e
2013,156,Mahalakshmi Layout,ಮಹಾಲಕ್ಷ್ಮಿ ಲೇಔಟ್,mahalakshmilayout,mahalakshmi_layout_assembly_constituency,nan,ಸಾಮಾನ್ಯ,Gopalaiah .K.,Gopalaiah ಕೆ.,JD(S),ಜೆಡಿಎಸ್ (JD-S),66127,44.7,N.L. Narendrababu,ಎನ್. ಎಲ್. Narendrababu,INC,ಕಾಂಗ್ರೆಸ್ (INC),50757,15370,#31a354
2013,157,Malleshwaram,ಮಲ್ಲೇಶ್ವರಂ,malleshwaram,malleshwaram_assembly_constituency,nan,ಸಾಮಾನ್ಯ,Dr. Ashwath Narayan C. N.,ಡಾ. Ashwath Narayan ಸಿ. ಎನ್.,BJP,ಬಿಜೆಪಿ (BJP),57609,53.2,B. K. Shivaram.,ಬಿ. ಕೆ. Shivaram,INC,ಕಾಂಗ್ರೆಸ್ (INC),36543,21066,#ff7f0e
2013,158,Hebbal,ಹೆಬ್ಬಾಳ,hebbal,hebbal_assembly_constituency,nan,ಸಾಮಾನ್ಯ,R. Jagadeesh Kumar,ಆರ್. Jagadeesh ಕುಮಾರ್,BJP,ಬಿಜೆಪಿ (BJP),38162,33.0,C.K. Abdul Rahman Sharief,ಸಿ. ಕೆ. Abdul Rahman Sharief,INC,ಕಾಂಗ್ರೆಸ್ (INC),33026,5136,#ff7f0e
2013,159,Pulakeshinagar,ಪುಲಕೇಸಿನಗರ,pulakeshinagar,pulakeshinagar_assembly_constituency,SC,ಪರಿಶಿಷ್ಟ ಜಾತಿ (SC),Akhanda Srinivas Murthy.R,Akhanda ಶ್ರೀನಿವಾಸ್ Murthy ಆರ್.,JD(S),ಜೆಡಿಎಸ್ (JD-S),48995,48.8,B.Prasanna Kumar,ಬಿ. Prasanna ಕುಮಾರ್,INC,ಕಾಂಗ್ರೆಸ್ (INC),38796,10199,#31a354
2013,160,Sarvagnanagar,ಸರ್ವಜ್ಞನಗರ,sarvagnanagar,sarvagnanagar_assembly_constituency,nan,ಸಾಮಾನ್ಯ,Kelachandra Joseph George,Kelachandra Joseph George,INC,ಕಾಂಗ್ರೆಸ್ (INC),69673,49.5,Padmanabha Reddy,Padmanabha ರೆಡ್ಡಿ,BJP,ಬಿಜೆಪಿ (BJP),46819,22854,#1f77b4
2013,161,C.V. Raman Nagar,ಸಿ. ವಿ. Raman Nagar,cvramannagar,cv_raman_nagar_assembly_constituency,SC,ಪರಿಶಿಷ್ಟ ಜಾತಿ (SC),S. Raghu,ಎಸ್. Raghu,BJP,ಬಿಜೆಪಿ (BJP),53444,50.3,P. Ramesh,ಪಿ. ರಮೇಶ್,INC,ಕಾಂಗ್ರೆಸ್ (INC),44982,8462,#ff7f0e
2013,162,Shivajinagar,ಶಿವಾಜಿನಗರ,shivajinagar,shivajinagar_assembly_constituency,nan,ಸಾಮಾನ್ಯ,R.Roshan Baig,ಆರ್. Roshan Baig,INC,ಕಾಂಗ್ರೆಸ್ (INC),49649,54.6,Nirmal Surana,Nirmal Surana,BJP,ಬಿಜೆಪಿ (BJP),28794,20855,#1f77b4
2013,163,Shanthinagar,ಶಾಂತಿ ನಗರ,shanthinagar,shanthinagar_assembly_constituency,SC,ಪರಿಶಿಷ್ಟ ಜಾತಿ (SC),N.A.Haris,ಎನ್. ಎ. Haris,INC,ಕಾಂಗ್ರೆಸ್ (INC),54342,52.4,K. Vasudeva Murthy,ಕೆ. Vasudeva Murthy,JD(S),ಜೆಡಿಎಸ್ (JD-S),34155,20187,#1f77b4
2013,164,Gandhinagar,ಗಾಂಧಿ ನಗರ,gandhinagar,gandhinagar_assembly_constituency,nan,ಸಾಮಾನ್ಯ,Dinesh Gundu Rao,Dinesh Gundu ರಾವ್,INC,ಕಾಂಗ್ರೆಸ್ (INC),54968,49.6,P C Mohan,ಪಿ. ಸಿ. Mohan,BJP,ಬಿಜೆಪಿ (BJP),32361,22607,#1f77b4
2013,165,Rajajinagar,ರಾಜಾಜಿ ನಗರ,rajajinagar,rajajinagar_assembly_constituency,nan,ಸಾಮಾನ್ಯ,S.Suresh Kumar,ಎಸ್. Suresh ಕುಮಾರ್,BJP,ಬಿಜೆಪಿ (BJP),39291,36.4,R.Manjula Naidu,ಆರ್. Manjula Naidu,INC,ಕಾಂಗ್ರೆಸ್ (INC),24524,14767,#ff7f0e
2013,166,Govindraj Nagar,ಗೋವಿಂದರಾಜ ನಗರ,govindrajnagar,govindraj_nagar_assembly_constituency,nan,ಸಾಮಾನ್ಯ,Priyakrishna,Priyakrishna,INC,ಕಾಂಗ್ರೆಸ್ (INC),72654,55.4,H. Ravindra,ಎಚ್. Ravindra,BJP,ಬಿಜೆಪಿ (BJP),30194,42460,#1f77b4
2013,167,Vijayanagar,ವಿಜಯ ನಗರ,vijayanagar,vijayanagar_assembly_constituency,nan,ಸಾಮಾನ್ಯ,M.Krishnappa,ಎಂ. Krishnappa,INC,ಕಾಂಗ್ರೆಸ್ (INC),76891,57.7,V.Somanna,ವಿ. Somanna,BJP,ಬಿಜೆಪಿ (BJP),44249,32642,#1f77b4
2013,168,Chamarajapet,Chamarajapet,chamarajapet,chamarajapet_assembly_constituency,nan,ಸಾಮಾನ್ಯ,B.Z.Zameer Ahmed Khan,ಬಿ. ಜೆಡ್. Zameer Ahmed Khan,JD(S),ಜೆಡಿಎಸ್ (JD-S),56339,52.3,G.A.Bava,ಜಿ. ಎ. Bava,INC,ಕಾಂಗ್ರೆಸ್ (INC),26177,30162,#31a354
2013,169,Chickpet,ಚಿಕ್ಕಪೇಟೆ,chickpet,chickpet_assembly_constituency,nan,ಸಾಮಾನ್ಯ,R.V. Devraj,ಆರ್. ವಿ. Devraj,INC,ಕಾಂಗ್ರೆಸ್ (INC),44714,41.1,Uday.B.Garudachar,Uday ಬಿ. Garudachar,BJP,ಬಿಜೆಪಿ (BJP),31655,13059,#1f77b4
2013,170,Basavanagudi,ಬಸವನಗುಡಿ,basavanagudi,basavanagudi_assembly_constituency,nan,ಸಾಮಾನ್ಯ,Ravi Subramanya.L.A.,Ravi Subramanya ಎಲ್. ಎ.,BJP,ಬಿಜೆಪಿ (BJP),43883,42.3,K.Bagegowda,ಕೆ. Bagegowda,JD(S),ಜೆಡಿಎಸ್ (JD-S),24163,19720,#ff7f0e
2013,171,Padmanabanagar,Padmanabanagar,padmanabanagar,padmanabanagar_assembly_constituency,nan,ಸಾಮಾನ್ಯ,R Ashoka,ಆರ್. Ashoka,BJP,ಬಿಜೆಪಿ (BJP),53680,41.8,L.S.Chethan Gowda,ಎಲ್. ಎಸ್. Chethan ಗೌಡ,INC,ಕಾಂಗ್ರೆಸ್ (INC),33557,20123,#ff7f0e
2013,172,B.T.M.Layout,ಬಿ. ಟಿ. ಎಂ. Layout,btmlayout,btmlayout_assembly_constituency,nan,ಸಾಮಾನ್ಯ,Ramalingareddy,Ramalingareddy,INC,ಕಾಂಗ್ರೆಸ್ (INC),69712,63.1,N. Sudhakar,ಎನ್. Sudhakar,BJP,ಬಿಜೆಪಿ (BJP),20664,49048,#1f77b4
2013,173,Jayanagar,ಜಯನಗರ,jayanagar,jayanagar_assembly_constituency,nan,ಸಾಮಾನ್ಯ,B.N. Vijayakumar,ಬಿ. ಎನ್. Vijayakumar,BJP,ಬಿಜೆಪಿ (BJP),43990,46.0,M.C.Venugopal,ಎಂ. ಸಿ. Venugopal,INC,ಕಾಂಗ್ರೆಸ್ (INC),31678,12312,#ff7f0e
2013,174,Mahadevapura,ಮಹದೇವಪುರ,mahadevapura,mahadevapura_assembly_constituency,SC,ಪರಿಶಿಷ್ಟ ಜಾತಿ (SC),Arvind Limbavali,Arvind Limbavali,BJP,ಬಿಜೆಪಿ (BJP),110244,48.6,A.C.Srinivas,ಎ. ಸಿ. ಶ್ರೀನಿವಾಸ್,INC,ಕಾಂಗ್ರೆಸ್ (INC),104095,6149,#ff7f0e
2013,175,Bommanahalli,ಬೊಮ್ಮನಹಳ್ಳಿ,bommanahalli,bommanahalli_assembly_constituency,nan,ಸಾಮಾನ್ಯ,Sathish Reddy.M,Sathish ರೆಡ್ಡಿ ಎಂ.,BJP,ಬಿಜೆಪಿ (BJP),86552,49.5,Nagabhushana.C,Nagabhushana ಸಿ.,INC,ಕಾಂಗ್ರೆಸ್ (INC),60700,25852,#ff7f0e
2013,176,Bangalore South,ಬೆಂಗಳೂರು ದಕ್ಷಿಣ,bangaloresouth,bangalore_south_assembly_constituency,nan,ಸಾಮಾನ್ಯ,M. Krishnappa,ಎಂ. Krishnappa,BJP,ಬಿಜೆಪಿ (BJP),102207,40.8,R. Prabhakara Reddy,ಆರ್. Prabhakara ರೆಡ್ಡಿ,JD(S),ಜೆಡಿಎಸ್ (JD-S),72045,30162,#ff7f0e
2013,177,Anekal,ಆನೇಕಲ್,anekal,anekal_assembly_constituency,SC,ಪರಿಶಿಷ್ಟ ಜಾತಿ (SC),Shivanna B.,ಶಿವಣ್ಣ ಬಿ.,INC,ಕಾಂಗ್ರೆಸ್ (INC),105464,56.6,A. Narayanaswamy,ಎ. Narayanaswamy,BJP,ಬಿಜೆಪಿ (BJP),65282,40182,#1f77b4
2013,178,Hosakote,ಹೊಸಕೋಟೆ,hosakote,hosakote_assembly_constituency,nan,ಸಾಮಾನ್ಯ,M.T.B. Nagaraj,ಎಂ. ಟಿ. ಬಿ. Nagaraj,INC,ಕಾಂಗ್ರೆಸ್ (INC),85238,51.2,B N Bachegowda,ಬಿ. ಎನ್. Bachegowda,BJP,ಬಿಜೆಪಿ (BJP),78099,7139,#1f77b4
2013,179,Devanahalli,ದೇವನಹಳ್ಳಿ,devanahalli,devanahalli_assembly_constituency,SC,ಪರಿಶಿಷ್ಟ ಜಾತಿ (SC),Pilla Munishamappa,Pilla Munishamappa,JD(S),ಜೆಡಿಎಸ್ (JD-S),70323,45.8,Venkataswamy,Venkataswamy,INC,ಕಾಂಗ್ರೆಸ್ (INC),68381,1942,#31a354
2013,180,Doddaballapur,ದೊಡ್ಡಬಳ್ಳಾಪುರ,doddaballapur,doddaballapur_assembly_constituency,nan,ಸಾಮಾನ್ಯ,T.Venkataramanaiah (Appakaranahalli T.Venkatesh),ಟಿ. Venkataramanaiah ( Appakaranahalli ಟಿ. Venkatesh ),INC,ಕಾಂಗ್ರೆಸ್ (INC),38877,26.2,B Munegowda,ಬಿ. Munegowda,IND,ಪಕ್ಷೇತರ (IND),37430,1447,#1f77b4
2013,181,Nelamangala,ನೆಲಮಂಗಲ,nelamangala,nelamangala_assembly_constituency,SC,ಪರಿಶಿಷ್ಟ ಜಾತಿ (SC),Dr K Srinivasamurthy,ಡಾ. ಕೆ. Srinivasamurthy,JD(S),ಜೆಡಿಎಸ್ (JD-S),60492,43.3,Anjanamurthy,Anjanamurthy,INC,ಕಾಂಗ್ರೆಸ್ (INC),45389,15103,#31a354
2013,182,Magadi,ಮಾಗಡಿ,magadi,magadi_assembly_constituency,nan,ಸಾಮಾನ್ಯ,H.C.Balakrishna,ಎಚ್. ಸಿ. Balakrishna,JD(S),ಜೆಡಿಎಸ್ (JD-S),74821,44.0,A.Manjunath,ಎ. Manjunath,INC,ಕಾಂಗ್ರೆಸ್ (INC),60462,14359,#31a354
2013,183,Ramanagaram,Ramanagaram,ramanagaram,ramanagaram_assembly_constituency,nan,ಸಾಮಾನ್ಯ,H D Kumara Swamy,ಎಚ್. ಡಿ. Kumara ಸ್ವಾಮಿ,JD(S),ಜೆಡಿಎಸ್ (JD-S),83447,56.1,Maridevaru,Maridevaru,INC,ಕಾಂಗ್ರೆಸ್ (INC),58049,25398,#31a354
2013,184,Kanakapura,ಕನಕಪುರ,kanakapura,kanakapura_assembly_constituency,nan,ಸಾಮಾನ್ಯ,D.K. Shivakumar,ಡಿ. ಕೆ. ಶಿವಕುಮಾರ್,INC,ಕಾಂಗ್ರೆಸ್ (INC),100007,56.8,P.G.R Sindhia,ಪಿ. ಜಿ. ಆರ್. Sindhia,JD(S),ಜೆಡಿಎಸ್ (JD-S),68583,31424,#1f77b4
2013,185,Channapatna,ಚನ್ನಪಟ್ಟಣ,channapatna,channapatna_assembly_constituency,nan,ಸಾಮಾನ್ಯ,C P Yogeshwara,ಸಿ. ಪಿ. Yogeshwara,SP,SP,80099,47.5,Anitha Kumaraswamy,Anitha Kumaraswamy,JD(S),ಜೆಡಿಎಸ್ (JD-S),73635,6464,#64748b
2013,186,Malavalli,ಮಳವಳ್ಳಿ,malavalli,malavalli_assembly_constituency,SC,ಪರಿಶಿಷ್ಟ ಜಾತಿ (SC),P.M.Narendra Swamy,ಪಿ. ಎಂ. Narendra ಸ್ವಾಮಿ,INC,ಕಾಂಗ್ರೆಸ್ (INC),61869,35.9,Dr. K. Annadani,ಡಾ. ಕೆ. Annadani,JD(S),ಜೆಡಿಎಸ್ (JD-S),61331,538,#1f77b4
2013,187,Maddur,ಮದ್ದೂರು,maddur,maddur_assembly_constituency,nan,ಸಾಮಾನ್ಯ,D.C.Thammanna,ಡಿ. ಸಿ. Thammanna,JD(S),ಜೆಡಿಎಸ್ (JD-S),80926,51.8,Madhu G.Madegowda,Madhu ಜಿ. Madegowda,INC,ಕಾಂಗ್ರೆಸ್ (INC),48968,31958,#31a354
2013,188,Melukote,ಮೇಲುಕೋಟೆ,melukote,melukote_assembly_constituency,nan,ಸಾಮಾನ್ಯ,K.S.Puttannaiah,ಕೆ. ಎಸ್. Puttannaiah,SKP,ಎಸ್‌.ಕೆ.ಪಿ (SKP),80041,49.7,C.S.Puttaraju,ಸಿ. ಎಸ್. Puttaraju,JD(S),ಜೆಡಿಎಸ್ (JD-S),70193,9848,#e377c2
2013,189,Mandya,ಮಂಡ್ಯ,mandya,mandya_assembly_constituency,nan,ಸಾಮಾನ್ಯ,M.H. Ambareesh,ಎಂ. ಎಚ್. Ambareesh,INC,ಕಾಂಗ್ರೆಸ್ (INC),90329,59.1,M. Srinivas,ಎಂ. ಶ್ರೀನಿವಾಸ್,JD(S),ಜೆಡಿಎಸ್ (JD-S),47392,42937,#1f77b4
2013,190,Shrirangapattana,Shrirangapattana,shrirangapattana,shrirangapattana_assembly_constituency,nan,ಸಾಮಾನ್ಯ,A.B. Ramesha Bandisiddegowda,ಎ. ಬಿ. Ramesha Bandisiddegowda,JD(S),ಜೆಡಿಎಸ್ (JD-S),55204,35.0,Ravindra Srikantaiah,Ravindra Srikantaiah,IND,ಪಕ್ಷೇತರ (IND),41580,13624,#31a354
2013,191,Nagamangala,ನಾಗಮಂಗಲ,nagamangala,nagamangala_assembly_constituency,nan,ಸಾಮಾನ್ಯ,N.Chaluvarayaswamy (Swamy Gowda),ಎನ್. Chaluvarayaswamy ( ಸ್ವಾಮಿ ಗೌಡ ),JD(S),ಜೆಡಿಎಸ್ (JD-S),89203,54.5,Suresh Gowdaa,Suresh Gowdaa,INC,ಕಾಂಗ್ರೆಸ್ (INC),68840,20363,#31a354
2013,192,Krishnarajapete,Krishnarajapete,krishnarajapete,krishnarajapete_assembly_constituency,nan,ಸಾಮಾನ್ಯ,Narayanagowda,Narayanagowda,JD(S),ಜೆಡಿಎಸ್ (JD-S),56784,37.0,K B Chandrashekar,ಕೆ. ಬಿ. Chandrashekar,INC,ಕಾಂಗ್ರೆಸ್ (INC),47541,9243,#31a354
2013,193,Shravanabelagola,ಶ್ರವಣಬೆಳಗೊಳ,shravanabelagola,shravanabelagola_assembly_constituency,nan,ಸಾಮಾನ್ಯ,C.N.Balakrishna,ಸಿ. ಎನ್. Balakrishna,JD(S),ಜೆಡಿಎಸ್ (JD-S),87185,56.0,C.S.Puttegowda,ಸಿ. ಎಸ್. Puttegowda,INC,ಕಾಂಗ್ರೆಸ್ (INC),63043,24142,#31a354
2013,194,Arsikere,ಅರಸೀಕೆರೆ,arsikere,arsikere_assembly_constituency,nan,ಸಾಮಾನ್ಯ,K.M.Shivalinge Gowda,ಕೆ. ಎಂ. Shivalinge ಗೌಡ,JD(S),ಜೆಡಿಎಸ್ (JD-S),76579,48.2,B.Shivaramu,ಬಿ. Shivaramu,INC,ಕಾಂಗ್ರೆಸ್ (INC),46948,29631,#31a354
2013,195,Belur,ಬೇಲೂರು,belur,belur_assembly_constituency,nan,ಸಾಮಾನ್ಯ,Y.N Rudresha Gowda,ವೈ. ಎನ್. Rudresha ಗೌಡ,INC,ಕಾಂಗ್ರೆಸ್ (INC),48802,36.7,K.S.Lingesha,ಕೆ. ಎಸ್. Lingesha,JD(S),ಜೆಡಿಎಸ್ (JD-S),41273,7529,#1f77b4
2013,196,Hassan,ಹಾಸನ,hassan,hassan_assembly_constituency,nan,ಸಾಮಾನ್ಯ,H.S.Prakash,ಎಚ್. ಎಸ್. ಪ್ರಕಾಶ್,JD(S),ಜೆಡಿಎಸ್ (JD-S),61306,46.8,H.K.Mahesh,ಎಚ್. ಕೆ. Mahesh,INC,ಕಾಂಗ್ರೆಸ್ (INC),57110,4196,#31a354
2013,197,Holenarasipur,ಹೊಳೆನರಸೀಪುರ,holenarasipur,holenarasipur_assembly_constituency,nan,ಸಾಮಾನ್ಯ,H.D Revanna,ಎಚ್. ಡಿ. Revanna,JD(S),ಜೆಡಿಎಸ್ (JD-S),92713,57.1,S.G. Anupama,ಎಸ್. ಜಿ. Anupama,INC,ಕಾಂಗ್ರೆಸ್ (INC),62655,30058,#31a354
2013,198,Arkalgud,ಅರಕಲಗೂಡು,arkalgud,arkalgud_assembly_constituency,nan,ಸಾಮಾನ್ಯ,Manju A,ಮಂಜು ಎ.,INC,ಕಾಂಗ್ರೆಸ್ (INC),61369,36.0,A.T Ramaswamy,ಎ. ಟಿ. Ramaswamy,JD(S),ಜೆಡಿಎಸ್ (JD-S),52575,8794,#1f77b4
2013,199,Sakleshpur,ಸಕಲೇಶಪುರ,sakleshpur,sakleshpur_assembly_constituency,SC,ಪರಿಶಿಷ್ಟ ಜಾತಿ (SC),Kumaraswamy H.K.,Kumaraswamy ಎಚ್. ಕೆ.,JD(S),ಜೆಡಿಎಸ್ (JD-S),63602,45.3,D. Mallesh,ಡಿ. Mallesh,INC,ಕಾಂಗ್ರೆಸ್ (INC),30533,33069,#31a354
2013,200,Belthangady,ಬೆಳ್ತಂಗಡಿ,belthangady,belthangady_assembly_constituency,nan,ಸಾಮಾನ್ಯ,K. Vasantha Bangera,ಕೆ. Vasantha Bangera,INC,ಕಾಂಗ್ರೆಸ್ (INC),74530,51.0,Ranjan G. Gowda,Ranjan ಜಿ. ಗೌಡ,BJP,ಬಿಜೆಪಿ (BJP),58789,15741,#1f77b4
2013,201,Moodabidri,ಮೂಡಬಿದಿರೆ,moodabidri,moodabidri_assembly_constituency,nan,ಸಾಮಾನ್ಯ,K Abhayachandra,ಕೆ. Abhayachandra,INC,ಕಾಂಗ್ರೆಸ್ (INC),53180,41.3,Umanatha Kotian,Umanatha Kotian,BJP,ಬಿಜೆಪಿ (BJP),48630,4550,#1f77b4
2013,202,Mangalore City North,ಮಂಗಳೂರು ನಗರ ಉತ್ತರ,mangalorecitynorth,mangalore_city_north_assembly_constituency,nan,ಸಾಮಾನ್ಯ,B.A.Mohiuddin Bava,ಬಿ. ಎ. Mohiuddin Bava,INC,ಕಾಂಗ್ರೆಸ್ (INC),69897,47.9,Krishna.J.Palemar,Krishna ಜೆ. Palemar,BJP,ಬಿಜೆಪಿ (BJP),64524,5373,#1f77b4
2013,203,Mangalore City South,ಮಂಗಳೂರು ನಗರ ದಕ್ಷಿಣ,mangalorecitysouth,mangalore_city_south_assembly_constituency,nan,ಸಾಮಾನ್ಯ,J.R.Lobo,ಜೆ. ಆರ್. Lobo,INC,ಕಾಂಗ್ರೆಸ್ (INC),67829,51.3,N. Yogish Bhat,ಎನ್. Yogish Bhat,BJP,ಬಿಜೆಪಿ (BJP),55554,12275,#1f77b4
2013,204,Mangalore,ಮಂಗಳೂರು,mangalore,mangalore_assembly_constituency,nan,ಸಾಮಾನ್ಯ,U T Khader,ಯು. ಟಿ. Khader,INC,ಕಾಂಗ್ರೆಸ್ (INC),69450,55.6,Chandrahas Ullal,Chandrahas Ullal,BJP,ಬಿಜೆಪಿ (BJP),40339,29111,#1f77b4
2013,205,Bantwal,Bantwal,bantwal,bantwal_assembly_constituency,nan,ಸಾಮಾನ್ಯ,B.Ramanatha Rai,ಬಿ. Ramanatha Rai,INC,ಕಾಂಗ್ರೆಸ್ (INC),81665,52.3,Rajesh Naik Ulipady,Rajesh ನಾಯಕ್ Ulipady,BJP,ಬಿಜೆಪಿ (BJP),63815,17850,#1f77b4
2013,206,Puttur,ಪುತ್ತೂರು,puttur,puttur_assembly_constituency,nan,ಸಾಮಾನ್ಯ,Shakuntala T Shetty,Shakuntala ಟಿ. Shetty,INC,ಕಾಂಗ್ರೆಸ್ (INC),66345,46.5,Sanjeeva Matandoor,Sanjeeva Matandoor,BJP,ಬಿಜೆಪಿ (BJP),62056,4289,#1f77b4
2013,207,Sullia,ಸುಳ್ಯ,sullia,sullia_assembly_constituency,SC,ಪರಿಶಿಷ್ಟ ಜಾತಿ (SC),Angara. S,Angara ಎಸ್.,BJP,ಬಿಜೆಪಿ (BJP),65913,45.1,Dr. B. Raghu,ಡಾ. ಬಿ. Raghu,INC,ಕಾಂಗ್ರೆಸ್ (INC),64540,1373,#ff7f0e
2013,208,Madikeri,ಮಡಿಕೇರಿ,madikeri,madikeri_assembly_constituency,nan,ಸಾಮಾನ್ಯ,Appachu (Ranjan) M.P,Appachu ( Ranjan ) ಎಂ. ಪಿ.,BJP,ಬಿಜೆಪಿ (BJP),56696,36.9,B.A.Jivijaya,ಬಿ. ಎ. Jivijaya,JD(S),ಜೆಡಿಎಸ್ (JD-S),52067,4629,#ff7f0e
2013,209,Virajpet,ವಿರಾಜಪೇಟೆ,virajpet,virajpet_assembly_constituency,nan,ಸಾಮಾನ್ಯ,K.G.Bopaiah,ಕೆ. ಜಿ. Bopaiah,BJP,ಬಿಜೆಪಿ (BJP),67250,47.2,Biddatanda.T.Pradeep,Biddatanda ಟಿ. Pradeep,INC,ಕಾಂಗ್ರೆಸ್ (INC),63836,3414,#ff7f0e
2013,210,Periyapatna,ಪಿರಿಯಾಪಟ್ಟಣ,periyapatna,periyapatna_assembly_constituency,nan,ಸಾಮಾನ್ಯ,K.Venkatesh,ಕೆ. Venkatesh,INC,ಕಾಂಗ್ರೆಸ್ (INC),62045,45.5,K.Mahadev,ಕೆ. Mahadev,JD(S),ಜೆಡಿಎಸ್ (JD-S),59957,2088,#1f77b4
2013,211,Krishnarajanagara,Krishnarajanagara,krishnarajanagara,krishnarajanagara_assembly_constituency,nan,ಸಾಮಾನ್ಯ,Sa.Ra.Mahesh,Sa Ra Mahesh,JD(S),ಜೆಡಿಎಸ್ (JD-S),81457,51.7,Doddaswamegowda,Doddaswamegowda,INC,ಕಾಂಗ್ರೆಸ್ (INC),66405,15052,#31a354
2013,212,Hunasuru,Hunasuru,hunasuru,hunasuru_assembly_constituency,nan,ಸಾಮಾನ್ಯ,H.P.Manjunath,ಎಚ್. ಪಿ. Manjunath,INC,ಕಾಂಗ್ರೆಸ್ (INC),83930,52.0,Kumaraswamy,Kumaraswamy,JD(S),ಜೆಡಿಎಸ್ (JD-S),43723,40207,#1f77b4
2013,213,Heggadadevanakote,Heggadadevanakote,heggadadevanakote,heggadadevanakote_assembly_constituency,SC,ಪರಿಶಿಷ್ಟ ಜಾತಿ (SC),Chikkamadu S,Chikkamadu ಎಸ್.,JD(S),ಜೆಡಿಎಸ್ (JD-S),48606,32.6,Chikkanna,Chikkanna,INC,ಕಾಂಗ್ರೆಸ್ (INC),36108,12498,#31a354
2013,214,Nanjangud,ನಂಜನಗೂಡು,nanjangud,nanjangud_assembly_constituency,SC,ಪರಿಶಿಷ್ಟ ಜಾತಿ (SC),V.Srinivasa Prasad,ವಿ. ಶ್ರೀನಿವಾಸ Prasad,INC,ಕಾಂಗ್ರೆಸ್ (INC),50784,36.0,Kalale N .Keshavamurthy,Kalale ಎನ್. Keshavamurthy,JD(S),ಜೆಡಿಎಸ್ (JD-S),41843,8941,#1f77b4
2013,215,Chamundeshwari,ಚಾಮುಂಡೇಶ್ವರಿ,chamundeshwari,chamundeshwari_assembly_constituency,nan,ಸಾಮಾನ್ಯ,G.T. Deve Gowda,ಜಿ. ಟಿ. Deve ಗೌಡ,JD(S),ಜೆಡಿಎಸ್ (JD-S),75864,42.9,M. Sathyanarayana,ಎಂ. Sathyanarayana,INC,ಕಾಂಗ್ರೆಸ್ (INC),68761,7103,#31a354
2013,216,Krishnaraja,Krishnaraja,krishnaraja,krishnaraja_assembly_constituency,nan,ಸಾಮಾನ್ಯ,M.K.Somashekar,ಎಂ. ಕೆ. Somashekar,INC,ಕಾಂಗ್ರೆಸ್ (INC),52611,41.2,S.A.Ramadas,ಎಸ್. ಎ. Ramadas,BJP,ಬಿಜೆಪಿ (BJP),46546,6065,#1f77b4
2013,217,Chamaraja,ಚಾಮರಾಜ,chamaraja,chamaraja_assembly_constituency,nan,ಸಾಮಾನ್ಯ,Vasu,Vasu,INC,ಕಾಂಗ್ರೆಸ್ (INC),41930,38.1,H.S.Shankaralinge Gowda,ಎಚ್. ಎಸ್. Shankaralinge ಗೌಡ,JD(S),ಜೆಡಿಎಸ್ (JD-S),29015,12915,#1f77b4
2013,218,Narasimharaja,ನರಸಿಂಹರಾಜ,narasimharaja,narasimharaja_assembly_constituency,nan,ಸಾಮಾನ್ಯ,Tanveer Sait,Tanveer ಸೇಟ್,INC,ಕಾಂಗ್ರೆಸ್ (INC),38037,32.9,Abdul Majid K H,Abdul Majid ಕೆ. ಎಚ್.,SDPI,SDPI,29667,8370,#1f77b4
2013,219,Varuna,ವರುಣ,varuna,varuna_assembly_constituency,nan,ಸಾಮಾನ್ಯ,Siddaramaiah,ಸಿದ್ದರಾಮಯ್ಯ,INC,ಕಾಂಗ್ರೆಸ್ (INC),84385,52.5,Kapu Siddalingaswamy,Kapu Siddalingaswamy,KJP,KJP,54744,29641,#1f77b4
2013,220,T.Narasipur,ಟಿ. Narasipur,tnarasipur,tnarasipur_assembly_constituency,SC,ಪರಿಶಿಷ್ಟ ಜಾತಿ (SC),Dr. H.C. Mahadevappa,ಡಾ. ಎಚ್. ಸಿ. ಮಹಾದೇವಪ್ಪ,INC,ಕಾಂಗ್ರೆಸ್ (INC),53219,39.3,M.C.Sundareshan,ಎಂ. ಸಿ. Sundareshan,JD(S),ಜೆಡಿಎಸ್ (JD-S),52896,323,#1f77b4
2013,221,Hanur,ಹನೂರು,hanur,hanur_assembly_constituency,nan,ಸಾಮಾನ್ಯ,R.Narendra,ಆರ್. Narendra,INC,ಕಾಂಗ್ರೆಸ್ (INC),55684,40.4,Parimala Nagappa,Parimala Nagappa,JD(S),ಜೆಡಿಎಸ್ (JD-S),44135,11549,#1f77b4
2013,222,Kollegal,ಕೊಳ್ಳೇಗಾಲ,kollegal,kollegal_assembly_constituency,SC,ಪರಿಶಿಷ್ಟ ಜಾತಿ (SC),S. Jayanna,ಎಸ್. Jayanna,INC,ಕಾಂಗ್ರೆಸ್ (INC),47402,32.4,N. Mahesh,ಎನ್. Mahesh,BSP,BSP,37209,10193,#1f77b4
2013,223,Chamarajanagar,ಚಾಮರಾಜನಗರ,chamarajanagar,chamarajanagar_assembly_constituency,nan,ಸಾಮಾನ್ಯ,C.Puttarangashetty,ಸಿ. Puttarangashetty,INC,ಕಾಂಗ್ರೆಸ್ (INC),54440,37.1,K.R.Mallikarjunappa,ಕೆ. ಆರ್. Mallikarjunappa,KJP,KJP,43244,11196,#1f77b4
2013,224,Gundlupet,ಗುಂಡ್ಲುಪೇಟೆ,gundlupet,gundlupet_assembly_constituency,nan,ಸಾಮಾನ್ಯ,H.S. Mahadeva Prasad,ಎಚ್. ಎಸ್. Mahadeva Prasad,INC,ಕಾಂಗ್ರೆಸ್ (INC),73723,45.4,C.S. Niranjanakumar,ಸಿ. ಎಸ್. Niranjanakumar,KJP,KJP,66048,7675,#1f77b4
2008,1,Nippani,ನಿಪ್ಪಾಣಿ,nippani,nippani_assembly_constituency,nan,ಸಾಮಾನ್ಯ,Kakaso Pandurang Patil,ಕಾಕಾಸೋ ಪಾಂಡುರಂಗ ಪಾಟೀಲ್,INC,ಕಾಂಗ್ರೆಸ್ (INC),46070,35.7,Jolle Shashikala Annasaheb,ಜೋಲ್ಲೆ ಶಶಿಕಲಾ ಅಣ್ಣಾಸಾಹೇಬ್,BJP,ಬಿಜೆಪಿ (BJP),38583,7487,#1f77b4
2008,2,Chikkodi-Sadalga,ಚಿಕ್ಕೋಡಿ - ಸಡಲಗಾ,chikkodisadalga,chikkodisadalga_assembly_constituency,nan,ಸಾಮಾನ್ಯ,Hukkeri Prakash Babanna,ಹುಕ್ಕೇರಿ ಪ್ರಕಾಶ್ Babanna,INC,ಕಾಂಗ್ರೆಸ್ (INC),68575,54.8,Jigajinagi Ramesh Chandappa,Jigajinagi ರಮೇಶ್ Chandappa,BJP,ಬಿಜೆಪಿ (BJP),44505,24070,#1f77b4
2008,3,Athani,ಅಥಣಿ,athani,athani_assembly_constituency,nan,ಸಾಮಾನ್ಯ,Laxman Sangappa Savadi,ಲಕ್ಷ್ಮಣ್ ಸಂಗ್ಲಪ್ಪ ಸವದಿ,BJP,ಬಿಜೆಪಿ (BJP),56847,45.9,Kirana Kumar Tatyagouda Patil,Kirana ಕುಮಾರ್ Tatyagouda ಪಾಟೀಲ್,INC,ಕಾಂಗ್ರೆಸ್ (INC),35179,21668,#ff7f0e
2008,4,Kagwad,ಕಾಗವಾಡ,kagwad,kagwad_assembly_constituency,nan,ಸಾಮಾನ್ಯ,Bharamgouda Alagouda Kage,ಭರಮಗೌಡ ಆಲಗೌಡ ಕಾගේ,BJP,ಬಿಜೆಪಿ (BJP),45286,42.0,Digvijaya Yashawantrao Pawar Desai,Digvijaya Yashawantrao Pawar ದೇಸಾಯಿ,INC,ಕಾಂಗ್ರೆಸ್ (INC),36304,8982,#ff7f0e
2008,5,Kudachi,ಕುಡಚಿ,kudachi,kudachi_assembly_constituency,SC,ಪರಿಶಿಷ್ಟ ಜಾತಿ (SC),Ghatage Shama Bhima,Ghatage Shama Bhima,INC,ಕಾಂಗ್ರೆಸ್ (INC),29481,31.7,Mahendra K Tammannavar,ಮಹೇಂದ್ರ ಕೆ. ತಮ್ಮಣ್ಣವರ್,BJP,ಬಿಜೆಪಿ (BJP),28715,766,#1f77b4
2008,6,Raybag,ರಾಯಬಾಗ,raybag,raybag_assembly_constituency,SC,ಪರಿಶಿಷ್ಟ ಜಾತಿ (SC),Aihole Duryodhan Mahalingappa,ಐಹೊಳೆ ದುರ್ಯೋಧನ ಮಹಾಲಿಂಗಪ್ಪ,BJP,ಬಿಜೆಪಿ (BJP),39378,40.7,Omprakash S Kanagali,Omprakash ಎಸ್. Kanagali,INC,ಕಾಂಗ್ರೆಸ್ (INC),24818,14560,#ff7f0e
2008,7,Hukkeri,ಹುಕ್ಕೇರಿ,hukkeri,hukkeri_assembly_constituency,nan,ಸಾಮಾನ್ಯ,Umesh Vishwanath Katti,ಉಮೇಶ್ Vishwanath ಕತ್ತಿ,JD(S),ಜೆಡಿಎಸ್ (JD-S),63328,50.2,Appayyagouda Basagouda Patil,Appayyagouda Basagouda ಪಾಟೀಲ್,INC,ಕಾಂಗ್ರೆಸ್ (INC),45692,17636,#31a354
2008,8,Arabhavi,ಅರಭಾವಿ,arabhavi,arabhavi_assembly_constituency,nan,ಸಾಮಾನ್ಯ,Balachandra Laxmanrao Jarakiholi,ಬಾಲಚಂದ್ರ ಲಕ್ಷ್ಮಣರಾವ್ Jarakiholi,JD(S),ಜೆಡಿಎಸ್ (JD-S),53206,41.8,Vivekrao Vasantrao Patil,Vivekrao Vasantrao ಪಾಟೀಲ್,BJP,ಬಿಜೆಪಿ (BJP),47838,5368,#31a354
2008,9,Gokak,ಗೋಕಾಕ್,gokak,gokak_assembly_constituency,nan,ಸಾಮಾನ್ಯ,Jarkiholi Ramesh Laxmanrao,ಜಾರಕಿಹೊಳಿ ರಮೇಶ್ ಲಕ್ಷ್ಮಣರಾವ್,INC,ಕಾಂಗ್ರೆಸ್ (INC),44989,36.1,Ashok Ningayya Pujari,Ashok Ningayya ಪೂಜಾರಿ,JD(S),ಜೆಡಿಎಸ್ (JD-S),37229,7760,#1f77b4
2008,10,Yemkanmardi,ಯಮಕನಮರಡಿ,yemkanmardi,yemkanmardi_assembly_constituency,ST,ಪರಿಶಿಷ್ಟ ಪಂಗಡ (ST),Jarakiholi Satish Laxmanarao,Jarakiholi ಸತೀಶ್ Laxmanarao,INC,ಕಾಂಗ್ರೆಸ್ (INC),46132,42.5,Balagouda Malagouda Patil,Balagouda Malagouda ಪಾಟೀಲ್,JD(S),ಜೆಡಿಎಸ್ (JD-S),29351,16781,#1f77b4
2008,11,Belgaum Uttar,ಬೆಳಗಾವಿ ಉತ್ತರ,belgaumuttar,belgaum_uttar_assembly_constituency,nan,ಸಾಮಾನ್ಯ,Feroz Nuruddin Sait,Feroz Nuruddin ಸೇಟ್,INC,ಕಾಂಗ್ರೆಸ್ (INC),37527,33.9,Shankargouda I Patil,Shankargouda ಐ. ಪಾಟೀಲ್,BJP,ಬಿಜೆಪಿ (BJP),34154,3373,#1f77b4
2008,12,Belgaum Dakshin,ಬೆಳಗಾವಿ ದಕ್ಷಿಣ,belgaumdakshin,belgaum_dakshin_assembly_constituency,nan,ಸಾಮಾನ್ಯ,Abhay Patil,ಅಭಯ್ ಪಾಟೀಲ್,BJP,ಬಿಜೆಪಿ (BJP),45713,40.0,Kiran Krishnarao Sayanak,Kiran Krishnarao Sayanak,IND,ಪಕ್ಷೇತರ (IND),32723,12990,#ff7f0e
2008,13,Belgaum Rural,ಬೆಳಗಾವಿ ಗ್ರಾಮಾಂತರ,belgaumrural,belgaum_rural_assembly_constituency,nan,ಸಾಮಾನ್ಯ,Sanjay B Patil,Sanjay ಬಿ. ಪಾಟೀಲ್,BJP,ಬಿಜೆಪಿ (BJP),42208,31.7,Malagi Shivaputrappa Chanabasappa,Malagi Shivaputrappa Chanabasappa,INC,ಕಾಂಗ್ರೆಸ್ (INC),33899,8309,#ff7f0e
2008,14,Khanapur,ಖಾನಾಪುರ,khanapur,khanapur_assembly_constituency,nan,ಸಾಮಾನ್ಯ,Pralhad Remani,Pralhad Remani,BJP,ಬಿಜೆಪಿ (BJP),36288,31.7,Rafique Khatalsab Khanapuri,Rafique Khatalsab Khanapuri,INC,ಕಾಂಗ್ರೆಸ್ (INC),24634,11654,#ff7f0e
2008,15,Kittur,ಕಿತ್ತೂರು,kittur,kittur_assembly_constituency,nan,ಸಾಮಾನ್ಯ,Marihal Suresh Shivarudrappa,Marihal Suresh Shivarudrappa,BJP,ಬಿಜೆಪಿ (BJP),48581,43.5,Inamdar Danappagouda Basanagouda,Inamdar Danappagouda Basanagouda,INC,ಕಾಂಗ್ರೆಸ್ (INC),44216,4365,#ff7f0e
2008,16,Bailhongal,ಬೈಲಹೊಂಗಲ,bailhongal,bailhongal_assembly_constituency,nan,ಸಾಮಾನ್ಯ,Metgud Virupaxi (Jagadish) Channappa,Metgud Virupaxi ( Jagadish ) Channappa,BJP,ಬಿಜೆಪಿ (BJP),48988,46.8,Koujalagi Mahantesh Shivanand,Koujalagi Mahantesh Shivanand,INC,ಕಾಂಗ್ರೆಸ್ (INC),39748,9240,#ff7f0e
2008,17,Saundatti Yellamma,Saundatti Yellamma,saundattiyellamma,saundatti_yellamma_assembly_constituency,nan,ಸಾಮಾನ್ಯ,Mamani Vishwanath Chandrashekar,ಮಾಮನಿ Vishwanath Chandrashekar,BJP,ಬಿಜೆಪಿ (BJP),48255,44.2,Koujalagi Subhash Shidramappa,Koujalagi Subhash Shidramappa,INC,ಕಾಂಗ್ರೆಸ್ (INC),43678,4577,#ff7f0e
2008,18,Ramdurg,ರಾಮದುರ್ಗ,ramdurg,ramdurg_assembly_constituency,nan,ಸಾಮಾನ್ಯ,Ashok Mahadevappa Pattan,Ashok ಮಹಾದೇವಪ್ಪ Pattan,INC,ಕಾಂಗ್ರೆಸ್ (INC),49246,45.3,Mahadevppa Shivalingappa Yadawad,Mahadevppa ಶಿವಲಿಂಗಪ್ಪ ಯಾದವಾಡ,BJP,ಬಿಜೆಪಿ (BJP),48862,384,#1f77b4
2008,19,Mudhol,ಮುಧೋಳ,mudhol,mudhol_assembly_constituency,SC,ಪರಿಶಿಷ್ಟ ಜಾತಿ (SC),Govind.M.Karjol,Govind ಎಂ. Karjol,BJP,ಬಿಜೆಪಿ (BJP),51835,48.3,Timmapur Ramappa Balappa,Timmapur Ramappa ಬಾಳಪ್ಪ,INC,ಕಾಂಗ್ರೆಸ್ (INC),44457,7378,#ff7f0e
2008,20,Terdal,ತೇರದಾಳ,terdal,terdal_assembly_constituency,nan,ಸಾಮಾನ್ಯ,Siddu. Savadi,ಸಿದ್ದು ಸವದಿ,BJP,ಬಿಜೆಪಿ (BJP),62595,50.3,Umashree,Umashree,INC,ಕಾಂಗ್ರೆಸ್ (INC),50351,12244,#ff7f0e
2008,21,Jamkhandi,ಜಮಖಂಡಿ,jamkhandi,jamkhandi_assembly_constituency,nan,ಸಾಮಾನ್ಯ,Kulkarni Shrikanth Subbrao.,Kulkarni Shrikanth Subbrao,BJP,ಬಿಜೆಪಿ (BJP),59930,54.9,Siddu. B.Nyamagouda,ಸಿದ್ದು ಬಿ. Nyamagouda,INC,ಕಾಂಗ್ರೆಸ್ (INC),40240,19690,#ff7f0e
2008,22,Bilgi,Bilgi,bilgi,bilgi_assembly_constituency,nan,ಸಾಮಾನ್ಯ,Murugesh Rudrappa Nirani,Murugesh Rudrappa Nirani,BJP,ಬಿಜೆಪಿ (BJP),53474,43.3,Ajaykumar Saranayak,Ajaykumar Saranayak,INC,ಕಾಂಗ್ರೆಸ್ (INC),50350,3124,#ff7f0e
2008,23,Badami,ಬಾದಾಮಿ,badami,badami_assembly_constituency,nan,ಸಾಮಾನ್ಯ,Mahagundappa Kallappa Pattanshetti,Mahagundappa ಕಲ್ಲಪ್ಪ Pattanshetti,BJP,ಬಿಜೆಪಿ (BJP),53409,44.8,Balappa Bhimappa Chimmankatti,ಬಾಳಪ್ಪ Bhimappa Chimmankatti,INC,ಕಾಂಗ್ರೆಸ್ (INC),48302,5107,#ff7f0e
2008,24,Bagalkot,ಬಾಗಲಕೋಟೆ,bagalkot,bagalkot_assembly_constituency,nan,ಸಾಮಾನ್ಯ,Charantimath Viranna Chandrashekharayya.,Charantimath Viranna Chandrashekharayya,BJP,ಬಿಜೆಪಿ (BJP),46452,42.0,Meti Hullappa Yamanappa,Meti Hullappa Yamanappa,INC,ಕಾಂಗ್ರೆಸ್ (INC),37206,9246,#ff7f0e
2008,25,Hungund,ಹುನಗುಂದ,hungund,hungund_assembly_constituency,nan,ಸಾಮಾನ್ಯ,Doddanagouda G Patil,Doddanagouda ಜಿ. ಪಾಟೀಲ್,BJP,ಬಿಜೆಪಿ (BJP),53644,47.7,Kashappanavar Vijayanand Shivashankarappa,Kashappanavar Vijayanand Shivashankarappa,INC,ಕಾಂಗ್ರೆಸ್ (INC),48575,5069,#ff7f0e
2008,26,Muddebihal,Muddebihal,muddebihal,muddebihal_assembly_constituency,nan,ಸಾಮಾನ್ಯ,Appaji Channabasavaraj Shankararao Nadagouda,Appaji Channabasavaraj Shankararao Nadagouda,INC,ಕಾಂಗ್ರೆಸ್ (INC),24065,25.0,Biradar Mangala Shantagoudru,Biradar Mangala Shantagoudru,BJP,ಬಿಜೆಪಿ (BJP),21662,2403,#1f77b4
2008,27,Devara Hippargi,Devara Hippargi,devarahippargi,devara_hippargi_assembly_constituency,nan,ಸಾಮಾನ್ಯ,A.S.Patil (Nadahalli),ಎ. ಎಸ್. ಪಾಟೀಲ್ ( Nadahalli ),INC,ಕಾಂಗ್ರೆಸ್ (INC),54879,54.2,Basanagouda.R.Patil (Yatnal),Basanagouda ಆರ್. ಪಾಟೀಲ್ ( Yatnal ),BJP,ಬಿಜೆಪಿ (BJP),23986,30893,#1f77b4
2008,28,Basavana Bagevadi,Basavana Bagevadi,basavanabagevadi,basavana_bagevadi_assembly_constituency,nan,ಸಾಮಾನ್ಯ,Bellubbi Sangappa Kallappa,Bellubbi ಸಂಗ್ಲಪ್ಪ ಕಲ್ಲಪ್ಪ,BJP,ಬಿಜೆಪಿ (BJP),48481,46.5,Shivanand Patil,Shivanand ಪಾಟೀಲ್,INC,ಕಾಂಗ್ರೆಸ್ (INC),34594,13887,#ff7f0e
2008,29,Babaleshwar,Babaleshwar,babaleshwar,babaleshwar_assembly_constituency,nan,ಸಾಮಾನ್ಯ,M.B.Patil,ಎಂ. ಬಿ. ಪಾಟೀಲ್,INC,ಕಾಂಗ್ರೆಸ್ (INC),55525,50.9,Vijugouda Patil,Vijugouda ಪಾಟೀಲ್,JD(S),ಜೆಡಿಎಸ್ (JD-S),38886,16639,#1f77b4
2008,30,Bijapur City,Bijapur City,bijapurcity,bijapur_city_assembly_constituency,nan,ಸಾಮಾನ್ಯ,Appasaheb (Appu) Mallappa Pattanashetti,Appasaheb ( Appu ) Mallappa Pattanashetti,BJP,ಬಿಜೆಪಿ (BJP),34217,41.4,Horti Sahebmoddin Abdularahiman,Horti Sahebmoddin Abdularahiman,INC,ಕಾಂಗ್ರೆಸ್ (INC),16653,17564,#ff7f0e
2008,31,Nagthan,Nagthan,nagthan,nagthan_assembly_constituency,SC,ಪರಿಶಿಷ್ಟ ಜಾತಿ (SC),Katakdhond Vitthal Dhondiba,Katakdhond Vitthal Dhondiba,BJP,ಬಿಜೆಪಿ (BJP),40225,37.7,H.R.Algur (Raju),ಎಚ್. ಆರ್. Algur ( ರಾಜು ),INC,ಕಾಂಗ್ರೆಸ್ (INC),36018,4207,#ff7f0e
2008,32,Indi,Indi,indi,indi_assembly_constituency,nan,ಸಾಮಾನ್ಯ,Dr Bagali Sarvabhoum Satagouda,ಡಾ. Bagali Sarvabhoum Satagouda,BJP,ಬಿಜೆಪಿ (BJP),29456,28.0,Yashvantraygowda Vithalgowda Patil,Yashvantraygowda Vithalgowda ಪಾಟೀಲ್,INC,ಕಾಂಗ್ರೆಸ್ (INC),28885,571,#ff7f0e
2008,33,Sindgi,Sindgi,sindgi,sindgi_assembly_constituency,nan,ಸಾಮಾನ್ಯ,Bhusanur Ramesh Balappa,Bhusanur ರಮೇಶ್ ಬಾಳಪ್ಪ,BJP,ಬಿಜೆಪಿ (BJP),35227,33.9,Managuli Mallappa Channaveerappa,Managuli Mallappa Channaveerappa,JD(S),ಜೆಡಿಎಸ್ (JD-S),20466,14761,#ff7f0e
2008,34,Afzalpur,ಅಫ್ಜಲ್ ಪುರ,afzalpur,afzalpur_assembly_constituency,nan,ಸಾಮಾನ್ಯ,Malikayya V. Guttedar,Malikayya ವಿ. ಗುತ್ತೇದಾರ್,INC,ಕಾಂಗ್ರೆಸ್ (INC),50082,47.8,M.Y. Patil,ಎಂ. ವೈ. ಪಾಟೀಲ್,BJP,ಬಿಜೆಪಿ (BJP),42216,7866,#1f77b4
2008,35,Jevargi,Jevargi,jevargi,jevargi_assembly_constituency,nan,ಸಾಮಾನ್ಯ,Doddappagouda Shivalingappagoud Patil Naribol,Doddappagouda Shivalingappagoud ಪಾಟೀಲ್ Naribol,BJP,ಬಿಜೆಪಿ (BJP),46531,40.3,Dharm Singh,Dharm Singh,INC,ಕಾಂಗ್ರೆಸ್ (INC),46461,70,#ff7f0e
2008,36,Shorapur,ಶೋರಾಪುರ,shorapur,shorapur_assembly_constituency,ST,ಪರಿಶಿಷ್ಟ ಪಂಗಡ (ST),Narasimha Nayak (Raju Gouda),Narasimha Nayak ( ರಾಜು Gouda ),BJP,ಬಿಜೆಪಿ (BJP),60542,47.4,Raja Venkatappa Naik,Raja Venkatappa ನಾಯಕ್,INC,ಕಾಂಗ್ರೆಸ್ (INC),55961,4581,#ff7f0e
2008,37,Shahapur,ಶಹಾಪುರ,shahapur,shahapur_assembly_constituency,nan,ಸಾಮಾನ್ಯ,Sharanabasappa Darshnapur,Sharanabasappa Darshnapur,INC,ಕಾಂಗ್ರೆಸ್ (INC),47343,46.7,Shivshekharappagouda Shirwal,Shivshekharappagouda Shirwal,JD(S),ಜೆಡಿಎಸ್ (JD-S),36207,11136,#1f77b4
2008,38,Yadgir,ಯಾದಗಿರಿ,yadgir,yadgir_assembly_constituency,nan,ಸಾಮಾನ್ಯ,A.B. Maalakraddy,ಎ. ಬಿ. Maalakraddy,INC,ಕಾಂಗ್ರೆಸ್ (INC),36348,39.0,Dr. Veerabaswanthreddy Mudnal,ಡಾ. Veerabaswanthreddy Mudnal,BJP,ಬಿಜೆಪಿ (BJP),31812,4536,#1f77b4
2008,39,Gurmitkal,ಗುರಮಿಟ್ಕಲ್,gurmitkal,gurmitkal_assembly_constituency,nan,ಸಾಮಾನ್ಯ,Baburao Chinchansur,Baburao Chinchansur,INC,ಕಾಂಗ್ರೆಸ್ (INC),35721,35.8,Nagan Gouda Kandakur,Nagan Gouda Kandakur,JD(S),ಜೆಡಿಎಸ್ (JD-S),26513,9208,#1f77b4
2008,40,Chittapur,Chittapur,chittapur,chittapur_assembly_constituency,SC,ಪರಿಶಿಷ್ಟ ಜಾತಿ (SC),Mallikarjun Kharge,ಮಲ್ಲಿಕಾರ್ಜುನ್ ಖರ್ಗೆ,INC,ಕಾಂಗ್ರೆಸ್ (INC),49837,52.2,Valmiki Kamalu Nayak,Valmiki Kamalu Nayak,BJP,ಬಿಜೆಪಿ (BJP),32395,17442,#1f77b4
2008,41,Sedam,ಸೇಡಂ,sedam,sedam_assembly_constituency,nan,ಸಾಮಾನ್ಯ,Dr. Sharan Prakash Rudrappa Patil,ಡಾ. Sharan ಪ್ರಕಾಶ್ Rudrappa ಪಾಟೀಲ್,INC,ಕಾಂಗ್ರೆಸ್ (INC),41686,37.2,Rajkumar Patil Telkur,Rajkumar ಪಾಟೀಲ್ Telkur,BJP,ಬಿಜೆಪಿ (BJP),35762,5924,#1f77b4
2008,42,Chincholi,ಚಿಂಚೋಳಿ,chincholi,chincholi_assembly_constituency,SC,ಪರಿಶಿಷ್ಟ ಜಾತಿ (SC),Sunil Vallyapur,Sunil Vallyapur,BJP,ಬಿಜೆಪಿ (BJP),35491,42.1,Baburao Chauhan,Baburao ಚೌಹಾಣ್,INC,ಕಾಂಗ್ರೆಸ್ (INC),28580,6911,#ff7f0e
2008,43,Gulbarga Rural,ಕಲಬುರಗಿ ಗ್ರಾಮಾಂತರ,gulbargarural,gulbarga_rural_assembly_constituency,SC,ಪರಿಶಿಷ್ಟ ಜಾತಿ (SC),Revu Naik Belamgi,Revu ನಾಯಕ್ Belamgi,BJP,ಬಿಜೆಪಿ (BJP),41239,38.7,Chandrika Parameshwar,Chandrika Parameshwar,INC,ಕಾಂಗ್ರೆಸ್ (INC),24116,17123,#ff7f0e
2008,44,Gulbarga Dakshin,ಕಲಬುರಗಿ ದಕ್ಷಿಣ,gulbargadakshin,gulbarga_dakshin_assembly_constituency,nan,ಸಾಮಾನ್ಯ,Chandrashekhar Patil Revoor,ಚಂದ್ರಶೇಖರ್ ಪಾಟೀಲ್ Revoor,BJP,ಬಿಜೆಪಿ (BJP),45380,46.0,Basavaraj Bhimalli,ಬಸವರಾಜ್ Bhimalli,INC,ಕಾಂಗ್ರೆಸ್ (INC),31090,14290,#ff7f0e
2008,45,Gulbarga Uttar,ಕಲಬುರಗಿ ಉತ್ತರ,gulbargauttar,gulbarga_uttar_assembly_constituency,nan,ಸಾಮಾನ್ಯ,Qamarul Islam,Qamarul Islam,INC,ಕಾಂಗ್ರೆಸ್ (INC),54123,54.3,B.G. Patil,ಬಿ. ಜಿ. ಪಾಟೀಲ್,BJP,ಬಿಜೆಪಿ (BJP),39168,14955,#1f77b4
2008,46,Alland,ಆಳಂದ,alland,alland_assembly_constituency,nan,ಸಾಮಾನ್ಯ,Guttedar Subash Rukmayya,ಗುತ್ತೇದಾರ್ Subash Rukmayya,JD(S),ಜೆಡಿಎಸ್ (JD-S),42473,37.5,B.R. Patil,ಬಿ. ಆರ್. ಪಾಟೀಲ್,INC,ಕಾಂಗ್ರೆಸ್ (INC),36689,5784,#31a354
2008,47,Basavakalyan,ಬಸವಕಲ್ಯಾಣ,basavakalyan,basavakalyan_assembly_constituency,nan,ಸಾಮಾನ್ಯ,Basavaraj Patil Attur,ಬಸವರಾಜ್ ಪಾಟೀಲ್ Attur,BJP,ಬಿಜೆಪಿ (BJP),39015,36.5,M G Muley,ಎಂ. ಜಿ. Muley,INC,ಕಾಂಗ್ರೆಸ್ (INC),31077,7938,#ff7f0e
2008,48,Humnabad,ಹುಮ್ನಾಬಾದ್,humnabad,humnabad_assembly_constituency,nan,ಸಾಮಾನ್ಯ,Rajshekar Baswaraj Patil,Rajshekar Baswaraj ಪಾಟೀಲ್,INC,ಕಾಂಗ್ರೆಸ್ (INC),49603,43.0,Subhash Kallur,Subhash Kallur,BJP,ಬಿಜೆಪಿ (BJP),27867,21736,#1f77b4
2008,49,Bidar South,ಬೀದರ್ ದಕ್ಷಿಣ,bidarsouth,bidar_south_assembly_constituency,nan,ಸಾಮಾನ್ಯ,Bandeppa Khashempur,Bandeppa Khashempur,JD(S),ಜೆಡಿಎಸ್ (JD-S),32054,32.9,Sanjay Kheny,Sanjay Kheny,BJP,ಬಿಜೆಪಿ (BJP),30783,1271,#31a354
2008,50,Bidar,ಬೀದರ್,bidar,bidar_assembly_constituency,nan,ಸಾಮಾನ್ಯ,Gurupadappa Nagmarpally,Gurupadappa Nagmarpally,INC,ಕಾಂಗ್ರೆಸ್ (INC),33557,37.8,Raheem Khan,Raheem Khan,BSP,BSP,30627,2930,#1f77b4
2008,51,Bhalki,ಭಾಲ್ಕಿ,bhalki,bhalki_assembly_constituency,nan,ಸಾಮಾನ್ಯ,Eshwara Bhimanna Khandre,Eshwara Bhimanna Khandre,INC,ಕಾಂಗ್ರೆಸ್ (INC),64492,50.0,Prakash Khandre,ಪ್ರಕಾಶ್ Khandre,BJP,ಬಿಜೆಪಿ (BJP),43521,20971,#1f77b4
2008,52,Aurad,ಔರಾದ್,aurad,aurad_assembly_constituency,SC,ಪರಿಶಿಷ್ಟ ಜಾತಿ (SC),Prabhu Chavhan,ಪ್ರಭು Chavhan,BJP,ಬಿಜೆಪಿ (BJP),56964,55.6,Narsingrao Suryawanshi,Narsingrao Suryawanshi,INC,ಕಾಂಗ್ರೆಸ್ (INC),29186,27778,#ff7f0e
2008,53,Raichur Rural,ರಾಯಚೂರು ಗ್ರಾಮಾಂತರ,raichurrural,raichur_rural_assembly_constituency,ST,ಪರಿಶಿಷ್ಟ ಪಂಗಡ (ST),Raja Rayappa Naik,Raja Rayappa ನಾಯಕ್,INC,ಕಾಂಗ್ರೆಸ್ (INC),34432,32.9,Raja Rangappa Naik,Raja Rangappa ನಾಯಕ್,JD(S),ಜೆಡಿಎಸ್ (JD-S),32555,1877,#1f77b4
2008,54,Raichur,ರಾಯಚೂರು,raichur,raichur_assembly_constituency,nan,ಸಾಮಾನ್ಯ,Syed Yasin,Syed Yasin,INC,ಕಾಂಗ್ರೆಸ್ (INC),28801,35.7,M.Earanna,ಎಂ. Earanna,JD(S),ಜೆಡಿಎಸ್ (JD-S),20440,8361,#1f77b4
2008,55,Manvi,ಮಾನ್ವಿ,manvi,manvi_assembly_constituency,ST,ಪರಿಶಿಷ್ಟ ಪಂಗಡ (ST),G. Hampayya Nayak Ballatgi,ಜಿ. Hampayya Nayak Ballatgi,INC,ಕಾಂಗ್ರೆಸ್ (INC),38290,35.9,Gangadhar Nayak,Gangadhar Nayak,BJP,ಬಿಜೆಪಿ (BJP),35771,2519,#1f77b4
2008,56,Devadurga,ದೇವದುರ್ಗ,devadurga,devadurga_assembly_constituency,ST,ಪರಿಶಿಷ್ಟ ಪಂಗಡ (ST),K.Shivana Gouda Naik,ಕೆ. Shivana Gouda ನಾಯಕ್,JD(S),ಜೆಡಿಎಸ್ (JD-S),37226,41.8,A.Venkatesh Naik,ಎ. Venkatesh ನಾಯಕ್,INC,ಕಾಂಗ್ರೆಸ್ (INC),32639,4587,#31a354
2008,57,Lingsugur,Lingsugur,lingsugur,lingsugur_assembly_constituency,SC,ಪರಿಶಿಷ್ಟ ಜಾತಿ (SC),Manappa Vajjal,Manappa Vajjal,BJP,ಬಿಜೆಪಿ (BJP),51017,53.3,A.Vasanthkumar,ಎ. Vasanthkumar,INC,ಕಾಂಗ್ರೆಸ್ (INC),31837,19180,#ff7f0e
2008,58,Sindhanur,ಸಿಂಧನೂರು,sindhanur,sindhanur_assembly_constituency,nan,ಸಾಮಾನ್ಯ,Nadagouda Venkatarao,Nadagouda Venkatarao,JD(S),ಜೆಡಿಎಸ್ (JD-S),53621,47.4,Badarli Hampanagouda,Badarli Hampanagouda,INC,ಕಾಂಗ್ರೆಸ್ (INC),38747,14874,#31a354
2008,59,Maski,ಮಾಸ್ಕಿ,maski,maski_assembly_constituency,ST,ಪರಿಶಿಷ್ಟ ಪಂಗಡ (ST),Pratap Gouda Patil,Pratap Gouda ಪಾಟೀಲ್,BJP,ಬಿಜೆಪಿ (BJP),35711,42.3,Timmappa,Timmappa,INC,ಕಾಂಗ್ರೆಸ್ (INC),28068,7643,#ff7f0e
2008,60,Kushtagi,ಕುಷ್ಟಗಿ,kushtagi,kushtagi_assembly_constituency,nan,ಸಾಮಾನ್ಯ,Amaregouda Linganagouda Bayyapur,Amaregouda Linganagouda Bayyapur,INC,ಕಾಂಗ್ರೆಸ್ (INC),33699,32.7,K Sharanappa Vakeelaru Kushtagi,ಕೆ. Sharanappa Vakeelaru Kushtagi,JD(S),ಜೆಡಿಎಸ್ (JD-S),31929,1770,#1f77b4
2008,61,Kanakagiri,ಕನಕಗಿರಿ,kanakagiri,kanakagiri_assembly_constituency,SC,ಪರಿಶಿಷ್ಟ ಜಾತಿ (SC),Shivaraj S/O Sangappa Tangadagi,Shivaraj ಎಸ್. ಓ. ಸಂಗ್ಲಪ್ಪ Tangadagi,IND,ಪಕ್ಷೇತರ (IND),32743,33.9,Bhavanimath Mukundarao,Bhavanimath Mukundarao,INC,ಕಾಂಗ್ರೆಸ್ (INC),30560,2183,#7f7f7f
2008,62,Gangavathi,ಗಂಗಾವತಿ,gangavathi,gangavathi_assembly_constituency,nan,ಸಾಮಾನ್ಯ,Paranna Ishwarappa Munavalli,Paranna Ishwarappa Munavalli,BJP,ಬಿಜೆಪಿ (BJP),37121,37.4,Iqbal Ansari,Iqbal Ansari,JD(S),ಜೆಡಿಎಸ್ (JD-S),34236,2885,#ff7f0e
2008,63,Yelburga,ಯಲಬುರ್ಗಾ,yelburga,yelburga_assembly_constituency,nan,ಸಾಮಾನ್ಯ,Eshanna Gulagannavar,Eshanna Gulagannavar,BJP,ಬಿಜೆಪಿ (BJP),59562,56.2,Basavaraj Rayaraddi,ಬಸವರಾಜ್ Rayaraddi,INC,ಕಾಂಗ್ರೆಸ್ (INC),29781,29781,#ff7f0e
2008,64,Koppal,ಕೊಪ್ಪಳ,koppal,koppal_assembly_constituency,nan,ಸಾಮಾನ್ಯ,Karadi Sanganna Amarappa,Karadi Sanganna Amarappa,JD(S),ಜೆಡಿಎಸ್ (JD-S),48372,40.6,K.Basavaraj Bheemappa Hitnal,ಕೆ. ಬಸವರಾಜ್ Bheemappa Hitnal,INC,ಕಾಂಗ್ರೆಸ್ (INC),38027,10345,#31a354
2008,65,Shirahatti,ಶಿರಹಟ್ಟಿ,shirahatti,shirahatti_assembly_constituency,SC,ಪರಿಶಿಷ್ಟ ಜಾತಿ (SC),Ramanna S Lamani,Ramanna ಎಸ್. Lamani,BJP,ಬಿಜೆಪಿ (BJP),39859,38.4,H R Nayak,ಎಚ್. ಆರ್. Nayak,INC,ಕಾಂಗ್ರೆಸ್ (INC),29358,10501,#ff7f0e
2008,66,Gadag,ಗದಗ,gadag,gadag_assembly_constituency,nan,ಸಾಮಾನ್ಯ,Bidarur Shrishailappa Veerupakshappa,Bidarur Shrishailappa Veerupakshappa,BJP,ಬಿಜೆಪಿ (BJP),54414,50.6,H K Patil,ಎಚ್. ಕೆ. ಪಾಟೀಲ್,INC,ಕಾಂಗ್ರೆಸ್ (INC),45798,8616,#ff7f0e
2008,67,Ron,ರೋಣ,ron,ron_assembly_constituency,nan,ಸಾಮಾನ್ಯ,Kalakappa Gurushantappa Bandi,Kalakappa Gurushantappa Bandi,BJP,ಬಿಜೆಪಿ (BJP),50145,42.0,Gurupadagouda Sanganagouda Patil,Gurupadagouda Sanganagouda ಪಾಟೀಲ್,INC,ಕಾಂಗ್ರೆಸ್ (INC),48315,1830,#ff7f0e
2008,68,Naragund,Naragund,naragund,naragund_assembly_constituency,nan,ಸಾಮಾನ್ಯ,C C Patil,ಸಿ. ಸಿ. ಪಾಟೀಲ್,BJP,ಬಿಜೆಪಿ (BJP),46824,43.4,B R Yavagal,ಬಿ. ಆರ್. Yavagal,IND,ಪಕ್ಷೇತರ (IND),29210,17614,#ff7f0e
2008,69,Navalgund,ನವಲಗುಂದ,navalgund,navalgund_assembly_constituency,nan,ಸಾಮಾನ್ಯ,Shankar Patil Munenkoppa,Shankar ಪಾಟೀಲ್ Munenkoppa,BJP,ಬಿಜೆಪಿ (BJP),49436,40.9,Gaddi Kallappa Nagappa,Gaddi ಕಲ್ಲಪ್ಪ Nagappa,INC,ಕಾಂಗ್ರೆಸ್ (INC),32541,16895,#ff7f0e
2008,70,Kundgol,ಕುಂದಗೋಳ,kundgol,kundgol_assembly_constituency,nan,ಸಾಮಾನ್ಯ,Chikkangoudra Siddangouda Ishwaragouda,Chikkangoudra Siddangouda Ishwaragouda,BJP,ಬಿಜೆಪಿ (BJP),43307,39.0,Channabasappa Sathyappa Shivalli,Channabasappa Sathyappa Shivalli,INC,ಕಾಂಗ್ರೆಸ್ (INC),36931,6376,#ff7f0e
2008,71,Dharwad,ಧಾರವಾಡ,dharwad,dharwad_assembly_constituency,nan,ಸಾಮಾನ್ಯ,Seema Ashok Masuti,Seema Ashok Masuti,BJP,ಬಿಜೆಪಿ (BJP),35417,31.8,Vinay Kulkarni,Vinay Kulkarni,INC,ಕಾಂಗ್ರೆಸ್ (INC),34694,723,#ff7f0e
2008,72,Hubli-Dharwad-East,Hubli Dharwad East,hublidharwadeast,hublidharwadeast_assembly_constituency,SC,ಪರಿಶಿಷ್ಟ ಜಾತಿ (SC),Veerabhadrappa Halaharavi,Veerabhadrappa Halaharavi,BJP,ಬಿಜೆಪಿ (BJP),41029,44.4,F.H. Jakkappanavar,ಎಫ್. ಎಚ್. Jakkappanavar,INC,ಕಾಂಗ್ರೆಸ್ (INC),28861,12168,#ff7f0e
2008,73,Hubli-Dharwad Central,ಹುಬ್ಬಳ್ಳಿ-ಧಾರವಾಡ ಕೇಂದ್ರ,hublidharwadcentral,hublidharwad_central_assembly_constituency,nan,ಸಾಮಾನ್ಯ,Jagadish Shettar,Jagadish ಶೆಟ್ಟರ್,BJP,ಬಿಜೆಪಿ (BJP),58747,54.7,Munavalli Shankranna Ishwarappa,Munavalli Shankranna Ishwarappa,INC,ಕಾಂಗ್ರೆಸ್ (INC),32738,26009,#ff7f0e
2008,74,Hubli-Dharwad- West,Hubli Dharwad West,hublidharwadwest,hublidharwad_west_assembly_constituency,nan,ಸಾಮಾನ್ಯ,Bellad Chandrakant Gurappa,Bellad Chandrakant Gurappa,BJP,ಬಿಜೆಪಿ (BJP),60800,56.0,Honnalli Jabbarkhan Hayatakhan,Honnalli Jabbarkhan Hayatakhan,INC,ಕಾಂಗ್ರೆಸ್ (INC),27453,33347,#ff7f0e
2008,75,Kalghatgi,ಕಲಘಟಗಿ,kalghatgi,kalghatgi_assembly_constituency,nan,ಸಾಮಾನ್ಯ,Santosh.S. Lad,Santosh ಎಸ್. Lad,INC,ಕಾಂಗ್ರೆಸ್ (INC),49733,43.5,Channappa Mallappa Nimbannavar,Channappa Mallappa Nimbannavar,BJP,ಬಿಜೆಪಿ (BJP),38091,11642,#1f77b4
2008,76,Haliyal,ಹಳಿಯಾಳ,haliyal,haliyal_assembly_constituency,nan,ಸಾಮಾನ್ಯ,Sunil V Hegde,Sunil ವಿ. ಹೆಗಡೆ,JD(S),ಜೆಡಿಎಸ್ (JD-S),46031,46.3,Deshpande Raghunath Vishwanat,Deshpande Raghunath Vishwanat,INC,ಕಾಂಗ್ರೆಸ್ (INC),40606,5425,#31a354
2008,77,Karwar,ಕಾರವಾರ,karwar,karwar_assembly_constituency,nan,ಸಾಮಾನ್ಯ,Asnotikar Anand Vasant,Asnotikar ಆನಂದ್ Vasant,INC,ಕಾಂಗ್ರೆಸ್ (INC),47477,40.9,Ganapati Dumma Ulvekar,Ganapati Dumma Ulvekar,IND,ಪಕ್ಷೇತರ (IND),27768,19709,#1f77b4
2008,78,Kumta,ಕುಮಟಾ,kumta,kumta_assembly_constituency,nan,ಸಾಮಾನ್ಯ,Dinakar Keshav Shetty,Dinakar Keshav Shetty,JD(S),ಜೆಡಿಎಸ್ (JD-S),30792,28.8,Mohan Krishna Shetty,Mohan Krishna Shetty,INC,ಕಾಂಗ್ರೆಸ್ (INC),30772,20,#31a354
2008,79,Bhatkal,ಭಟ್ಕಳ,bhatkal,bhatkal_assembly_constituency,nan,ಸಾಮಾನ್ಯ,J D Naik,ಜೆ. ಡಿ. ನಾಯಕ್,INC,ಕಾಂಗ್ರೆಸ್ (INC),49079,44.7,Naik Shivananda Narayana,ನಾಯಕ್ Shivananda Narayana,BJP,ಬಿಜೆಪಿ (BJP),36913,12166,#1f77b4
2008,80,Sirsi,ಶಿರಸಿ,sirsi,sirsi_assembly_constituency,nan,ಸಾಮಾನ್ಯ,Kageri Vishweshwar Hegde,Kageri Vishweshwar ಹೆಗಡೆ,BJP,ಬಿಜೆಪಿ (BJP),53438,45.4,Naik Raveendranath Narayan,ನಾಯಕ್ Raveendranath Narayan,INC,ಕಾಂಗ್ರೆಸ್ (INC),22705,30733,#ff7f0e
2008,81,Yellapur,ಯಲ್ಲಾಪುರ,yellapur,yellapur_assembly_constituency,nan,ಸಾಮಾನ್ಯ,V S Patil,ವಿ. ಎಸ್. ಪಾಟೀಲ್,BJP,ಬಿಜೆಪಿ (BJP),39109,37.5,Arbail Hebbar Shivram,Arbail Hebbar Shivram,INC,ಕಾಂಗ್ರೆಸ್ (INC),36624,2485,#ff7f0e
2008,82,Hanagal,Hanagal,hanagal,hanagal_assembly_constituency,nan,ಸಾಮಾನ್ಯ,Udasi Channabasappa Mahalingappa,Udasi Channabasappa ಮಹಾಲಿಂಗಪ್ಪ,BJP,ಬಿಜೆಪಿ (BJP),60025,48.7,Tahasildar Manohar,Tahasildar Manohar,INC,ಕಾಂಗ್ರೆಸ್ (INC),54103,5922,#ff7f0e
2008,83,Shiggaon,ಶಿಗ್ಗಾಂವಿ,shiggaon,shiggaon_assembly_constituency,nan,ಸಾಮಾನ್ಯ,Basavaraj Bommai,ಬಸವರಾಜ್ ಬೊಮ್ಮಾಯಿ,BJP,ಬಿಜೆಪಿ (BJP),63780,51.8,Khadri Sayed Azeempeer Sayed Khadar Basha,Khadri Sayed Azeempeer Sayed Khadar Basha,INC,ಕಾಂಗ್ರೆಸ್ (INC),50918,12862,#ff7f0e
2008,84,Haveri,ಹಾವೇರಿ,haveri,haveri_assembly_constituency,SC,ಪರಿಶಿಷ್ಟ ಜಾತಿ (SC),Neharu Olekar,Neharu Olekar,BJP,ಬಿಜೆಪಿ (BJP),41068,36.2,Lamani Rudrappa Manappa,Lamani Rudrappa Manappa,IND,ಪಕ್ಷೇತರ (IND),23002,18066,#ff7f0e
2008,85,Byadgi,ಬ್ಯಾಡಗಿ,byadgi,byadgi_assembly_constituency,nan,ಸಾಮಾನ್ಯ,Patil Sureshgoudra Basalingagoudra,ಪಾಟೀಲ್ Sureshgoudra Basalingagoudra,BJP,ಬಿಜೆಪಿ (BJP),59642,49.5,Shivannanavar Basavaraj Neelappa,Shivannanavar ಬಸವರಾಜ್ Neelappa,INC,ಕಾಂಗ್ರೆಸ್ (INC),48238,11404,#ff7f0e
2008,86,Hirekerur,ಹಿರೇಕೆರೂರು,hirekerur,hirekerur_assembly_constituency,nan,ಸಾಮಾನ್ಯ,B.C. Patil,ಬಿ. ಸಿ. ಪಾಟೀಲ್,INC,ಕಾಂಗ್ರೆಸ್ (INC),35322,31.0,U.B. Banakar,ಯು. ಬಿ. Banakar,IND,ಪಕ್ಷೇತರ (IND),31132,4190,#1f77b4
2008,87,Ranibennur,ರಾಣೆಬೆನ್ನೂರು,ranibennur,ranibennur_assembly_constituency,nan,ಸಾಮಾನ್ಯ,G.Shivanna,ಜಿ. ಶಿವಣ್ಣ,BJP,ಬಿಜೆಪಿ (BJP),59399,47.3,K.B.Koliwad,ಕೆ. ಬಿ. Koliwad,INC,ಕಾಂಗ್ರೆಸ್ (INC),56667,2732,#ff7f0e
2008,88,Hadagalli,ಹೂವಿನಹಡಗಲಿ,hadagalli,hadagalli_assembly_constituency,SC,ಪರಿಶಿಷ್ಟ ಜಾತಿ (SC),B.Chandra Naik,ಬಿ. Chandra ನಾಯಕ್,BJP,ಬಿಜೆಪಿ (BJP),43992,48.3,P.T.Parameswara Naik,ಪಿ. ಟಿ. Parameswara ನಾಯಕ್,INC,ಕಾಂಗ್ರೆಸ್ (INC),37474,6518,#ff7f0e
2008,89,Hagaribommanahalli,ಹಗರಿಬೊಮ್ಮನಹಳ್ಳಿ,hagaribommanahalli,hagaribommanahalli_assembly_constituency,SC,ಪರಿಶಿಷ್ಟ ಜಾತಿ (SC),K. Nemaraj Naik,ಕೆ. Nemaraj ನಾಯಕ್,BJP,ಬಿಜೆಪಿ (BJP),51156,44.8,L.B. P. Bheema Naik,ಎಲ್. ಬಿ. ಪಿ. Bheema ನಾಯಕ್,JD(S),ಜೆಡಿಎಸ್ (JD-S),23865,27291,#ff7f0e
2008,90,Vijayanagara,ವಿಜಯನಗರ,vijayanagara,vijayanagara_assembly_constituency,nan,ಸಾಮಾನ್ಯ,Anand Singh,ಆನಂದ್ Singh,BJP,ಬಿಜೆಪಿ (BJP),52418,48.5,H.R. Gaviappa,ಎಚ್. ಆರ್. Gaviappa,INC,ಕಾಂಗ್ರೆಸ್ (INC),25921,26497,#ff7f0e
2008,91,Kampli,ಕಂಪ್ಲಿ,kampli,kampli_assembly_constituency,ST,ಪರಿಶಿಷ್ಟ ಪಂಗಡ (ST),T.H. Suresh Babu,ಟಿ. ಎಚ್. Suresh Babu,BJP,ಬಿಜೆಪಿ (BJP),61388,51.0,Sanna Hanumakka,Sanna Hanumakka,INC,ಕಾಂಗ್ರೆಸ್ (INC),39052,22336,#ff7f0e
2008,92,Siruguppa,ಸಿರುಗುಪ್ಪ,siruguppa,siruguppa_assembly_constituency,ST,ಪರಿಶಿಷ್ಟ ಪಂಗಡ (ST),Somalingappa M.S,Somalingappa ಎಂ. ಎಸ್.,BJP,ಬಿಜೆಪಿ (BJP),43359,37.7,Nagaraj B.M.,Nagaraj ಬಿ. ಎಂ.,INC,ಕಾಂಗ್ರೆಸ್ (INC),38535,4824,#ff7f0e
2008,93,Bellary,ಬಳ್ಳಾರಿ,bellary,bellary_assembly_constituency,ST,ಪರಿಶಿಷ್ಟ ಪಂಗಡ (ST),B.Sreeramulu,ಬಿ. Sreeramulu,BJP,ಬಿಜೆಪಿ (BJP),61991,56.2,B.Ramprasad,ಬಿ. Ramprasad,INC,ಕಾಂಗ್ರೆಸ್ (INC),36275,25716,#ff7f0e
2008,94,Bellary City,ಬಳ್ಳಾರಿ ನಗರ,bellarycity,bellary_city_assembly_constituency,nan,ಸಾಮಾನ್ಯ,Gali Somashekhara Reddy,Gali Somashekhara ರೆಡ್ಡಿ,BJP,ಬಿಜೆಪಿ (BJP),54831,47.4,Anil H.Lad,Anil ಎಚ್. Lad,INC,ಕಾಂಗ್ರೆಸ್ (INC),53809,1022,#ff7f0e
2008,95,Sandur,ಸಂಡೂರು,sandur,sandur_assembly_constituency,ST,ಪರಿಶಿಷ್ಟ ಪಂಗಡ (ST),E. Tukaram,ಇ. Tukaram,INC,ಕಾಂಗ್ರೆಸ್ (INC),49535,46.6,T. Nagaraj,ಟಿ. Nagaraj,BJP,ಬಿಜೆಪಿ (BJP),28816,20719,#1f77b4
2008,96,Kudligi,ಕೂಡ್ಲಿಗಿ,kudligi,kudligi_assembly_constituency,ST,ಪರಿಶಿಷ್ಟ ಪಂಗಡ (ST),B.Nagendra,ಬಿ. Nagendra,BJP,ಬಿಜೆಪಿ (BJP),54443,48.5,S.Venkatesh,ಎಸ್. Venkatesh,INC,ಕಾಂಗ್ರೆಸ್ (INC),45686,8757,#ff7f0e
2008,97,Molakalmuru,ಮೊಳಕಾಲ್ಮೂರು,molakalmuru,molakalmuru_assembly_constituency,ST,ಪರಿಶಿಷ್ಟ ಪಂಗಡ (ST),N.Y.Gopala Krishna,ಎನ್. ವೈ. Gopala Krishna,INC,ಕಾಂಗ್ರೆಸ್ (INC),51010,36.8,S Thippeswamy,ಎಸ್. Thippeswamy,BJP,ಬಿಜೆಪಿ (BJP),46044,4966,#1f77b4
2008,98,Challakere,ಚಳ್ಳಕೆರೆ,challakere,challakere_assembly_constituency,ST,ಪರಿಶಿಷ್ಟ ಪಂಗಡ (ST),Thippeswamy,Thippeswamy,BJP,ಬಿಜೆಪಿ (BJP),42591,36.0,Shashikumar,Shashikumar,INC,ಕಾಂಗ್ರೆಸ್ (INC),42302,289,#ff7f0e
2008,99,Chitradurga,ಚಿತ್ರದುರ್ಗ,chitradurga,chitradurga_assembly_constituency,nan,ಸಾಮಾನ್ಯ,Basavarajan,Basavarajan,JD(S),ಜೆಡಿಎಸ್ (JD-S),55906,40.5,G.H.Thippareddy,ಜಿ. ಎಚ್. Thippareddy,INC,ಕಾಂಗ್ರೆಸ್ (INC),39584,16322,#31a354
2008,100,Hiriyur,ಹಿರಿಯೂರು,hiriyur,hiriyur_assembly_constituency,nan,ಸಾಮಾನ್ಯ,Sudhakara D,Sudhakara ಡಿ.,IND,ಪಕ್ಷೇತರ (IND),43078,31.8,Laxmikantha .N.R,Laxmikantha ಎನ್. ಆರ್.,BJP,ಬಿಜೆಪಿ (BJP),26920,16158,#7f7f7f
2008,101,Hosadurga,ಹೊಸದುರ್ಗ,hosadurga,hosadurga_assembly_constituency,nan,ಸಾಮಾನ್ಯ,Goolihatti. D. Shekar,Goolihatti ಡಿ. Shekar,IND,ಪಕ್ಷೇತರ (IND),41798,33.9,B.G.Govindappa,ಬಿ. ಜಿ. Govindappa,INC,ಕಾಂಗ್ರೆಸ್ (INC),40630,1168,#7f7f7f
2008,102,Holalkere,ಹೊಳಲ್ಕೆರೆ,holalkere,holalkere_assembly_constituency,SC,ಪರಿಶಿಷ್ಟ ಜಾತಿ (SC),M Chandrappa,ಎಂ. Chandrappa,BJP,ಬಿಜೆಪಿ (BJP),54209,40.6,H Anjaneya,ಎಚ್. Anjaneya,INC,ಕಾಂಗ್ರೆಸ್ (INC),38841,15368,#ff7f0e
2008,103,Jagalur,ಜಗಳೂರು,jagalur,jagalur_assembly_constituency,ST,ಪರಿಶಿಷ್ಟ ಪಂಗಡ (ST),S.V.Ramachandra,ಎಸ್. ವಿ. Ramachandra,INC,ಕಾಂಗ್ರೆಸ್ (INC),38664,36.8,H.P.Rajesh,ಎಚ್. ಪಿ. Rajesh,BJP,ಬಿಜೆಪಿ (BJP),35873,2791,#1f77b4
2008,104,Harapanahalli,ಹರಪನಹಳ್ಳಿ,harapanahalli,harapanahalli_assembly_constituency,nan,ಸಾಮಾನ್ಯ,G Karunakara Reddy,ಜಿ. Karunakara ರೆಡ್ಡಿ,BJP,ಬಿಜೆಪಿ (BJP),69235,56.2,M P Prakash,ಎಂ. ಪಿ. ಪ್ರಕಾಶ್,INC,ಕಾಂಗ್ರೆಸ್ (INC),44017,25218,#ff7f0e
2008,105,Harihar,Harihar,harihar,harihar_assembly_constituency,nan,ಸಾಮಾನ್ಯ,B.P.Harish,ಬಿ. ಪಿ. Harish,BJP,ಬಿಜೆಪಿ (BJP),47353,37.8,H.Shivappa,ಎಚ್. Shivappa,JD(S),ಜೆಡಿಎಸ್ (JD-S),36297,11056,#ff7f0e
2008,106,Davanagere North,ದಾವಣಗೆರೆ ಉತ್ತರ,davanagerenorth,davanagere_north_assembly_constituency,nan,ಸಾಮಾನ್ಯ,S.A Ravindranath,ಎಸ್. ಎ. Ravindranath,BJP,ಬಿಜೆಪಿ (BJP),75798,72.1,B M Sathish,ಬಿ. ಎಂ. Sathish,JD(S),ಜೆಡಿಎಸ್ (JD-S),21888,53910,#ff7f0e
2008,107,Davanagere South,ದಾವಣಗೆರೆ ದಕ್ಷಿಣ,davanageresouth,davanagere_south_assembly_constituency,nan,ಸಾಮಾನ್ಯ,Shamanuru Shivashankarappa,Shamanuru Shivashankarappa,INC,ಕಾಂಗ್ರೆಸ್ (INC),41675,41.5,Yashwanth Rao Jadav,Yashwanth ರಾವ್ Jadav,BJP,ಬಿಜೆಪಿ (BJP),35317,6358,#1f77b4
2008,108,Mayakonda,ಮಾಯಾಕೊಂಡ,mayakonda,mayakonda_assembly_constituency,SC,ಪರಿಶಿಷ್ಟ ಜಾತಿ (SC),M Basavaraja Naika,ಎಂ. Basavaraja Naika,BJP,ಬಿಜೆಪಿ (BJP),52132,46.5,Dr Y Ramappa,ಡಾ. ವೈ. Ramappa,INC,ಕಾಂಗ್ರೆಸ್ (INC),35471,16661,#ff7f0e
2008,109,Channagiri,ಚನ್ನಗಿರಿ,channagiri,channagiri_assembly_constituency,nan,ಸಾಮಾನ್ಯ,K.Madal Virupakshappa,ಕೆ. Madal Virupakshappa,BJP,ಬಿಜೆಪಿ (BJP),39526,34.8,Vadnal Rajanna,Vadnal Rajanna,INC,ಕಾಂಗ್ರೆಸ್ (INC),38533,993,#ff7f0e
2008,110,Honnali,ಹೊನ್ನಾಳಿ,honnali,honnali_assembly_constituency,nan,ಸಾಮಾನ್ಯ,M P Renukacharya,ಎಂ. ಪಿ. Renukacharya,BJP,ಬಿಜೆಪಿ (BJP),62483,48.4,D G Shanthanagowda,ಡಿ. ಜಿ. Shanthanagowda,INC,ಕಾಂಗ್ರೆಸ್ (INC),56083,6400,#ff7f0e
2008,111,Shimoga Rural,ಶಿವಮೊಗ್ಗ ಗ್ರಾಮಾಂತರ,shimogarural,shimoga_rural_assembly_constituency,SC,ಪರಿಶಿಷ್ಟ ಜಾತಿ (SC),K.G.Kumarswamy,ಕೆ. ಜಿ. Kumarswamy,BJP,ಬಿಜೆಪಿ (BJP),56979,45.4,Kariyanna,Kariyanna,INC,ಕಾಂಗ್ರೆಸ್ (INC),32714,24265,#ff7f0e
2008,112,Bhadravathi,Bhadravathi,bhadravathi,bhadravathi_assembly_constituency,nan,ಸಾಮಾನ್ಯ,B.K.Sangameshwara,ಬಿ. ಕೆ. Sangameshwara,INC,ಕಾಂಗ್ರೆಸ್ (INC),53257,42.5,Appaji.M.J,Appaji ಎಂ. ಜೆ.,JD(S),ಜೆಡಿಎಸ್ (JD-S),52770,487,#1f77b4
2008,113,Shimoga,ಶಿವಮೊಗ್ಗ,shimoga,shimoga_assembly_constituency,nan,ಸಾಮಾನ್ಯ,K.S.Eshwarappa,ಕೆ. ಎಸ್. ಈಶ್ವರಪ್ಪ,BJP,ಬಿಜೆಪಿ (BJP),58982,53.6,Ismail Khan,Ismail Khan,INC,ಕಾಂಗ್ರೆಸ್ (INC),26563,32419,#ff7f0e
2008,114,Tirthahalli,ತೀರ್ಥಹಳ್ಳಿ,tirthahalli,tirthahalli_assembly_constituency,nan,ಸಾಮಾನ್ಯ,Kimmane Rathnakar,Kimmane Rathnakar,INC,ಕಾಂಗ್ರೆಸ್ (INC),57932,46.6,Araga Jnanendra,Araga Jnanendra,BJP,ಬಿಜೆಪಿ (BJP),54106,3826,#1f77b4
2008,115,Shikaripura,ಶಿಕಾರಿಪುರ,shikaripura,shikaripura_assembly_constituency,nan,ಸಾಮಾನ್ಯ,B S Yeddyurappa,ಬಿ. ಎಸ್. Yeddyurappa,BJP,ಬಿಜೆಪಿ (BJP),83491,66.2,S.Bangarappa,ಎಸ್. Bangarappa,SP,SP,37564,45927,#ff7f0e
2008,116,Sorab,ಸೊರಬ,sorab,sorab_assembly_constituency,nan,ಸಾಮಾನ್ಯ,H. Halappa,ಎಚ್. Halappa,BJP,ಬಿಜೆಪಿ (BJP),53552,43.4,S. Kumara Bangarappa,ಎಸ್. Kumara Bangarappa,INC,ಕಾಂಗ್ರೆಸ್ (INC),32499,21053,#ff7f0e
2008,117,Sagar,ಸಾಗರ,sagar,sagar_assembly_constituency,nan,ಸಾಮಾನ್ಯ,Gopalkrishna Beluru,Gopalkrishna Beluru,BJP,ಬಿಜೆಪಿ (BJP),57706,46.6,Kagodu Thimmappa,Kagodu Thimmappa,INC,ಕಾಂಗ್ರೆಸ್ (INC),54861,2845,#ff7f0e
2008,118,Baindur,Baindur,baindur,baindur_assembly_constituency,nan,ಸಾಮಾನ್ಯ,K. Laxminarayana,ಕೆ. Laxminarayana,BJP,ಬಿಜೆಪಿ (BJP),62196,48.6,K. Gopala Poojary,ಕೆ. Gopala ಪೂಜಾರಿ,INC,ಕಾಂಗ್ರೆಸ್ (INC),54226,7970,#ff7f0e
2008,119,Kundapura,ಕುಂದಾಪುರ,kundapura,kundapura_assembly_constituency,nan,ಸಾಮಾನ್ಯ,Haladi Srinivas Shetty,Haladi ಶ್ರೀನಿವಾಸ್ Shetty,BJP,ಬಿಜೆಪಿ (BJP),71695,57.5,K. Jayaprakash Hegde,ಕೆ. Jayaprakash ಹೆಗಡೆ,INC,ಕಾಂಗ್ರೆಸ್ (INC),46612,25083,#ff7f0e
2008,120,Udupi,ಉಡುಪಿ,udupi,udupi_assembly_constituency,nan,ಸಾಮಾನ್ಯ,K. Raghupathy Bhat,ಕೆ. Raghupathy Bhat,BJP,ಬಿಜೆಪಿ (BJP),58920,50.0,Pramod Madhwaraj,Pramod Madhwaraj,INC,ಕಾಂಗ್ರೆಸ್ (INC),56441,2479,#ff7f0e
2008,121,Kaup,ಕಾಪು,kaup,kaup_assembly_constituency,nan,ಸಾಮಾನ್ಯ,Lalaji R. Mendon,Lalaji ಆರ್. Mendon,BJP,ಬಿಜೆಪಿ (BJP),45961,46.6,Vasantha V. Salian,Vasantha ವಿ. Salian,INC,ಕಾಂಗ್ರೆಸ್ (INC),44994,967,#ff7f0e
2008,122,Karkala,ಕಾರ್ಕಳ,karkala,karkala_assembly_constituency,nan,ಸಾಮಾನ್ಯ,H. Gopal Bhandary,ಎಚ್. Gopal Bhandary,INC,ಕಾಂಗ್ರೆಸ್ (INC),56529,50.7,V. Sunil Kumar,ವಿ. Sunil ಕುಮಾರ್,BJP,ಬಿಜೆಪಿ (BJP),54992,1537,#1f77b4
2008,123,Sringeri,ಶೃಂಗೇರಿ,sringeri,sringeri_assembly_constituency,nan,ಸಾಮಾನ್ಯ,D.N .Jeevaraja,ಡಿ. ಎನ್. Jeevaraja,BJP,ಬಿಜೆಪಿ (BJP),43646,40.4,D.B.Chandre Gowda,ಡಿ. ಬಿ. Chandre ಗೌಡ,INC,ಕಾಂಗ್ರೆಸ್ (INC),41396,2250,#ff7f0e
2008,124,Mudigere,ಮೂಡಿಗೆರೆ,mudigere,mudigere_assembly_constituency,SC,ಪರಿಶಿಷ್ಟ ಜಾತಿ (SC),M.P.Kumara Swamy,ಎಂ. ಪಿ. Kumara ಸ್ವಾಮಿ,BJP,ಬಿಜೆಪಿ (BJP),34579,34.6,B.N Chandrappa,ಬಿ. ಎನ್. Chandrappa,INC,ಕಾಂಗ್ರೆಸ್ (INC),26084,8495,#ff7f0e
2008,125,Chikmagalur,ಚಿಕ್ಕಮಗಳೂರು,chikmagalur,chikmagalur_assembly_constituency,nan,ಸಾಮಾನ್ಯ,C.T Ravi,ಸಿ. ಟಿ. Ravi,BJP,ಬಿಜೆಪಿ (BJP),48915,41.0,S.L.Bhojegowda,ಎಸ್. ಎಲ್. Bhojegowda,JD(S),ಜೆಡಿಎಸ್ (JD-S),33831,15084,#ff7f0e
2008,126,Tarikere,ತಾರೀಕೆರೆ,tarikere,tarikere_assembly_constituency,nan,ಸಾಮಾನ್ಯ,Suresh .D.S,Suresh ಡಿ. ಎಸ್.,BJP,ಬಿಜೆಪಿ (BJP),52167,47.4,T.V.Shivashankarappa,ಟಿ. ವಿ. Shivashankarappa,INC,ಕಾಂಗ್ರೆಸ್ (INC),33748,18419,#ff7f0e
2008,127,Kadur,ಕಡೂರು,kadur,kadur_assembly_constituency,nan,ಸಾಮಾನ್ಯ,K.M.Krishnamurthy,ಕೆ. ಎಂ. Krishnamurthy,INC,ಕಾಂಗ್ರೆಸ್ (INC),39411,32.3,Y.S.V Datta,ವೈ. ಎಸ್. ವಿ. Datta,JD(S),ಜೆಡಿಎಸ್ (JD-S),36000,3411,#1f77b4
2008,128,Chiknaikanahalli,Chiknaikanahalli,chiknaikanahalli,chiknaikanahalli_assembly_constituency,nan,ಸಾಮಾನ್ಯ,C B Suresh Babu,ಸಿ. ಬಿ. Suresh Babu,JD(S),ಜೆಡಿಎಸ್ (JD-S),67046,46.7,K S Kiran Kumar,ಕೆ. ಎಸ್. Kiran ಕುಮಾರ್,BJP,ಬಿಜೆಪಿ (BJP),38002,29044,#31a354
2008,129,Tiptur,ತಿಪಟೂರು,tiptur,tiptur_assembly_constituency,nan,ಸಾಮಾನ್ಯ,B.C. Nagesh,ಬಿ. ಸಿ. Nagesh,BJP,ಬಿಜೆಪಿ (BJP),46034,37.9,K. Shadakshari,ಕೆ. Shadakshari,INC,ಕಾಂಗ್ರೆಸ್ (INC),39168,6866,#ff7f0e
2008,130,Turuvekere,ತುರುವೇಕೆರೆ,turuvekere,turuvekere_assembly_constituency,nan,ಸಾಮಾನ್ಯ,Jaggesh,Jaggesh,INC,ಕಾಂಗ್ರೆಸ್ (INC),47849,37.5,M.D. Lakshminarayana [ Annaiah ],ಎಂ. ಡಿ. Lakshminarayana Annaiah,BJP,ಬಿಜೆಪಿ (BJP),38323,9526,#1f77b4
2008,131,Kunigal,ಕುಣಿಗಲ್,kunigal,kunigal_assembly_constituency,nan,ಸಾಮಾನ್ಯ,B.B. Ramaswamy Gowda,ಬಿ. ಬಿ. Ramaswamy ಗೌಡ,INC,ಕಾಂಗ್ರೆಸ್ (INC),48160,39.9,D. Krishna Kumar,ಡಿ. Krishna ಕುಮಾರ್,BJP,ಬಿಜೆಪಿ (BJP),34366,13794,#1f77b4
2008,132,Tumkur City,ತುಮಕೂರು ನಗರ,tumkurcity,tumkur_city_assembly_constituency,nan,ಸಾಮಾನ್ಯ,S. Shivanna Sogadu,ಎಸ್. ಶಿವಣ್ಣ Sogadu,BJP,ಬಿಜೆಪಿ (BJP),39435,37.5,Rafiq Ahmed,Rafiq Ahmed,INC,ಕಾಂಗ್ರೆಸ್ (INC),37486,1949,#ff7f0e
2008,133,Tumkur Rural,ತುಮಕೂರು ಗ್ರಾಮಾಂತರ,tumkurrural,tumkur_rural_assembly_constituency,nan,ಸಾಮಾನ್ಯ,B. Suresh Gowda,ಬಿ. Suresh ಗೌಡ,BJP,ಬಿಜೆಪಿ (BJP),60904,50.1,H. Ningappa,ಎಚ್. Ningappa,JD(S),ಜೆಡಿಎಸ್ (JD-S),32512,28392,#ff7f0e
2008,134,Koratagere,ಕೊರಟಗೆರೆ,koratagere,koratagere_assembly_constituency,SC,ಪರಿಶಿಷ್ಟ ಜಾತಿ (SC),Dr. G. Parameshwara,ಡಾ. ಜಿ. Parameshwara,INC,ಕಾಂಗ್ರೆಸ್ (INC),49276,38.7,Chandraiah,Chandraiah,JD(S),ಜೆಡಿಎಸ್ (JD-S),37719,11557,#1f77b4
2008,135,Gubbi,ಗುಬ್ಬಿ,gubbi,gubbi_assembly_constituency,nan,ಸಾಮಾನ್ಯ,S.R.Srinivas [ Vasu ],ಎಸ್. ಆರ್. ಶ್ರೀನಿವಾಸ್ Vasu,JD(S),ಜೆಡಿಎಸ್ (JD-S),52302,42.1,C.V.Mahadevaiah,ಸಿ. ವಿ. Mahadevaiah,BJP,ಬಿಜೆಪಿ (BJP),37630,14672,#31a354
2008,136,Sira,ಸಿರಾ,sira,sira_assembly_constituency,nan,ಸಾಮಾನ್ಯ,T.B.Jayachandra,ಟಿ. ಬಿ. Jayachandra,INC,ಕಾಂಗ್ರೆಸ್ (INC),60793,45.0,B. Sathyanarayana,ಬಿ. Sathyanarayana,JD(S),ಜೆಡಿಎಸ್ (JD-S),34297,26496,#1f77b4
2008,137,Pavagada,ಪಾವಗಡ,pavagada,pavagada_assembly_constituency,SC,ಪರಿಶಿಷ್ಟ ಜಾತಿ (SC),Venkataramanappa,Venkataramanappa,IND,ಪಕ್ಷೇತರ (IND),43607,34.0,K.M. Thimmarayappa,ಕೆ. ಎಂ. Thimmarayappa,JD(S),ಜೆಡಿಎಸ್ (JD-S),29294,14313,#7f7f7f
2008,138,Madhugiri,ಮಧುಗಿರಿ,madhugiri,madhugiri_assembly_constituency,nan,ಸಾಮಾನ್ಯ,Gowri Shankar D.C,Gowri Shankar ಡಿ. ಸಿ.,JD(S),ಜೆಡಿಎಸ್ (JD-S),51971,42.0,Kyatasandra N. Rajanna,Kyatasandra ಎನ್. Rajanna,INC,ಕಾಂಗ್ರೆಸ್ (INC),51408,563,#31a354
2008,139,Gauribidanur,ಗೌರಿಬಿದನೂರು,gauribidanur,gauribidanur_assembly_constituency,nan,ಸಾಮಾನ್ಯ,Shivashankara Reddy N H,Shivashankara ರೆಡ್ಡಿ ಎನ್. ಎಚ್.,INC,ಕಾಂಗ್ರೆಸ್ (INC),39127,30.4,Ravinarayana Reddy N M,Ravinarayana ರೆಡ್ಡಿ ಎನ್. ಎಂ.,BJP,ಬಿಜೆಪಿ (BJP),27959,11168,#1f77b4
2008,140,Bagepalli,ಬಾಗೇಪಲ್ಲಿ,bagepalli,bagepalli_assembly_constituency,nan,ಸಾಮಾನ್ಯ,Sampangi N,Sampangi ಎನ್.,INC,ಕಾಂಗ್ರೆಸ್ (INC),32244,25.9,Sreerama Redyy G V,Sreerama Redyy ಜಿ. ವಿ.,CPM,ಸಿಪಿಎಂ (CPM),31306,938,#1f77b4
2008,141,Chikkaballapur,ಚಿಕ್ಕಬಳ್ಳಾಪುರ,chikkaballapur,chikkaballapur_assembly_constituency,nan,ಸಾಮಾನ್ಯ,K P Bachche Gowda,ಕೆ. ಪಿ. Bachche ಗೌಡ,JD(S),ಜೆಡಿಎಸ್ (JD-S),49774,39.5,S V Ashwatanarayana Reddy,ಎಸ್. ವಿ. Ashwatanarayana ರೆಡ್ಡಿ,INC,ಕಾಂಗ್ರೆಸ್ (INC),26473,23301,#31a354
2008,142,Sidlaghatta,ಶಿಡ್ಲಘಟ್ಟ,sidlaghatta,sidlaghatta_assembly_constituency,nan,ಸಾಮಾನ್ಯ,V Muniyappa,ವಿ. Muniyappa,INC,ಕಾಂಗ್ರೆಸ್ (INC),65939,49.9,M Rajanna,ಎಂ. Rajanna,JD(S),ಜೆಡಿಎಸ್ (JD-S),59437,6502,#1f77b4
2008,143,Chintamani,ಚಿಂತಾಮಣಿ,chintamani,chintamani_assembly_constituency,nan,ಸಾಮಾನ್ಯ,M C Sudhakar,ಎಂ. ಸಿ. Sudhakar,INC,ಕಾಂಗ್ರೆಸ್ (INC),58103,44.5,K M Krishna Reddy,ಕೆ. ಎಂ. Krishna ರೆಡ್ಡಿ,JD(S),ಜೆಡಿಎಸ್ (JD-S),56857,1246,#1f77b4
2008,144,Srinivasapur,ಶ್ರೀನಿವಾಸಪುರ,srinivasapur,srinivasapur_assembly_constituency,nan,ಸಾಮಾನ್ಯ,G.K.Venkata Shiva Reddy,ಜಿ. ಕೆ. Venkata Shiva ರೆಡ್ಡಿ,JD(S),ಜೆಡಿಎಸ್ (JD-S),70282,47.6,K.R.Ramesh Kumar,ಕೆ. ಆರ್. ರಮೇಶ್ ಕುಮಾರ್,INC,ಕಾಂಗ್ರೆಸ್ (INC),66613,3669,#31a354
2008,145,Mulbagal,ಮುಳಬಾಗಿಲು,mulbagal,mulbagal_assembly_constituency,SC,ಪರಿಶಿಷ್ಟ ಜಾತಿ (SC),Amaresh,Amaresh,INC,ಕಾಂಗ್ರೆಸ್ (INC),31254,27.4,N.Munianjanappa,ಎನ್. Munianjanappa,JD(S),ಜೆಡಿಎಸ್ (JD-S),29400,1854,#1f77b4
2008,146,Kolar Gold Field,ಕೋಲಾರ ಗೋಲ್ಡ್ ಫೀಲ್ಡ್ (KGF),kolargoldfield,kolar_gold_field_assembly_constituency,SC,ಪರಿಶಿಷ್ಟ ಜಾತಿ (SC),Y.Sampangi,ವೈ. Sampangi,BJP,ಬಿಜೆಪಿ (BJP),29643,28.4,S.Rajendiran,ಎಸ್. Rajendiran,RPI,ಆರ್‌ಪಿಐ (RPI),26323,3320,#ff7f0e
2008,147,Bangarapet,ಬಂಗಾರಪೇಟೆ,bangarapet,bangarapet_assembly_constituency,SC,ಪರಿಶಿಷ್ಟ ಜಾತಿ (SC),M.Narayanaswamy,ಎಂ. Narayanaswamy,INC,ಕಾಂಗ್ರೆಸ್ (INC),49556,44.9,B.P.Venkatamuniyappa,ಬಿ. ಪಿ. Venkatamuniyappa,BJP,ಬಿಜೆಪಿ (BJP),42051,7505,#1f77b4
2008,148,Kolar,ಕೋಲಾರ,kolar,kolar_assembly_constituency,nan,ಸಾಮಾನ್ಯ,R.Varthur Prakash,ಆರ್. Varthur ಪ್ರಕಾಶ್,IND,ಪಕ್ಷೇತರ (IND),66446,52.5,K.Srinivasagowda,ಕೆ. Srinivasagowda,INC,ಕಾಂಗ್ರೆಸ್ (INC),45417,21029,#7f7f7f
2008,149,Malur,ಮಲೂರು,malur,malur_assembly_constituency,nan,ಸಾಮಾನ್ಯ,Es.En.Krishnaiah Shetty,Es En Krishnaiah Shetty,BJP,ಬಿಜೆಪಿ (BJP),78280,65.8,R.Prabhakar,ಆರ್. Prabhakar,JD(S),ಜೆಡಿಎಸ್ (JD-S),25879,52401,#ff7f0e
2008,150,Yelahanka,ಯಲಹಂಕ,yelahanka,yelahanka_assembly_constituency,nan,ಸಾಮಾನ್ಯ,S.R.Vishwanath,ಎಸ್. ಆರ್. Vishwanath,BJP,ಬಿಜೆಪಿ (BJP),60975,41.4,B.Chandrappa,ಬಿ. Chandrappa,INC,ಕಾಂಗ್ರೆಸ್ (INC),44953,16022,#ff7f0e
2008,151,K.R.Pura,ಕೆ. ಆರ್. Pura,krpura,krpura_assembly_constituency,nan,ಸಾಮಾನ್ಯ,N.S.Nandiesha Reddy,ಎನ್. ಎಸ್. Nandiesha ರೆಡ್ಡಿ,BJP,ಬಿಜೆಪಿ (BJP),66355,48.7,A.Krishnappa,ಎ. Krishnappa,INC,ಕಾಂಗ್ರೆಸ್ (INC),57563,8792,#ff7f0e
2008,152,Byatarayanapura,ಬ್ಯಾಟರಾಯನಪುರ,byatarayanapura,byatarayanapura_assembly_constituency,nan,ಸಾಮಾನ್ಯ,Krishna Byregowda,Krishna Byregowda,INC,ಕಾಂಗ್ರೆಸ್ (INC),60979,43.0,A Ravi,ಎ. Ravi,BJP,ಬಿಜೆಪಿ (BJP),51627,9352,#1f77b4
2008,153,Yeshwanthapura,Yeshwanthapura,yeshwanthapura,yeshwanthapura_assembly_constituency,nan,ಸಾಮಾನ್ಯ,Shobha Karandlaje,Shobha Karandlaje,BJP,ಬಿಜೆಪಿ (BJP),57643,38.3,S.T.Somashekar,ಎಸ್. ಟಿ. Somashekar,INC,ಕಾಂಗ್ರೆಸ್ (INC),56561,1082,#ff7f0e
2008,154,Rajarajeshwarinagar,ರಾಜರಾಜೇಶ್ವರಿನಗರ,rajarajeshwarinagar,rajarajeshwarinagar_assembly_constituency,nan,ಸಾಮಾನ್ಯ,M.Srinivas,ಎಂ. ಶ್ರೀನಿವಾಸ್,BJP,ಬಿಜೆಪಿ (BJP),60187,41.8,P.N.Krishnamurthy,ಪಿ. ಎನ್. Krishnamurthy,INC,ಕಾಂಗ್ರೆಸ್ (INC),40595,19592,#ff7f0e
2008,155,Dasarahalli,ದಾಸರಹಳ್ಳಿ,dasarahalli,dasarahalli_assembly_constituency,nan,ಸಾಮಾನ್ಯ,S.Muniraju,ಎಸ್. Muniraju,BJP,ಬಿಜೆಪಿ (BJP),59004,46.3,K.C.Ashoka,ಕೆ. ಸಿ. Ashoka,INC,ಕಾಂಗ್ರೆಸ್ (INC),36849,22155,#ff7f0e
2008,156,Mahalakshmi Layout,ಮಹಾಲಕ್ಷ್ಮಿ ಲೇಔಟ್,mahalakshmilayout,mahalakshmi_layout_assembly_constituency,nan,ಸಾಮಾನ್ಯ,N.L.Narendra Babu,ಎನ್. ಎಲ್. Narendra Babu,INC,ಕಾಂಗ್ರೆಸ್ (INC),42652,37.6,R.V.Hareesh,ಆರ್. ವಿ. Hareesh,BJP,ಬಿಜೆಪಿ (BJP),39427,3225,#1f77b4
2008,157,Malleshwaram,ಮಲ್ಲೇಶ್ವರಂ,malleshwaram,malleshwaram_assembly_constituency,nan,ಸಾಮಾನ್ಯ,Dr. Ashwath Narayan C.N,ಡಾ. Ashwath Narayan ಸಿ. ಎನ್.,BJP,ಬಿಜೆಪಿ (BJP),53794,52.1,M.R.Seetharam,ಎಂ. ಆರ್. Seetharam,INC,ಕಾಂಗ್ರೆಸ್ (INC),45611,8183,#ff7f0e
2008,158,Hebbal,ಹೆಬ್ಬಾಳ,hebbal,hebbal_assembly_constituency,nan,ಸಾಮಾನ್ಯ,Katta Subramanya Naidu,Katta Subramanya Naidu,BJP,ಬಿಜೆಪಿ (BJP),46708,48.9,H.M.Revanna,ಎಚ್. ಎಂ. Revanna,INC,ಕಾಂಗ್ರೆಸ್ (INC),41757,4951,#ff7f0e
2008,159,Pulakeshinagar,ಪುಲಕೇಸಿನಗರ,pulakeshinagar,pulakeshinagar_assembly_constituency,SC,ಪರಿಶಿಷ್ಟ ಜಾತಿ (SC),B. Prasanna Kumar,ಬಿ. Prasanna ಕುಮಾರ್,INC,ಕಾಂಗ್ರೆಸ್ (INC),39577,50.4,R.Srinivasa Murthy,ಆರ್. ಶ್ರೀನಿವಾಸ Murthy,JD(S),ಜೆಡಿಎಸ್ (JD-S),21908,17669,#1f77b4
2008,160,Sarvagnanagar,ಸರ್ವಜ್ಞನಗರ,sarvagnanagar,sarvagnanagar_assembly_constituency,nan,ಸಾಮಾನ್ಯ,K.J.George,ಕೆ. ಜೆ. George,INC,ಕಾಂಗ್ರೆಸ್ (INC),45488,42.1,R.Shankar,ಆರ್. Shankar,BJP,ಬಿಜೆಪಿ (BJP),22880,22608,#1f77b4
2008,161,C.V. Raman Nagar,ಸಿ. ವಿ. Raman Nagar,cvramannagar,cv_raman_nagar_assembly_constituency,SC,ಪರಿಶಿಷ್ಟ ಜಾತಿ (SC),S. Raghu,ಎಸ್. Raghu,BJP,ಬಿಜೆಪಿ (BJP),47369,53.0,K.C Vijayakumar,ಕೆ. ಸಿ. Vijayakumar,INC,ಕಾಂಗ್ರೆಸ್ (INC),30714,16655,#ff7f0e
2008,162,Shivajinagar,ಶಿವಾಜಿನಗರ,shivajinagar,shivajinagar_assembly_constituency,nan,ಸಾಮಾನ್ಯ,R.Roshan Baig,ಆರ್. Roshan Baig,INC,ಕಾಂಗ್ರೆಸ್ (INC),43013,53.5,Nirmal Surana,Nirmal Surana,BJP,ಬಿಜೆಪಿ (BJP),32617,10396,#1f77b4
2008,163,Shanthinagar,ಶಾಂತಿ ನಗರ,shanthinagar,shanthinagar_assembly_constituency,SC,ಪರಿಶಿಷ್ಟ ಜಾತಿ (SC),N.A Haris,ಎನ್. ಎ. Haris,INC,ಕಾಂಗ್ರೆಸ್ (INC),42423,52.3,D.U Mallikarjuna,ಡಿ. ಯು. Mallikarjuna,BJP,ಬಿಜೆಪಿ (BJP),28626,13797,#1f77b4
2008,164,Gandhinagar,ಗಾಂಧಿ ನಗರ,gandhinagar,gandhinagar_assembly_constituency,nan,ಸಾಮಾನ್ಯ,Dinesh Gundu Rao,Dinesh Gundu ರಾವ್,INC,ಕಾಂಗ್ರೆಸ್ (INC),41188,41.0,P.C.Mohan,ಪಿ. ಸಿ. Mohan,BJP,ಬಿಜೆಪಿ (BJP),34242,6946,#1f77b4
2008,165,Rajajinagar,ರಾಜಾಜಿ ನಗರ,rajajinagar,rajajinagar_assembly_constituency,nan,ಸಾಮಾನ್ಯ,Suresh Kumar S.,Suresh ಕುಮಾರ್ ಎಸ್.,BJP,ಬಿಜೆಪಿ (BJP),49655,51.5,Padmavathi G.,Padmavathi ಜಿ.,INC,ಕಾಂಗ್ರೆಸ್ (INC),34995,14660,#ff7f0e
2008,166,Govindraj Nagar,ಗೋವಿಂದರಾಜ ನಗರ,govindrajnagar,govindraj_nagar_assembly_constituency,nan,ಸಾಮಾನ್ಯ,V.Somanna,ವಿ. Somanna,INC,ಕಾಂಗ್ರೆಸ್ (INC),53297,51.0,R.Ravindra,ಆರ್. Ravindra,BJP,ಬಿಜೆಪಿ (BJP),28935,24362,#1f77b4
2008,167,Vijayanagar,ವಿಜಯ ನಗರ,vijayanagar,vijayanagar_assembly_constituency,nan,ಸಾಮಾನ್ಯ,M.Krishnappa,ಎಂ. Krishnappa,INC,ಕಾಂಗ್ರೆಸ್ (INC),70457,64.4,Pramila Nesargi,Pramila Nesargi,BJP,ಬಿಜೆಪಿ (BJP),31832,38625,#1f77b4
2008,168,Chamarajapet,Chamarajapet,chamarajapet,chamarajapet_assembly_constituency,nan,ಸಾಮಾನ್ಯ,B.Z.Zameer Ahmed Khan,ಬಿ. ಜೆಡ್. Zameer Ahmed Khan,JD(S),ಜೆಡಿಎಸ್ (JD-S),43004,48.4,V.S.Shama Sundar,ವಿ. ಎಸ್. Shama Sundar,BJP,ಬಿಜೆಪಿ (BJP),23414,19590,#31a354
2008,169,Chickpet,ಚಿಕ್ಕಪೇಟೆ,chickpet,chickpet_assembly_constituency,nan,ಸಾಮಾನ್ಯ,Hemachandra Sagar.D,Hemachandra Sagar ಡಿ.,BJP,ಬಿಜೆಪಿ (BJP),40252,40.2,R.V.Devaraj,ಆರ್. ವಿ. Devaraj,INC,ಕಾಂಗ್ರೆಸ್ (INC),32971,7281,#ff7f0e
2008,170,Basavanagudi,ಬಸವನಗುಡಿ,basavanagudi,basavanagudi_assembly_constituency,nan,ಸಾಮಾನ್ಯ,Ravisubramanya L.A,Ravisubramanya ಎಲ್. ಎ.,BJP,ಬಿಜೆಪಿ (BJP),50294,52.2,K.Chandrashekar,ಕೆ. Chandrashekar,INC,ಕಾಂಗ್ರೆಸ್ (INC),37094,13200,#ff7f0e
2008,171,Padmanabanagar,Padmanabanagar,padmanabanagar,padmanabanagar_assembly_constituency,nan,ಸಾಮಾನ್ಯ,R.Ashoka,ಆರ್. Ashoka,BJP,ಬಿಜೆಪಿ (BJP),61561,51.9,M.V.Prasad Babu (Kabbadi Babu),ಎಂ. ವಿ. Prasad Babu ( Kabbadi Babu ),JD(S),ಜೆಡಿಎಸ್ (JD-S),30285,31276,#ff7f0e
2008,172,B.T.M.Layout,ಬಿ. ಟಿ. ಎಂ. Layout,btmlayout,btmlayout_assembly_constituency,nan,ಸಾಮಾನ್ಯ,Ramalinga Reddy,ರಾಮಲಿಂಗ ರೆಡ್ಡಿ,INC,ಕಾಂಗ್ರೆಸ್ (INC),46805,46.3,G. Prasad Reddy,ಜಿ. Prasad ರೆಡ್ಡಿ,BJP,ಬಿಜೆಪಿ (BJP),44949,1856,#1f77b4
2008,173,Jayanagar,ಜಯನಗರ,jayanagar,jayanagar_assembly_constituency,nan,ಸಾಮಾನ್ಯ,B.N.Vijaya Kumar,ಬಿ. ಎನ್. Vijaya ಕುಮಾರ್,BJP,ಬಿಜೆಪಿ (BJP),43164,48.4,M.Suresh,ಎಂ. Suresh,INC,ಕಾಂಗ್ರೆಸ್ (INC),20570,22594,#ff7f0e
2008,174,Mahadevapura,ಮಹದೇವಪುರ,mahadevapura,mahadevapura_assembly_constituency,SC,ಪರಿಶಿಷ್ಟ ಜಾತಿ (SC),Aravind Limbavali,Aravind Limbavali,BJP,ಬಿಜೆಪಿ (BJP),76376,52.2,B.Shivanna,ಬಿ. ಶಿವಣ್ಣ,INC,ಕಾಂಗ್ರೆಸ್ (INC),63018,13358,#ff7f0e
2008,175,Bommanahalli,ಬೊಮ್ಮನಹಳ್ಳಿ,bommanahalli,bommanahalli_assembly_constituency,nan,ಸಾಮಾನ್ಯ,Satish Reddy.M,ಸತೀಶ್ ರೆಡ್ಡಿ ಎಂ.,BJP,ಬಿಜೆಪಿ (BJP),62993,51.9,Kupendra Reddy.D,Kupendra ರೆಡ್ಡಿ ಡಿ.,INC,ಕಾಂಗ್ರೆಸ್ (INC),49353,13640,#ff7f0e
2008,176,Bangalore South,ಬೆಂಗಳೂರು ದಕ್ಷಿಣ,bangaloresouth,bangalore_south_assembly_constituency,nan,ಸಾಮಾನ್ಯ,M Krishnappa,ಎಂ. Krishnappa,BJP,ಬಿಜೆಪಿ (BJP),71114,42.6,Sadananda M,Sadananda ಎಂ.,INC,ಕಾಂಗ್ರೆಸ್ (INC),36979,34135,#ff7f0e
2008,177,Anekal,ಆನೇಕಲ್,anekal,anekal_assembly_constituency,SC,ಪರಿಶಿಷ್ಟ ಜಾತಿ (SC),A Narayanaswamy,ಎ. Narayanaswamy,BJP,ಬಿಜೆಪಿ (BJP),62455,44.8,B Gopal,ಬಿ. Gopal,INC,ಕಾಂಗ್ರೆಸ್ (INC),52593,9862,#ff7f0e
2008,178,Hosakote,ಹೊಸಕೋಟೆ,hosakote,hosakote_assembly_constituency,nan,ಸಾಮಾನ್ಯ,B.N.Bachhe Gowda,ಬಿ. ಎನ್. Bachhe ಗೌಡ,BJP,ಬಿಜೆಪಿ (BJP),71069,50.1,M.T.B.Nagaraju,ಎಂ. ಟಿ. ಬಿ. Nagaraju,INC,ಕಾಂಗ್ರೆಸ್ (INC),67191,3878,#ff7f0e
2008,179,Devanahalli,ದೇವನಹಳ್ಳಿ,devanahalli,devanahalli_assembly_constituency,SC,ಪರಿಶಿಷ್ಟ ಜಾತಿ (SC),Venkataswamy,Venkataswamy,INC,ಕಾಂಗ್ರೆಸ್ (INC),57181,43.2,G.Chandranna,ಜಿ. Chandranna,JD(S),ಜೆಡಿಎಸ್ (JD-S),50559,6622,#1f77b4
2008,180,Doddaballapur,ದೊಡ್ಡಬಳ್ಳಾಪುರ,doddaballapur,doddaballapur_assembly_constituency,nan,ಸಾಮಾನ್ಯ,J.Narasimhaswamy,ಜೆ. Narasimhaswamy,INC,ಕಾಂಗ್ರೆಸ್ (INC),51724,41.3,C.Channigappa,ಸಿ. Channigappa,JD(S),ಜೆಡಿಎಸ್ (JD-S),47970,3754,#1f77b4
2008,181,Nelamangala,ನೆಲಮಂಗಲ,nelamangala,nelamangala_assembly_constituency,SC,ಪರಿಶಿಷ್ಟ ಜಾತಿ (SC),M.V.Nagaraju,ಎಂ. ವಿ. Nagaraju,BJP,ಬಿಜೆಪಿ (BJP),37892,33.0,Anjanamurthy,Anjanamurthy,INC,ಕಾಂಗ್ರೆಸ್ (INC),35741,2151,#ff7f0e
2008,182,Magadi,ಮಾಗಡಿ,magadi,magadi_assembly_constituency,nan,ಸಾಮಾನ್ಯ,H C Balakrishna,ಎಚ್. ಸಿ. Balakrishna,JD(S),ಜೆಡಿಎಸ್ (JD-S),75991,52.8,P. Nagaraju,ಪಿ. Nagaraju,BJP,ಬಿಜೆಪಿ (BJP),51072,24919,#31a354
2008,183,Ramanagaram,Ramanagaram,ramanagaram,ramanagaram_assembly_constituency,nan,ಸಾಮಾನ್ಯ,H D Kumara Swamy,ಎಚ್. ಡಿ. Kumara ಸ್ವಾಮಿ,JD(S),ಜೆಡಿಎಸ್ (JD-S),71700,56.1,M Rudresha,ಎಂ. Rudresha,BJP,ಬಿಜೆಪಿ (BJP),24440,47260,#31a354
2008,184,Kanakapura,ಕನಕಪುರ,kanakapura,kanakapura_assembly_constituency,nan,ಸಾಮಾನ್ಯ,D.K.Shivakumar,ಡಿ. ಕೆ. ಶಿವಕುಮಾರ್,INC,ಕಾಂಗ್ರೆಸ್ (INC),68096,48.3,D.M.Vishwanath,ಡಿ. ಎಂ. Vishwanath,JD(S),ಜೆಡಿಎಸ್ (JD-S),60917,7179,#1f77b4
2008,185,Channapatna,ಚನ್ನಪಟ್ಟಣ,channapatna,channapatna_assembly_constituency,nan,ಸಾಮಾನ್ಯ,C.P.Yogeshwara,ಸಿ. ಪಿ. Yogeshwara,INC,ಕಾಂಗ್ರೆಸ್ (INC),69356,48.3,M C Ashwath,ಎಂ. ಸಿ. Ashwath,JD(S),ಜೆಡಿಎಸ್ (JD-S),64426,4930,#1f77b4
2008,186,Malavalli,ಮಳವಳ್ಳಿ,malavalli,malavalli_assembly_constituency,SC,ಪರಿಶಿಷ್ಟ ಜಾತಿ (SC),P M Narendraswamy,ಪಿ. ಎಂ. Narendraswamy,IND,ಪಕ್ಷೇತರ (IND),45288,31.4,Dr. K Annadani,ಡಾ. ಕೆ. Annadani,JD(S),ಜೆಡಿಎಸ್ (JD-S),33369,11919,#7f7f7f
2008,187,Maddur,ಮದ್ದೂರು,maddur,maddur_assembly_constituency,nan,ಸಾಮಾನ್ಯ,M.S.Siddaraju,ಎಂ. ಎಸ್. Siddaraju,JD(S),ಜೆಡಿಎಸ್ (JD-S),49954,36.8,D.C.Thammanna,ಡಿ. ಸಿ. Thammanna,INC,ಕಾಂಗ್ರೆಸ್ (INC),42364,7590,#31a354
2008,188,Melukote,ಮೇಲುಕೋಟೆ,melukote,melukote_assembly_constituency,nan,ಸಾಮಾನ್ಯ,C S Puttaraju,ಸಿ. ಎಸ್. Puttaraju,JD(S),ಜೆಡಿಎಸ್ (JD-S),66626,47.8,K S Puttannaiah,ಕೆ. ಎಸ್. Puttannaiah,SKP,ಎಸ್‌.ಕೆ.ಪಿ (SKP),54681,11945,#31a354
2008,189,Mandya,ಮಂಡ್ಯ,mandya,mandya_assembly_constituency,nan,ಸಾಮಾನ್ಯ,M.Srinivas,ಎಂ. ಶ್ರೀನಿವಾಸ್,JD(S),ಜೆಡಿಎಸ್ (JD-S),47265,36.4,Vidya Nagendra,Vidya Nagendra,BJP,ಬಿಜೆಪಿ (BJP),36736,10529,#31a354
2008,190,Shrirangapattana,Shrirangapattana,shrirangapattana,shrirangapattana_assembly_constituency,nan,ಸಾಮಾನ್ಯ,A.B.Ramesha Bandisiddegowda,ಎ. ಬಿ. Ramesha Bandisiddegowda,JD(S),ಜೆಡಿಎಸ್ (JD-S),52234,37.0,Ambareesh @ Amarnath,Ambareesh Amarnath,INC,ಕಾಂಗ್ರೆಸ್ (INC),47074,5160,#31a354
2008,191,Nagamangala,ನಾಗಮಂಗಲ,nagamangala,nagamangala_assembly_constituency,nan,ಸಾಮಾನ್ಯ,Suresh Gowda,Suresh ಗೌಡ,INC,ಕಾಂಗ್ರೆಸ್ (INC),69259,49.4,N.Chaluvarayaswamy (Swamy Gowda),ಎನ್. Chaluvarayaswamy ( ಸ್ವಾಮಿ ಗೌಡ ),JD(S),ಜೆಡಿಎಸ್ (JD-S),63766,5493,#1f77b4
2008,192,Krishnarajapete,Krishnarajapete,krishnarajapete,krishnarajapete_assembly_constituency,nan,ಸಾಮಾನ್ಯ,K B Chandrashekar,ಕೆ. ಬಿ. Chandrashekar,INC,ಕಾಂಗ್ರೆಸ್ (INC),48556,35.7,Krishna,Krishna,JD(S),ಜೆಡಿಎಸ್ (JD-S),45500,3056,#1f77b4
2008,193,Shravanabelagola,ಶ್ರವಣಬೆಳಗೊಳ,shravanabelagola,shravanabelagola_assembly_constituency,nan,ಸಾಮಾನ್ಯ,C. S. Putte Gowda,ಸಿ. ಎಸ್. Putte ಗೌಡ,JD(S),ಜೆಡಿಎಸ್ (JD-S),65726,49.6,H. C. Srikantaiah Alias Annaiah,ಎಚ್. ಸಿ. Srikantaiah Alias Annaiah,INC,ಕಾಂಗ್ರೆಸ್ (INC),56280,9446,#31a354
2008,194,Arsikere,ಅರಸೀಕೆರೆ,arsikere,arsikere_assembly_constituency,nan,ಸಾಮಾನ್ಯ,K. M. Shivalingegowda,ಕೆ. ಎಂ. Shivalingegowda,JD(S),ಜೆಡಿಎಸ್ (JD-S),74025,53.1,G. V. Siddappa,ಜಿ. ವಿ. Siddappa,INC,ಕಾಂಗ್ರೆಸ್ (INC),39799,34226,#31a354
2008,195,Belur,ಬೇಲೂರು,belur,belur_assembly_constituency,nan,ಸಾಮಾನ್ಯ,Rudresh Gowda. Y. N,Rudresh ಗೌಡ ವೈ. ಎನ್.,INC,ಕಾಂಗ್ರೆಸ್ (INC),46451,39.0,Shivarudrappa. B.,Shivarudrappa ಬಿ.,BJP,ಬಿಜೆಪಿ (BJP),28630,17821,#1f77b4
2008,196,Hassan,ಹಾಸನ,hassan,hassan_assembly_constituency,nan,ಸಾಮಾನ್ಯ,H. S. Prakash,ಎಚ್. ಎಸ್. ಪ್ರಕಾಶ್,JD(S),ಜೆಡಿಎಸ್ (JD-S),52266,46.6,B. Shivaramu,ಬಿ. Shivaramu,INC,ಕಾಂಗ್ರೆಸ್ (INC),35462,16804,#31a354
2008,197,Holenarasipur,ಹೊಳೆನರಸೀಪುರ,holenarasipur,holenarasipur_assembly_constituency,nan,ಸಾಮಾನ್ಯ,H. D. Revanna,ಎಚ್. ಡಿ. Revanna,JD(S),ಜೆಡಿಎಸ್ (JD-S),77448,54.6,Anupama. S. G,Anupama ಎಸ್. ಜಿ.,INC,ಕಾಂಗ್ರೆಸ್ (INC),49842,27606,#31a354
2008,198,Arkalgud,ಅರಕಲಗೂಡು,arkalgud,arkalgud_assembly_constituency,nan,ಸಾಮಾನ್ಯ,Manju. A,ಮಂಜು ಎ.,INC,ಕಾಂಗ್ರೆಸ್ (INC),68257,47.0,A. T. Ramaswamy,ಎ. ಟಿ. Ramaswamy,JD(S),ಜೆಡಿಎಸ್ (JD-S),59217,9040,#1f77b4
2008,199,Sakleshpur,ಸಕಲೇಶಪುರ,sakleshpur,sakleshpur_assembly_constituency,SC,ಪರಿಶಿಷ್ಟ ಜಾತಿ (SC),H. K. Kumaraswamy,ಎಚ್. ಕೆ. Kumaraswamy,JD(S),ಜೆಡಿಎಸ್ (JD-S),49768,39.4,Nirvanaiah,Nirvanaiah,BJP,ಬಿಜೆಪಿ (BJP),36473,13295,#31a354
2008,200,Belthangady,ಬೆಳ್ತಂಗಡಿ,belthangady,belthangady_assembly_constituency,nan,ಸಾಮಾನ್ಯ,K.Vasantha Bangera,ಕೆ. Vasantha Bangera,INC,ಕಾಂಗ್ರೆಸ್ (INC),59528,46.1,K.Prabhakara Bangera,ಕೆ. Prabhakara Bangera,BJP,ಬಿಜೆಪಿ (BJP),43425,16103,#1f77b4
2008,201,Moodabidri,ಮೂಡಬಿದಿರೆ,moodabidri,moodabidri_assembly_constituency,nan,ಸಾಮಾನ್ಯ,K.Abhayachandra,ಕೆ. Abhayachandra,INC,ಕಾಂಗ್ರೆಸ್ (INC),44744,40.3,K.P.Jagadish Adhikari,ಕೆ. ಪಿ. Jagadish Adhikari,BJP,ಬಿಜೆಪಿ (BJP),34841,9903,#1f77b4
2008,202,Mangalore City North,ಮಂಗಳೂರು ನಗರ ಉತ್ತರ,mangalorecitynorth,mangalore_city_north_assembly_constituency,nan,ಸಾಮಾನ್ಯ,J.Krishna Palemar,ಜೆ. Krishna Palemar,BJP,ಬಿಜೆಪಿ (BJP),70057,53.1,B.A.Mohiuddin Bava,ಬಿ. ಎ. Mohiuddin Bava,INC,ಕಾಂಗ್ರೆಸ್ (INC),55631,14426,#ff7f0e
2008,203,Mangalore City South,ಮಂಗಳೂರು ನಗರ ದಕ್ಷಿಣ,mangalorecitysouth,mangalore_city_south_assembly_constituency,nan,ಸಾಮಾನ್ಯ,N.Yogish Bhat,ಎನ್. Yogish Bhat,BJP,ಬಿಜೆಪಿ (BJP),60133,50.5,Ivan D'Souza,Ivan ಡಿ. Souza,INC,ಕಾಂಗ್ರೆಸ್ (INC),51373,8760,#ff7f0e
2008,204,Mangalore,ಮಂಗಳೂರು,mangalore,mangalore_assembly_constituency,nan,ಸಾಮಾನ್ಯ,U.T. Khadar,ಯು. ಟಿ. Khadar,INC,ಕಾಂಗ್ರೆಸ್ (INC),50718,48.4,K.Padmanabha Kottary,ಕೆ. Padmanabha Kottary,BJP,ಬಿಜೆಪಿ (BJP),43669,7049,#1f77b4
2008,205,Bantwal,Bantwal,bantwal,bantwal_assembly_constituency,nan,ಸಾಮಾನ್ಯ,B.Ramanatha Rai,ಬಿ. Ramanatha Rai,INC,ಕಾಂಗ್ರೆಸ್ (INC),61560,45.5,Nagaraj Shetty B,Nagaraj Shetty ಬಿ.,BJP,ಬಿಜೆಪಿ (BJP),60309,1251,#1f77b4
2008,206,Puttur,ಪುತ್ತೂರು,puttur,puttur_assembly_constituency,nan,ಸಾಮಾನ್ಯ,Mallika Prasada,Mallika Prasada,BJP,ಬಿಜೆಪಿ (BJP),46605,37.8,Bondala Jagannatha Shetty,Bondala Jagannatha Shetty,INC,ಕಾಂಗ್ರೆಸ್ (INC),45180,1425,#ff7f0e
2008,207,Sullia,ಸುಳ್ಯ,sullia,sullia_assembly_constituency,SC,ಪರಿಶಿಷ್ಟ ಜಾತಿ (SC),Angara S,Angara ಎಸ್.,BJP,ಬಿಜೆಪಿ (BJP),61144,49.4,Dr. B. Raghu,ಡಾ. ಬಿ. Raghu,INC,ಕಾಂಗ್ರೆಸ್ (INC),56822,4322,#ff7f0e
2008,208,Madikeri,ಮಡಿಕೇರಿ,madikeri,madikeri_assembly_constituency,nan,ಸಾಮಾನ್ಯ,Appachu (Ranjan),Appachu ( Ranjan ),BJP,ಬಿಜೆಪಿ (BJP),60084,47.1,B.A. Jeevijaya,ಬಿ. ಎ. Jeevijaya,INC,ಕಾಂಗ್ರೆಸ್ (INC),53499,6585,#ff7f0e
2008,209,Virajpet,ವಿರಾಜಪೇಟೆ,virajpet,virajpet_assembly_constituency,nan,ಸಾಮಾನ್ಯ,Bopaiah. K.G.,Bopaiah ಕೆ. ಜಿ.,BJP,ಬಿಜೆಪಿ (BJP),48605,41.8,Veena Achaiah,Veena Achaiah,INC,ಕಾಂಗ್ರೆಸ್ (INC),33532,15073,#ff7f0e
2008,210,Periyapatna,ಪಿರಿಯಾಪಟ್ಟಣ,periyapatna,periyapatna_assembly_constituency,nan,ಸಾಮಾನ್ಯ,K. Venkatesh,ಕೆ. Venkatesh,INC,ಕಾಂಗ್ರೆಸ್ (INC),38453,32.8,K. Mahadeva,ಕೆ. Mahadeva,JD(S),ಜೆಡಿಎಸ್ (JD-S),37574,879,#1f77b4
2008,211,Krishnarajanagara,Krishnarajanagara,krishnarajanagara,krishnarajanagara_assembly_constituency,nan,ಸಾಮಾನ್ಯ,S.R Mahesh,ಎಸ್. ಆರ್. Mahesh,JD(S),ಜೆಡಿಎಸ್ (JD-S),77322,53.7,Adaguru. H. Vishwanath,Adaguru ಎಚ್. Vishwanath,INC,ಕಾಂಗ್ರೆಸ್ (INC),56774,20548,#31a354
2008,212,Hunasuru,Hunasuru,hunasuru,hunasuru_assembly_constituency,nan,ಸಾಮಾನ್ಯ,H.P Manjunatha,ಎಚ್. ಪಿ. Manjunatha,INC,ಕಾಂಗ್ರೆಸ್ (INC),57497,39.6,Chikkamadu.S,Chikkamadu ಎಸ್.,JD(S),ಜೆಡಿಎಸ್ (JD-S),42456,15041,#1f77b4
2008,213,Heggadadevanakote,Heggadadevanakote,heggadadevanakote,heggadadevanakote_assembly_constituency,SC,ಪರಿಶಿಷ್ಟ ಜಾತಿ (SC),Chikkanna,Chikkanna,INC,ಕಾಂಗ್ರೆಸ್ (INC),43222,34.5,K.Chikkaveeranayaka,ಕೆ. Chikkaveeranayaka,BJP,ಬಿಜೆಪಿ (BJP),30680,12542,#1f77b4
2008,214,Nanjangud,ನಂಜನಗೂಡು,nanjangud,nanjangud_assembly_constituency,SC,ಪರಿಶಿಷ್ಟ ಜಾತಿ (SC),V.Srinivasa Prasad,ವಿ. ಶ್ರೀನಿವಾಸ Prasad,INC,ಕಾಂಗ್ರೆಸ್ (INC),42867,34.8,S.Mahadevaiah,ಎಸ್. Mahadevaiah,BJP,ಬಿಜೆಪಿ (BJP),42159,708,#1f77b4
2008,215,Chamundeshwari,ಚಾಮುಂಡೇಶ್ವರಿ,chamundeshwari,chamundeshwari_assembly_constituency,nan,ಸಾಮಾನ್ಯ,M.Sathyanarayana,ಎಂ. Sathyanarayana,INC,ಕಾಂಗ್ರೆಸ್ (INC),55828,37.2,C.N.Manjegowda,ಸಿ. ಎನ್. Manjegowda,BJP,ಬಿಜೆಪಿ (BJP),41529,14299,#1f77b4
2008,216,Krishnaraja,Krishnaraja,krishnaraja,krishnaraja_assembly_constituency,nan,ಸಾಮಾನ್ಯ,S.A.Ramadass,ಎಸ್. ಎ. Ramadass,BJP,ಬಿಜೆಪಿ (BJP),63314,54.6,M.K.Somashekar,ಎಂ. ಕೆ. Somashekar,INC,ಕಾಂಗ್ರೆಸ್ (INC),43892,19422,#ff7f0e
2008,217,Chamaraja,ಚಾಮರಾಜ,chamaraja,chamaraja_assembly_constituency,nan,ಸಾಮಾನ್ಯ,H.S.Shankaralingegowda,ಎಚ್. ಎಸ್. Shankaralingegowda,BJP,ಬಿಜೆಪಿ (BJP),44243,41.9,Vasu,Vasu,INC,ಕಾಂಗ್ರೆಸ್ (INC),34844,9399,#ff7f0e
2008,218,Narasimharaja,ನರಸಿಂಹರಾಜ,narasimharaja,narasimharaja_assembly_constituency,nan,ಸಾಮಾನ್ಯ,Tanveer Sait,Tanveer ಸೇಟ್,INC,ಕಾಂಗ್ರೆಸ್ (INC),37789,37.1,S.Nagaraju (Sandesh),ಎಸ್. Nagaraju ( Sandesh ),JD(S),ಜೆಡಿಎಸ್ (JD-S),31104,6685,#1f77b4
2008,219,Varuna,ವರುಣ,varuna,varuna_assembly_constituency,nan,ಸಾಮಾನ್ಯ,Siddaramaiah,ಸಿದ್ದರಾಮಯ್ಯ,INC,ಕಾಂಗ್ರೆಸ್ (INC),71908,50.2,L. Revannasiddaiah,ಎಲ್. Revannasiddaiah,BJP,ಬಿಜೆಪಿ (BJP),53071,18837,#1f77b4
2008,220,T.Narasipur,ಟಿ. Narasipur,tnarasipur,tnarasipur_assembly_constituency,SC,ಪರಿಶಿಷ್ಟ ಜಾತಿ (SC),Dr. H.C. Mahadevappa,ಡಾ. ಎಚ್. ಸಿ. ಮಹಾದೇವಪ್ಪ,INC,ಕಾಂಗ್ರೆಸ್ (INC),42593,35.8,M.C. Sundareshan,ಎಂ. ಸಿ. Sundareshan,JD(S),ಜೆಡಿಎಸ್ (JD-S),28869,13724,#1f77b4
2008,221,Hanur,ಹನೂರು,hanur,hanur_assembly_constituency,nan,ಸಾಮಾನ್ಯ,R.Narendra,ಆರ್. Narendra,INC,ಕಾಂಗ್ರೆಸ್ (INC),59523,47.3,Parimala Nagappa,Parimala Nagappa,BSP,BSP,36383,23140,#1f77b4
2008,222,Kollegal,ಕೊಳ್ಳೇಗಾಲ,kollegal,kollegal_assembly_constituency,SC,ಪರಿಶಿಷ್ಟ ಜಾತಿ (SC),R.Dhruvanarayana,ಆರ್. Dhruvanarayana,INC,ಕಾಂಗ್ರೆಸ್ (INC),37384,28.7,S.Mahendar,ಎಸ್. Mahendar,BJP,ಬಿಜೆಪಿ (BJP),25586,11798,#1f77b4
2008,223,Chamarajanagar,ಚಾಮರಾಜನಗರ,chamarajanagar,chamarajanagar_assembly_constituency,nan,ಸಾಮಾನ್ಯ,C.Puttarangashetty,ಸಿ. Puttarangashetty,INC,ಕಾಂಗ್ರೆಸ್ (INC),42017,33.9,M.Mahadev,ಎಂ. Mahadev,BJP,ಬಿಜೆಪಿ (BJP),39405,2612,#1f77b4
2008,224,Gundlupet,ಗುಂಡ್ಲುಪೇಟೆ,gundlupet,gundlupet_assembly_constituency,nan,ಸಾಮಾನ್ಯ,H.S.Mahadeva Prasad,ಎಚ್. ಎಸ್. Mahadeva Prasad,INC,ಕಾಂಗ್ರೆಸ್ (INC),64824,45.2,C.S.Niranjan Kumar,ಸಿ. ಎಸ್. Niranjan ಕುಮಾರ್,BJP,ಬಿಜೆಪಿ (BJP),62621,2203,#1f77b4
2004,1,Aurad,ಔರಾದ್,aurad,aurad_assembly_constituency,SC,ಪರಿಶಿಷ್ಟ ಜಾತಿ (SC),Gurupadappa Nagamarapalli,Gurupadappa Nagamarapalli,INC,ಕಾಂಗ್ರೆಸ್ (INC),45621,41.6,Gundappa Vakil,Gundappa Vakil,JD(S),ಜೆಡಿಎಸ್ (JD-S),34300,11321,#1f77b4
2004,2,Bhalki,ಭಾಲ್ಕಿ,bhalki,bhalki_assembly_constituency,nan,ಸಾಮಾನ್ಯ,Prakash Khandre,ಪ್ರಕಾಶ್ Khandre,BJP,ಬಿಜೆಪಿ (BJP),52652,52.0,Ishwar Khandre,Ishwar Khandre,INC,ಕಾಂಗ್ರೆಸ್ (INC),42711,9941,#ff7f0e
2004,3,Hulsoor,Hulsoor,hulsoor,hulsoor_assembly_constituency,SC,ಪರಿಶಿಷ್ಟ ಜಾತಿ (SC),Rajendra Varma,Rajendra Varma,BJP,ಬಿಜೆಪಿ (BJP),29285,34.0,Babu Honnanaik,Babu Honnanaik,IND,ಪಕ್ಷೇತರ (IND),27850,1435,#ff7f0e
2004,4,Bidar,ಬೀದರ್,bidar,bidar_assembly_constituency,nan,ಸಾಮಾನ್ಯ,Bandeppa Khasempur,Bandeppa Khasempur,IND,ಪಕ್ಷೇತರ (IND),67019,49.4,Syed Zulfekar Hashmi,Syed Zulfekar Hashmi,IND,ಪಕ್ಷೇತರ (IND),39784,27235,#7f7f7f
2004,5,Humnabad,ಹುಮ್ನಾಬಾದ್,humnabad,humnabad_assembly_constituency,nan,ಸಾಮಾನ್ಯ,Mirajoddin Patel,Mirajoddin Patel,JD(S),ಜೆಡಿಎಸ್ (JD-S),35755,34.0,Rajshekahar Basawaraj Patil,Rajshekahar Basawaraj ಪಾಟೀಲ್,INC,ಕಾಂಗ್ರೆಸ್ (INC),33586,2169,#31a354
2004,6,Basavakalyan,ಬಸವಕಲ್ಯಾಣ,basavakalyan,basavakalyan_assembly_constituency,nan,ಸಾಮಾನ್ಯ,Mallikarjun Siddaramappa Khuba,ಮಲ್ಲಿಕಾರ್ಜುನ್ Siddaramappa Khuba,JD(S),ಜೆಡಿಎಸ್ (JD-S),29557,27.2,Basavaraj Patil Attur,ಬಸವರಾಜ್ ಪಾಟೀಲ್ Attur,IND,ಪಕ್ಷೇತರ (IND),22132,7425,#31a354
2004,7,Chincholi,ಚಿಂಚೋಳಿ,chincholi,chincholi_assembly_constituency,SC,ಪರಿಶಿಷ್ಟ ಜಾತಿ (SC),Vijanath Patil,Vijanath ಪಾಟೀಲ್,JD(S),ಜೆಡಿಎಸ್ (JD-S),36184,39.1,Kailasnath Patil,Kailasnath ಪಾಟೀಲ್,INC,ಕಾಂಗ್ರೆಸ್ (INC),31067,5117,#31a354
2004,8,Kamalapur,Kamalapur,kamalapur,kamalapur_assembly_constituency,SC,ಪರಿಶಿಷ್ಟ ಜಾತಿ (SC),Revunayak Belmagi,Revunayak Belmagi,BJP,ಬಿಜೆಪಿ (BJP),28607,37.3,Ramakrishna G,Ramakrishna ಜಿ.,INC,ಕಾಂಗ್ರೆಸ್ (INC),23740,4867,#ff7f0e
2004,9,Alland,ಆಳಂದ,alland,alland_assembly_constituency,nan,ಸಾಮಾನ್ಯ,Patil B R,ಪಾಟೀಲ್ ಬಿ. ಆರ್.,JD(S),ಜೆಡಿಎಸ್ (JD-S),50818,54.5,Guttedar Subhash Rukmayya,ಗುತ್ತೇದಾರ್ Subhash Rukmayya,INC,ಕಾಂಗ್ರೆಸ್ (INC),35989,14829,#31a354
2004,10,Gulbarga,Gulbarga,gulbarga,gulbarga_assembly_constituency,nan,ಸಾಮಾನ್ಯ,Chandrashekar D Patil Revoor,Chandrashekar ಡಿ. ಪಾಟೀಲ್ Revoor,BJP,ಬಿಜೆಪಿ (BJP),78845,48.6,Qamarul Islam,Qamarul Islam,INC,ಕಾಂಗ್ರೆಸ್ (INC),74645,4200,#ff7f0e
2004,11,Shahabad,Shahabad,shahabad,shahabad_assembly_constituency,SC,ಪರಿಶಿಷ್ಟ ಜಾತಿ (SC),Sunil Vallapure,Sunil Vallapure,BJP,ಬಿಜೆಪಿ (BJP),32625,30.4,Chavan R B,ಚವಾಣ್ ಆರ್. ಬಿ.,INC,ಕಾಂಗ್ರೆಸ್ (INC),31607,1018,#ff7f0e
2004,12,Afzalpur,ಅಫ್ಜಲ್ ಪುರ,afzalpur,afzalpur_assembly_constituency,nan,ಸಾಮಾನ್ಯ,Patil M Y,ಪಾಟೀಲ್ ಎಂ. ವೈ.,JD(S),ಜೆಡಿಎಸ್ (JD-S),53122,52.4,Malikayya Venkayya Guttedar,Malikayya Venkayya ಗುತ್ತೇದಾರ್,INC,ಕಾಂಗ್ರೆಸ್ (INC),34654,18468,#31a354
2004,13,Chittapur,Chittapur,chittapur,chittapur_assembly_constituency,SC,ಪರಿಶಿಷ್ಟ ಜಾತಿ (SC),Vishwanath Patil Hebbal,Vishwanath ಪಾಟೀಲ್ Hebbal,JD(S),ಜೆಡಿಎಸ್ (JD-S),40871,48.0,Baburao Basavannappa Chinchansur,Baburao Basavannappa Chinchansur,INC,ಕಾಂಗ್ರೆಸ್ (INC),23921,16950,#31a354
2004,14,Sedam,ಸೇಡಂ,sedam,sedam_assembly_constituency,nan,ಸಾಮಾನ್ಯ,Dr Sharanaprakash Rudrappa Patil,ಡಾ. Sharanaprakash Rudrappa ಪಾಟೀಲ್,INC,ಕಾಂಗ್ರೆಸ್ (INC),26424,27.8,Chandrashekar Reddy Deshmukh Madna,Chandrashekar ರೆಡ್ಡಿ Deshmukh Madna,JD(S),ಜೆಡಿಎಸ್ (JD-S),23413,3011,#1f77b4
2004,15,Jewargi,ಜೇವರ್ಗಿ,jewargi,jewargi_assembly_constituency,nan,ಸಾಮಾನ್ಯ,Dharamsingh,Dharamsingh,INC,ಕಾಂಗ್ರೆಸ್ (INC),45235,43.5,Shivalingappa Patil Naribol,ಶಿವಲಿಂಗಪ್ಪ ಪಾಟೀಲ್ Naribol,BJP,ಬಿಜೆಪಿ (BJP),42504,2731,#1f77b4
2004,16,Gurmitkal,ಗುರಮಿಟ್ಕಲ್,gurmitkal,gurmitkal_assembly_constituency,nan,ಸಾಮಾನ್ಯ,Mallikarjun Kharge,ಮಲ್ಲಿಕಾರ್ಜುನ್ ಖರ್ಗೆ,INC,ಕಾಂಗ್ರೆಸ್ (INC),37006,46.0,Akaashi Basavaraj,Akaashi ಬಸವರಾಜ್,JD(S),ಜೆಡಿಎಸ್ (JD-S),18459,18547,#1f77b4
2004,17,Yadgir,ಯಾದಗಿರಿ,yadgir,yadgir_assembly_constituency,nan,ಸಾಮಾನ್ಯ,Veer Basawanthreddy Mudnal,Veer Basawanthreddy Mudnal,IND,ಪಕ್ಷೇತರ (IND),37222,40.8,Dr A B Malakraddy,ಡಾ. ಎ. ಬಿ. Malakraddy,INC,ಕಾಂಗ್ರೆಸ್ (INC),25788,11434,#7f7f7f
2004,18,Shahapur,ಶಹಾಪುರ,shahapur,shahapur_assembly_constituency,nan,ಸಾಮಾನ್ಯ,Sharanabasappa Darshanapur,Sharanabasappa Darshanapur,JD(S),ಜೆಡಿಎಸ್ (JD-S),59310,51.0,Shivashekarappagouda Sirwal,Shivashekarappagouda Sirwal,INC,ಕಾಂಗ್ರೆಸ್ (INC),38080,21230,#31a354
2004,19,Shorapur,ಶೋರಾಪುರ,shorapur,shorapur_assembly_constituency,ST,ಪರಿಶಿಷ್ಟ ಪಂಗಡ (ST),Narashima Nayak (Raja Gouda),Narashima Nayak ( Raja Gouda ),KNDP,KNDP,43608,38.6,Raja Venkatappa Naik,Raja Venkatappa ನಾಯಕ್,INC,ಕಾಂಗ್ರೆಸ್ (INC),40733,2875,#64748b
2004,20,Devadurga,ದೇವದುರ್ಗ,devadurga,devadurga_assembly_constituency,ST,ಪರಿಶಿಷ್ಟ ಪಂಗಡ (ST),Alkod Hanumanthappa,Alkod Hanumanthappa,JD(S),ಜೆಡಿಎಸ್ (JD-S),33460,38.5,Manappa,Manappa,IND,ಪಕ್ಷೇತರ (IND),20125,13335,#31a354
2004,21,Raichur,ರಾಯಚೂರು,raichur,raichur_assembly_constituency,nan,ಸಾಮಾನ್ಯ,Ahuja Papareddy,Ahuja Papareddy,BJP,ಬಿಜೆಪಿ (BJP),38784,36.5,Syed Yasin,Syed Yasin,INC,ಕಾಂಗ್ರೆಸ್ (INC),29188,9596,#ff7f0e
2004,22,Kalmala,Kalmala,kalmala,kalmala_assembly_constituency,nan,ಸಾಮಾನ್ಯ,Muniyappa Muddappa B,Muniyappa Muddappa ಬಿ.,JD(S),ಜೆಡಿಎಸ್ (JD-S),30915,28.5,Shankaragouda Harvi,Shankaragouda Harvi,BJP,ಬಿಜೆಪಿ (BJP),27444,3471,#31a354
2004,23,Manvi,ಮಾನ್ವಿ,manvi,manvi_assembly_constituency,ST,ಪರಿಶಿಷ್ಟ ಪಂಗಡ (ST),Bosuraju Ns,Bosuraju Ns,INC,ಕಾಂಗ್ರೆಸ್ (INC),38620,38.8,Basavanagouda Byagawat,Basavanagouda Byagawat,IND,ಪಕ್ಷೇತರ (IND),28513,10107,#1f77b4
2004,24,Lingsugur,Lingsugur,lingsugur,lingsugur_assembly_constituency,SC,ಪರಿಶಿಷ್ಟ ಜಾತಿ (SC),Amaregowda Patil Bayyapur,Amaregowda ಪಾಟೀಲ್ Bayyapur,JD(S),ಜೆಡಿಎಸ್ (JD-S),49211,46.9,Anwari Basavaraj Patil,Anwari ಬಸವರಾಜ್ ಪಾಟೀಲ್,INC,ಕಾಂಗ್ರೆಸ್ (INC),45692,3519,#31a354
2004,25,Sindhnoor,Sindhnoor,sindhnoor,sindhnoor_assembly_constituency,nan,ಸಾಮಾನ್ಯ,Badarli Hampanagouda,Badarli Hampanagouda,INC,ಕಾಂಗ್ರೆಸ್ (INC),79001,55.3,Hanumanagouda Amareshappagouda,Hanumanagouda Amareshappagouda,JD(S),ಜೆಡಿಎಸ್ (JD-S),30277,48724,#1f77b4
2004,26,Kushtagi,ಕುಷ್ಟಗಿ,kushtagi,kushtagi_assembly_constituency,nan,ಸಾಮಾನ್ಯ,Doddanagoud Hanuamagouda Patil,Doddanagoud Hanuamagouda ಪಾಟೀಲ್,BJP,ಬಿಜೆಪಿ (BJP),44492,39.9,Sharanappa Vakeelaru K,Sharanappa Vakeelaru ಕೆ.,JD(S),ಜೆಡಿಎಸ್ (JD-S),34526,9966,#ff7f0e
2004,27,Yelburga,ಯಲಬುರ್ಗಾ,yelburga,yelburga_assembly_constituency,nan,ಸಾಮಾನ್ಯ,Basavaraj Rayareddy,ಬಸವರಾಜ್ Rayareddy,INC,ಕಾಂಗ್ರೆಸ್ (INC),49401,47.3,Eshanna Gulagannavar,Eshanna Gulagannavar,BJP,ಬಿಜೆಪಿ (BJP),43729,5672,#1f77b4
2004,28,Kanakagiri,ಕನಕಗಿರಿ,kanakagiri,kanakagiri_assembly_constituency,SC,ಪರಿಶಿಷ್ಟ ಜಾತಿ (SC),Veerappa Devappa Kesarahatti G,Veerappa Devappa Kesarahatti ಜಿ.,BJP,ಬಿಜೆಪಿ (BJP),46712,41.9,Mallikarjuna Nagappa M,Mallikarjuna Nagappa ಎಂ.,INC,ಕಾಂಗ್ರೆಸ್ (INC),41136,5576,#ff7f0e
2004,29,Gangavathi,ಗಂಗಾವತಿ,gangavathi,gangavathi_assembly_constituency,nan,ಸಾಮಾನ್ಯ,Ikbal Ansari,Ikbal Ansari,JD(S),ಜೆಡಿಎಸ್ (JD-S),39486,34.5,Giregouda Advocate H,Giregouda Advocate ಎಚ್.,BJP,ಬಿಜೆಪಿ (BJP),36044,3442,#31a354
2004,30,Koppal,ಕೊಪ್ಪಳ,koppal,koppal_assembly_constituency,nan,ಸಾಮಾನ್ಯ,Basavaraj Bhimappa Hitnal K,ಬಸವರಾಜ್ Bhimappa Hitnal ಕೆ.,INC,ಕಾಂಗ್ರೆಸ್ (INC),47228,42.8,Karadi Sanganna Amarappa,Karadi Sanganna Amarappa,BJP,ಬಿಜೆಪಿ (BJP),41880,5348,#1f77b4
2004,31,Siruguppa,ಸಿರುಗುಪ್ಪ,siruguppa,siruguppa_assembly_constituency,ST,ಪರಿಶಿಷ್ಟ ಪಂಗಡ (ST),Somalingappa M S,Somalingappa ಎಂ. ಎಸ್.,BJP,ಬಿಜೆಪಿ (BJP),49160,34.8,Chedrashekaraiah Tm,Chedrashekaraiah Tm,JD(S),ಜೆಡಿಎಸ್ (JD-S),42844,6316,#ff7f0e
2004,32,Kurugodu,Kurugodu,kurugodu,kurugodu_assembly_constituency,nan,ಸಾಮಾನ್ಯ,Suryanarayana Reddy N,Suryanarayana ರೆಡ್ಡಿ ಎನ್.,JD(S),ಜೆಡಿಎಸ್ (JD-S),56517,42.2,Ramalingappa Ka,Ramalingappa Ka,BJP,ಬಿಜೆಪಿ (BJP),37246,19271,#31a354
2004,33,Bellary,ಬಳ್ಳಾರಿ,bellary,bellary_assembly_constituency,ST,ಪರಿಶಿಷ್ಟ ಪಂಗಡ (ST),Sreeramula B,Sreeramula ಬಿ.,BJP,ಬಿಜೆಪಿ (BJP),53354,47.3,Diwakara Babu M,Diwakara Babu ಎಂ.,INC,ಕಾಂಗ್ರೆಸ್ (INC),46643,6711,#ff7f0e
2004,34,Hospet,ಹೊಸಪೇಟೆ,hospet,hospet_assembly_constituency,nan,ಸಾಮಾನ್ಯ,Gaviappa H R,Gaviappa ಎಚ್. ಆರ್.,IND,ಪಕ್ಷೇತರ (IND),31440,28.1,Shankara Goud G,Shankara Goud ಜಿ.,BJP,ಬಿಜೆಪಿ (BJP),23737,7703,#7f7f7f
2004,35,Sandur,ಸಂಡೂರು,sandur,sandur_assembly_constituency,ST,ಪರಿಶಿಷ್ಟ ಪಂಗಡ (ST),Santhosh S Lad,Santhosh ಎಸ್. Lad,JD(S),ಜೆಡಿಎಸ್ (JD-S),65600,56.2,Venkatarao Ghorpade,Venkatarao Ghorpade,INC,ಕಾಂಗ್ರೆಸ್ (INC),30056,35544,#31a354
2004,36,Kudligi,ಕೂಡ್ಲಿಗಿ,kudligi,kudligi_assembly_constituency,ST,ಪರಿಶಿಷ್ಟ ಪಂಗಡ (ST),Anil Lad H,Anil Lad ಎಚ್.,BJP,ಬಿಜೆಪಿ (BJP),58977,48.9,Siraj Sheikh,Siraj Sheikh,INC,ಕಾಂಗ್ರೆಸ್ (INC),41796,17181,#ff7f0e
2004,37,Kottur,Kottur,kottur,kottur_assembly_constituency,nan,ಸಾಮಾನ್ಯ,Bhagirathi T,Bhagirathi ಟಿ.,INC,ಕಾಂಗ್ರೆಸ್ (INC),29593,27.4,Bommanna N T,Bommanna ಎನ್. ಟಿ.,JD(S),ಜೆಡಿಎಸ್ (JD-S),26781,2812,#1f77b4
2004,38,Hadagalli,ಹೂವಿನಹಡಗಲಿ,hadagalli,hadagalli_assembly_constituency,SC,ಪರಿಶಿಷ್ಟ ಜಾತಿ (SC),Prakash M P,ಪ್ರಕಾಶ್ ಎಂ. ಪಿ.,JD(S),ಜೆಡಿಎಸ್ (JD-S),61863,55.1,Halappa V B,Halappa ವಿ. ಬಿ.,INC,ಕಾಂಗ್ರೆಸ್ (INC),28077,33786,#31a354
2004,39,Harapanahalli,ಹರಪನಹಳ್ಳಿ,harapanahalli,harapanahalli_assembly_constituency,nan,ಸಾಮಾನ್ಯ,Parameshwara Naik P T,Parameshwara ನಾಯಕ್ ಪಿ. ಟಿ.,INC,ಕಾಂಗ್ರೆಸ್ (INC),38158,36.3,Narayana Das D,Narayana Das ಡಿ.,IND,ಪಕ್ಷೇತರ (IND),30164,7994,#1f77b4
2004,40,Harihar,Harihar,harihar,harihar_assembly_constituency,nan,ಸಾಮಾನ್ಯ,Dr Nagappa Y,ಡಾ. Nagappa ವೈ.,INC,ಕಾಂಗ್ರೆಸ್ (INC),40366,33.2,Shivappa H,Shivappa ಎಚ್.,JD(S),ಜೆಡಿಎಸ್ (JD-S),39797,569,#1f77b4
2004,41,Davangere,Davangere,davangere,davangere_assembly_constituency,nan,ಸಾಮಾನ್ಯ,Shamanur Shivashankarappa,Shamanur Shivashankarappa,INC,ಕಾಂಗ್ರೆಸ್ (INC),63499,56.7,Yashawantha Rao,Yashawantha ರಾವ್,BJP,ಬಿಜೆಪಿ (BJP),41366,22133,#1f77b4
2004,42,Mayakonda,ಮಾಯಾಕೊಂಡ,mayakonda,mayakonda_assembly_constituency,SC,ಪರಿಶಿಷ್ಟ ಜಾತಿ (SC),Ravindranath S A,Ravindranath ಎಸ್. ಎ.,BJP,ಬಿಜೆಪಿ (BJP),62290,48.3,Shekharappa R S,Shekharappa ಆರ್. ಎಸ್.,INC,ಕಾಂಗ್ರೆಸ್ (INC),53193,9097,#ff7f0e
2004,43,Bharamasagara,Bharamasagara,bharamasagara,bharamasagara_assembly_constituency,SC,ಪರಿಶಿಷ್ಟ ಜಾತಿ (SC),Anjaneya H,Anjaneya ಎಚ್.,JD(U),JD(U),47673,45.4,Chandrappa M,Chandrappa ಎಂ.,INC,ಕಾಂಗ್ರೆಸ್ (INC),31104,16569,#64748b
2004,44,Chitradurga,ಚಿತ್ರದುರ್ಗ,chitradurga,chitradurga_assembly_constituency,nan,ಸಾಮಾನ್ಯ,Thippa Reddy Gh,Thippa ರೆಡ್ಡಿ Gh,INC,ಕಾಂಗ್ರೆಸ್ (INC),53386,45.2,Basavarajan Sk,Basavarajan Sk,JD(S),ಜೆಡಿಎಸ್ (JD-S),51420,1966,#1f77b4
2004,45,Jagalur,ಜಗಳೂರು,jagalur,jagalur_assembly_constituency,ST,ಪರಿಶಿಷ್ಟ ಪಂಗಡ (ST),Gurusiddanagowda T,Gurusiddanagowda ಟಿ.,BJP,ಬಿಜೆಪಿ (BJP),38530,36.4,Ashwatha Reddy Gh,Ashwatha ರೆಡ್ಡಿ Gh,INC,ಕಾಂಗ್ರೆಸ್ (INC),31767,6763,#ff7f0e
2004,46,Molakalmuru,ಮೊಳಕಾಲ್ಮೂರು,molakalmuru,molakalmuru_assembly_constituency,ST,ಪರಿಶಿಷ್ಟ ಪಂಗಡ (ST),Gopal Krishna N Y,Gopal Krishna ಎನ್. ವೈ.,INC,ಕಾಂಗ್ರೆಸ್ (INC),33592,29.5,Patel G M Thippeswamy,Patel ಜಿ. ಎಂ. Thippeswamy,JD(U),JD(U),27155,6437,#1f77b4
2004,47,Challakere,ಚಳ್ಳಕೆರೆ,challakere,challakere_assembly_constituency,ST,ಪರಿಶಿಷ್ಟ ಪಂಗಡ (ST),Sudhakar D,Sudhakar ಡಿ.,INC,ಕಾಂಗ್ರೆಸ್ (INC),47550,40.0,Basavaraj Mandi Mutt,ಬಸವರಾಜ್ Mandi Mutt,BJP,ಬಿಜೆಪಿ (BJP),20199,27351,#1f77b4
2004,48,Hiriyur,ಹಿರಿಯೂರು,hiriyur,hiriyur_assembly_constituency,nan,ಸಾಮಾನ್ಯ,Manjunath D,Manjunath ಡಿ.,JD(S),ಜೆಡಿಎಸ್ (JD-S),43749,43.4,Manjunath Gs,Manjunath Gs,INC,ಕಾಂಗ್ರೆಸ್ (INC),31310,12439,#31a354
2004,49,Holalkere,ಹೊಳಲ್ಕೆರೆ,holalkere,holalkere_assembly_constituency,SC,ಪರಿಶಿಷ್ಟ ಜಾತಿ (SC),Umapathi A V,Umapathi ಎ. ವಿ.,INC,ಕಾಂಗ್ರೆಸ್ (INC),48179,43.2,Manjunath G S,Manjunath ಜಿ. ಎಸ್.,IND,ಪಕ್ಷೇತರ (IND),33836,14343,#1f77b4
2004,50,Hosadurga,ಹೊಸದುರ್ಗ,hosadurga,hosadurga_assembly_constituency,nan,ಸಾಮಾನ್ಯ,Govindappa B G,Govindappa ಬಿ. ಜಿ.,INC,ಕಾಂಗ್ರೆಸ್ (INC),49780,41.7,Elkal Vijaya Kumar,Elkal Vijaya ಕುಮಾರ್,JD(S),ಜೆಡಿಎಸ್ (JD-S),29052,20728,#1f77b4
2004,51,Pavagada,ಪಾವಗಡ,pavagada,pavagada_assembly_constituency,SC,ಪರಿಶಿಷ್ಟ ಜಾತಿ (SC),Thimmarayappa K M,Thimmarayappa ಕೆ. ಎಂ.,JD(S),ಜೆಡಿಎಸ್ (JD-S),53136,39.7,Venkataramanappa,Venkataramanappa,INC,ಕಾಂಗ್ರೆಸ್ (INC),45058,8078,#31a354
2004,52,Sira,ಸಿರಾ,sira,sira_assembly_constituency,nan,ಸಾಮಾನ್ಯ,Sathyanarayana B,Sathyanarayana ಬಿ.,JD(S),ಜೆಡಿಎಸ್ (JD-S),33166,30.9,Sreenivasaiah (Bhoonahally Seenappa),Sreenivasaiah ( Bhoonahally Seenappa ),INC,ಕಾಂಗ್ರೆಸ್ (INC),25073,8093,#31a354
2004,53,Kallambella,Kallambella,kallambella,kallambella_assembly_constituency,nan,ಸಾಮಾನ್ಯ,Kiran Kumar K S,Kiran ಕುಮಾರ್ ಕೆ. ಎಸ್.,BJP,ಬಿಜೆಪಿ (BJP),50108,47.2,Jayachandra T B,Jayachandra ಟಿ. ಬಿ.,INC,ಕಾಂಗ್ರೆಸ್ (INC),32873,17235,#ff7f0e
2004,54,Bellavi,Bellavi,bellavi,bellavi_assembly_constituency,nan,ಸಾಮಾನ್ಯ,Kyatsandra N Rajanna,Kyatsandra ಎನ್. Rajanna,JD(S),ಜೆಡಿಎಸ್ (JD-S),35099,31.1,Mahadevaiah C V,Mahadevaiah ಸಿ. ವಿ.,BJP,ಬಿಜೆಪಿ (BJP),33595,1504,#31a354
2004,55,Madhugiri,ಮಧುಗಿರಿ,madhugiri,madhugiri_assembly_constituency,nan,ಸಾಮಾನ್ಯ,Dr.Parameshwara G,ಡಾ. Parameshwara ಜಿ.,INC,ಕಾಂಗ್ರೆಸ್ (INC),47039,42.3,Kenchamaraiah H,Kenchamaraiah ಎಚ್.,JD(S),ಜೆಡಿಎಸ್ (JD-S),29826,17213,#1f77b4
2004,56,Koratagere,ಕೊರಟಗೆರೆ,koratagere,koratagere_assembly_constituency,SC,ಪರಿಶಿಷ್ಟ ಜಾತಿ (SC),Channigappa,Channigappa,JD(S),ಜೆಡಿಎಸ್ (JD-S),41826,35.6,Veeranna,Veeranna,JD(U),JD(U),38832,2994,#31a354
2004,57,Tumkur,Tumkur,tumkur,tumkur_assembly_constituency,nan,ಸಾಮಾನ್ಯ,Shivanna S,ಶಿವಣ್ಣ ಎಸ್.,BJP,ಬಿಜೆಪಿ (BJP),59977,41.5,Shafi Ahmed S,Shafi Ahmed ಎಸ್.,INC,ಕಾಂಗ್ರೆಸ್ (INC),51332,8645,#ff7f0e
2004,58,Kunigal,ಕುಣಿಗಲ್,kunigal,kunigal_assembly_constituency,nan,ಸಾಮಾನ್ಯ,Ningappa H,Ningappa ಎಚ್.,JD(S),ಜೆಡಿಎಸ್ (JD-S),52370,46.3,Muddahanumegowda S P,Muddahanumegowda ಎಸ್. ಪಿ.,INC,ಕಾಂಗ್ರೆಸ್ (INC),33280,19090,#31a354
2004,59,Huliyurdurga,Huliyurdurga,huliyurdurga,huliyurdurga_assembly_constituency,nan,ಸಾಮಾನ್ಯ,Nagarajaya D,Nagarajaya ಡಿ.,JD(S),ಜೆಡಿಎಸ್ (JD-S),27848,32.7,Anusuyamma,Anusuyamma,BJP,ಬಿಜೆಪಿ (BJP),23106,4742,#31a354
2004,60,Gubbi,ಗುಬ್ಬಿ,gubbi,gubbi_assembly_constituency,nan,ಸಾಮಾನ್ಯ,Sreenivasa S R,Sreenivasa ಎಸ್. ಆರ್.,IND,ಪಕ್ಷೇತರ (IND),40431,38.6,Shivananjappa G S,Shivananjappa ಜಿ. ಎಸ್.,JD(S),ಜೆಡಿಎಸ್ (JD-S),28854,11577,#7f7f7f
2004,61,Turuvekere,ತುರುವೇಕೆರೆ,turuvekere,turuvekere_assembly_constituency,nan,ಸಾಮಾನ್ಯ,Krishnappa M T,Krishnappa ಎಂ. ಟಿ.,JD(S),ಜೆಡಿಎಸ್ (JD-S),39934,38.9,Lakshmi Narayana M D(Annaiah),ಲಕ್ಷ್ಮಿ Narayana ಎಂ. ಡಿ. ( Annaiah ),BJP,ಬಿಜೆಪಿ (BJP),30776,9158,#31a354
2004,62,Tiptur,ತಿಪಟೂರು,tiptur,tiptur_assembly_constituency,nan,ಸಾಮಾನ್ಯ,Nanjamari B,Nanjamari ಬಿ.,JD(S),ಜೆಡಿಎಸ್ (JD-S),46996,44.8,Shadakshari K,Shadakshari ಕೆ.,INC,ಕಾಂಗ್ರೆಸ್ (INC),30173,16823,#31a354
2004,63,Chiknaikanahalli,Chiknaikanahalli,chiknaikanahalli,chiknaikanahalli_assembly_constituency,nan,ಸಾಮಾನ್ಯ,Madhuswamy J C,Madhuswamy ಜೆ. ಸಿ.,JD(U),JD(U),43040,44.7,Suresh Babu C B,Suresh Babu ಸಿ. ಬಿ.,JD(S),ಜೆಡಿಎಸ್ (JD-S),41412,1628,#64748b
2004,64,Gauribidanur,ಗೌರಿಬಿದನೂರು,gauribidanur,gauribidanur_assembly_constituency,nan,ಸಾಮಾನ್ಯ,Shivashankara Reddy Nh,Shivashankara ರೆಡ್ಡಿ Nh,INC,ಕಾಂಗ್ರೆಸ್ (INC),49636,43.7,Jyothireddy N,Jyothireddy ಎನ್.,JD(S),ಜೆಡಿಎಸ್ (JD-S),41611,8025,#1f77b4
2004,65,Chikballapur,Chikballapur,chikballapur,chikballapur_assembly_constituency,SC,ಪರಿಶಿಷ್ಟ ಜಾತಿ (SC),Muniyappa Sm,Muniyappa Sm,INC,ಕಾಂಗ್ರೆಸ್ (INC),45993,41.4,Shivananda M,Shivananda ಎಂ.,JD(S),ಜೆಡಿಎಸ್ (JD-S),35613,10380,#1f77b4
2004,66,Sidlaghatta,ಶಿಡ್ಲಘಟ್ಟ,sidlaghatta,sidlaghatta_assembly_constituency,nan,ಸಾಮಾನ್ಯ,Munishamappa S,Munishamappa ಎಸ್.,JD(S),ಜೆಡಿಎಸ್ (JD-S),60322,49.9,Muniyappa V,Muniyappa ವಿ.,INC,ಕಾಂಗ್ರೆಸ್ (INC),52875,7447,#31a354
2004,67,Bagepalli,ಬಾಗೇಪಲ್ಲಿ,bagepalli,bagepalli_assembly_constituency,nan,ಸಾಮಾನ್ಯ,Sreeramareddy G V,Sreeramareddy ಜಿ. ವಿ.,CPM,ಸಿಪಿಎಂ (CPM),57132,52.0,Sampangi N,Sampangi ಎನ್.,INC,ಕಾಂಗ್ರೆಸ್ (INC),45997,11135,#a50f15
2004,68,Chintamani,ಚಿಂತಾಮಣಿ,chintamani,chintamani_assembly_constituency,nan,ಸಾಮಾನ್ಯ,Dr Sudhakar Mc,ಡಾ. Sudhakar Mc,INC,ಕಾಂಗ್ರೆಸ್ (INC),65256,51.2,Krishna Reddy K M,Krishna ರೆಡ್ಡಿ ಕೆ. ಎಂ.,BJP,ಬಿಜೆಪಿ (BJP),57156,8100,#1f77b4
2004,69,Srinivasapur,ಶ್ರೀನಿವಾಸಪುರ,srinivasapur,srinivasapur_assembly_constituency,nan,ಸಾಮಾನ್ಯ,Ramesh Kumar K R,ರಮೇಶ್ ಕುಮಾರ್ ಕೆ. ಆರ್.,INC,ಕಾಂಗ್ರೆಸ್ (INC),65041,52.7,Venkatashiva Reddy G K,Venkatashiva ರೆಡ್ಡಿ ಜಿ. ಕೆ.,BJP,ಬಿಜೆಪಿ (BJP),56431,8610,#1f77b4
2004,70,Mulbagal,ಮುಳಬಾಗಿಲು,mulbagal,mulbagal_assembly_constituency,SC,ಪರಿಶಿಷ್ಟ ಜಾತಿ (SC),Srinivas R,ಶ್ರೀನಿವಾಸ್ ಆರ್.,JD(S),ಜೆಡಿಎಸ್ (JD-S),48250,37.9,Surandra Y,Surandra ವೈ.,BJP,ಬಿಜೆಪಿ (BJP),32772,15478,#31a354
2004,71,Kolar Gold Fields,Kolar Gold Fields,kolargoldfields,kolar_gold_fields_assembly_constituency,SC,ಪರಿಶಿಷ್ಟ ಜಾತಿ (SC),Rajendran S,Rajendran ಎಸ್.,RPI,ಆರ್‌ಪಿಐ (RPI),23098,42.8,Bhakthavathsalam,Bhakthavathsalam,ADMK,ADMK,13991,9107,#8c564b
2004,72,Bethamangala,Bethamangala,bethamangala,bethamangala_assembly_constituency,SC,ಪರಿಶಿಷ್ಟ ಜಾತಿ (SC),Venkatamuniyappa Bp,Venkatamuniyappa Bp,BJP,ಬಿಜೆಪಿ (BJP),41117,33.5,Narayana Swamy M,Narayana ಸ್ವಾಮಿ ಎಂ.,IND,ಪಕ್ಷೇತರ (IND),40570,547,#ff7f0e
2004,73,Kolar,ಕೋಲಾರ,kolar,kolar_assembly_constituency,nan,ಸಾಮಾನ್ಯ,Srinivasa Gowda K,ಶ್ರೀನಿವಾಸ ಗೌಡ ಕೆ.,INC,ಕಾಂಗ್ರೆಸ್ (INC),54755,48.7,Anand M S,ಆನಂದ್ ಎಂ. ಎಸ್.,BJP,ಬಿಜೆಪಿ (BJP),31004,23751,#1f77b4
2004,74,Vemgal,Vemgal,vemgal,vemgal_assembly_constituency,nan,ಸಾಮಾನ್ಯ,Krishnabyregowda C B,Krishnabyregowda ಸಿ. ಬಿ.,INC,ಕಾಂಗ್ರೆಸ್ (INC),95563,75.7,Srirama S N,Srirama ಎಸ್. ಎನ್.,BJP,ಬಿಜೆಪಿ (BJP),20204,75359,#1f77b4
2004,75,Malur,ಮಲೂರು,malur,malur_assembly_constituency,nan,ಸಾಮಾನ್ಯ,Krishnaiah Setty S N,Krishnaiah Setty ಎಸ್. ಎನ್.,BJP,ಬಿಜೆಪಿ (BJP),69120,59.4,Nagaraju A,Nagaraju ಎ.,INC,ಕಾಂಗ್ರೆಸ್ (INC),42264,26856,#ff7f0e
2004,76,Malleshwaram,ಮಲ್ಲೇಶ್ವರಂ,malleshwaram,malleshwaram_assembly_constituency,nan,ಸಾಮಾನ್ಯ,Seetharam M R,Seetharam ಎಂ. ಆರ್.,INC,ಕಾಂಗ್ರೆಸ್ (INC),47029,52.4,Dr. Ashwathanarayan C N,ಡಾ. Ashwathanarayan ಸಿ. ಎನ್.,BJP,ಬಿಜೆಪಿ (BJP),37252,9777,#1f77b4
2004,77,Rajajinagar,ರಾಜಾಜಿ ನಗರ,rajajinagar,rajajinagar_assembly_constituency,nan,ಸಾಮಾನ್ಯ,Narendra Babu N L,Narendra Babu ಎನ್. ಎಲ್.,INC,ಕಾಂಗ್ರೆಸ್ (INC),67899,46.9,Suresh Kumar S,Suresh ಕುಮಾರ್ ಎಸ್.,BJP,ಬಿಜೆಪಿ (BJP),63777,4122,#1f77b4
2004,78,Gandhinagar,ಗಾಂಧಿ ನಗರ,gandhinagar,gandhinagar_assembly_constituency,nan,ಸಾಮಾನ್ಯ,Dinesh Gundurao,Dinesh Gundurao,INC,ಕಾಂಗ್ರೆಸ್ (INC),40797,66.6,Nagaraj V,Nagaraj ವಿ.,JD(S),ಜೆಡಿಎಸ್ (JD-S),12529,28268,#1f77b4
2004,79,Chickpet,ಚಿಕ್ಕಪೇಟೆ,chickpet,chickpet_assembly_constituency,nan,ಸಾಮಾನ್ಯ,Mohan P C,Mohan ಪಿ. ಸಿ.,BJP,ಬಿಜೆಪಿ (BJP),21404,47.1,Sathya Narayana Swamy M,Sathya Narayana ಸ್ವಾಮಿ ಎಂ.,INC,ಕಾಂಗ್ರೆಸ್ (INC),19167,2237,#ff7f0e
2004,80,Binnypet,Binnypet,binnypet,binnypet_assembly_constituency,nan,ಸಾಮಾನ್ಯ,Somanna V,Somanna ವಿ.,INC,ಕಾಂಗ್ರೆಸ್ (INC),77657,42.7,Aswathnarayana,Aswathnarayana,BJP,ಬಿಜೆಪಿ (BJP),50737,26920,#1f77b4
2004,81,Chamarajapet,Chamarajapet,chamarajapet,chamarajapet_assembly_constituency,nan,ಸಾಮಾನ್ಯ,Krishna S M,Krishna ಎಸ್. ಎಂ.,INC,ಕಾಂಗ್ರೆಸ್ (INC),27695,57.9,Mukhya Mantri Chandru,Mukhya Mantri Chandru,BJP,ಬಿಜೆಪಿ (BJP),14010,13685,#1f77b4
2004,82,Basavanagudi,ಬಸವನಗುಡಿ,basavanagudi,basavanagudi_assembly_constituency,nan,ಸಾಮಾನ್ಯ,Chandrashekhar K,ಚಂದ್ರಶೇಖರ್ ಕೆ.,INC,ಕಾಂಗ್ರೆಸ್ (INC),44600,50.6,Subbareddy Kn,Subbareddy Kn,BJP,ಬಿಜೆಪಿ (BJP),36280,8320,#1f77b4
2004,83,Jayanagar,ಜಯನಗರ,jayanagar,jayanagar_assembly_constituency,nan,ಸಾಮಾನ್ಯ,Ramalingareddy,Ramalingareddy,INC,ಕಾಂಗ್ರೆಸ್ (INC),54078,38.7,Vijayakumar Vn,Vijayakumar Vn,BJP,ಬಿಜೆಪಿ (BJP),51428,2650,#1f77b4
2004,84,Shanthinagar,ಶಾಂತಿ ನಗರ,shanthinagar,shanthinagar_assembly_constituency,SC,ಪರಿಶಿಷ್ಟ ಜಾತಿ (SC),Raghu S,Raghu ಎಸ್.,BJP,ಬಿಜೆಪಿ (BJP),33483,45.3,Muniswami M,Muniswami ಎಂ.,INC,ಕಾಂಗ್ರೆಸ್ (INC),30005,3478,#ff7f0e
2004,85,Shivajinagar,ಶಿವಾಜಿನಗರ,shivajinagar,shivajinagar_assembly_constituency,nan,ಸಾಮಾನ್ಯ,Kattasubramanya Naidu,Kattasubramanya Naidu,BJP,ಬಿಜೆಪಿ (BJP),22001,51.4,Harrys Na,Harrys Na,INC,ಕಾಂಗ್ರೆಸ್ (INC),17628,4373,#ff7f0e
2004,86,Bharathinagar,Bharathinagar,bharathinagar,bharathinagar_assembly_constituency,nan,ಸಾಮಾನ್ಯ,Nirmal Surana,Nirmal Surana,BJP,ಬಿಜೆಪಿ (BJP),27867,44.2,Alexander J,Alexander ಜೆ.,INC,ಕಾಂಗ್ರೆಸ್ (INC),22986,4881,#ff7f0e
2004,87,Jayamahal,Jayamahal,jayamahal,jayamahal_assembly_constituency,nan,ಸಾಮಾನ್ಯ,Roshan Baig,Roshan Baig,INC,ಕಾಂಗ್ರೆಸ್ (INC),41757,46.9,Prof Dr Mumtaz Ali Khan,ಪ್ರೊ. ಡಾ. Mumtaz Ali Khan,BJP,ಬಿಜೆಪಿ (BJP),21877,19880,#1f77b4
2004,88,Yelahanka,ಯಲಹಂಕ,yelahanka,yelahanka_assembly_constituency,nan,ಸಾಮಾನ್ಯ,Prasanna Kumar B,Prasanna ಕುಮಾರ್ ಬಿ.,INC,ಕಾಂಗ್ರೆಸ್ (INC),144806,45.3,Munikrishna C,Munikrishna ಸಿ.,BJP,ಬಿಜೆಪಿ (BJP),130494,14312,#1f77b4
2004,89,Uttarahalli,Uttarahalli,uttarahalli,uttarahalli_assembly_constituency,nan,ಸಾಮಾನ್ಯ,Ashok R,Ashok ಆರ್.,BJP,ಬಿಜೆಪಿ (BJP),313309,45.4,Somashekar S T,Somashekar ಎಸ್. ಟಿ.,INC,ಕಾಂಗ್ರೆಸ್ (INC),229308,84001,#ff7f0e
2004,90,Varthur,Varthur,varthur,varthur_assembly_constituency,nan,ಸಾಮಾನ್ಯ,Krishnappa A,Krishnappa ಎ.,INC,ಕಾಂಗ್ರೆಸ್ (INC),127490,49.5,Ashwatha Narayana Reddy,Ashwatha Narayana ರೆಡ್ಡಿ,BJP,ಬಿಜೆಪಿ (BJP),114352,13138,#1f77b4
2004,91,Kanakapura,ಕನಕಪುರ,kanakapura,kanakapura_assembly_constituency,nan,ಸಾಮಾನ್ಯ,P G R Sindhia,ಪಿ. ಜಿ. ಆರ್. Sindhia,JD(S),ಜೆಡಿಎಸ್ (JD-S),52740,48.1,Narayana Gowda,Narayana ಗೌಡ,INC,ಕಾಂಗ್ರೆಸ್ (INC),43791,8949,#31a354
2004,92,Sathanur,Sathanur,sathanur,sathanur_assembly_constituency,nan,ಸಾಮಾನ್ಯ,Shivakumar Dk,ಶಿವಕುಮಾರ್ Dk,INC,ಕಾಂಗ್ರೆಸ್ (INC),51603,47.9,Vishwanath Dm,Vishwanath Dm,JD(S),ಜೆಡಿಎಸ್ (JD-S),37675,13928,#1f77b4
2004,93,Channapatna,ಚನ್ನಪಟ್ಟಣ,channapatna,channapatna_assembly_constituency,nan,ಸಾಮಾನ್ಯ,Yogeswara C P,Yogeswara ಸಿ. ಪಿ.,INC,ಕಾಂಗ್ರೆಸ್ (INC),64162,53.3,Aswath M C,Aswath ಎಂ. ಸಿ.,JD(S),ಜೆಡಿಎಸ್ (JD-S),47993,16169,#1f77b4
2004,94,Ramanagaram,Ramanagaram,ramanagaram,ramanagaram_assembly_constituency,nan,ಸಾಮಾನ್ಯ,H D Kumaraswamy,ಎಚ್. ಡಿ. Kumaraswamy,JD(S),ಜೆಡಿಎಸ್ (JD-S),69554,54.1,Lingappa C M,Lingappa ಸಿ. ಎಂ.,INC,ಕಾಂಗ್ರೆಸ್ (INC),44638,24916,#31a354
2004,95,Magadi,ಮಾಗಡಿ,magadi,magadi_assembly_constituency,nan,ಸಾಮಾನ್ಯ,Balakrishna H C,Balakrishna ಎಚ್. ಸಿ.,JD(S),ಜೆಡಿಎಸ್ (JD-S),49197,41.2,Revanna H M,Revanna ಎಚ್. ಎಂ.,INC,ಕಾಂಗ್ರೆಸ್ (INC),37921,11276,#31a354
2004,96,Doddaballapur,ದೊಡ್ಡಬಳ್ಳಾಪುರ,doddaballapur,doddaballapur_assembly_constituency,nan,ಸಾಮಾನ್ಯ,Narashimha Swamy J.,Narashimha ಸ್ವಾಮಿ ಜೆ.,INC,ಕಾಂಗ್ರೆಸ್ (INC),59954,45.7,Krishnappa V,Krishnappa ವಿ.,JD(S),ಜೆಡಿಎಸ್ (JD-S),46898,13056,#1f77b4
2004,97,Nelamangala,ನೆಲಮಂಗಲ,nelamangala,nelamangala_assembly_constituency,SC,ಪರಿಶಿಷ್ಟ ಜಾತಿ (SC),Anjanamurthy,Anjanamurthy,INC,ಕಾಂಗ್ರೆಸ್ (INC),37578,32.2,Guruprasad B,Guruprasad ಬಿ.,BJP,ಬಿಜೆಪಿ (BJP),32992,4586,#1f77b4
2004,98,Devanahalli,ದೇವನಹಳ್ಳಿ,devanahalli,devanahalli_assembly_constituency,SC,ಪರಿಶಿಷ್ಟ ಜಾತಿ (SC),Chandranna G,Chandranna ಜಿ.,JD(S),ಜೆಡಿಎಸ್ (JD-S),61344,42.2,Muninarasimhaiah,Muninarasimhaiah,INC,ಕಾಂಗ್ರೆಸ್ (INC),34000,27344,#31a354
2004,99,Hosakote,ಹೊಸಕೋಟೆ,hosakote,hosakote_assembly_constituency,nan,ಸಾಮಾನ್ಯ,Nagaraju M T B,Nagaraju ಎಂ. ಟಿ. ಬಿ.,INC,ಕಾಂಗ್ರೆಸ್ (INC),75808,45.5,Bachegowda B N,Bachegowda ಬಿ. ಎನ್.,JD(S),ಜೆಡಿಎಸ್ (JD-S),74973,835,#1f77b4
2004,100,Anekal,ಆನೇಕಲ್,anekal,anekal_assembly_constituency,SC,ಪರಿಶಿಷ್ಟ ಜಾತಿ (SC),Narayana Swamy A,Narayana ಸ್ವಾಮಿ ಎ.,BJP,ಬಿಜೆಪಿ (BJP),63023,35.9,Shivanna B,ಶಿವಣ್ಣ ಬಿ.,INC,ಕಾಂಗ್ರೆಸ್ (INC),60847,2176,#ff7f0e
2004,101,Nagamangala,ನಾಗಮಂಗಲ,nagamangala,nagamangala_assembly_constituency,nan,ಸಾಮಾನ್ಯ,Chaluvaraya Swamy N (Swamy Gouda),Chaluvaraya ಸ್ವಾಮಿ ಎನ್. ( ಸ್ವಾಮಿ Gouda ),JD(S),ಜೆಡಿಎಸ್ (JD-S),54847,49.1,Shivarame Gouda Lr,Shivarame Gouda Lr,INC,ಕಾಂಗ್ರೆಸ್ (INC),48760,6087,#31a354
2004,102,Maddur,ಮದ್ದೂರು,maddur,maddur_assembly_constituency,nan,ಸಾಮಾನ್ಯ,Tammanna Dc,Tammanna Dc,INC,ಕಾಂಗ್ರೆಸ್ (INC),38991,38.6,Siddaraju Ms,Siddaraju Ms,IND,ಪಕ್ಷೇತರ (IND),28256,10735,#1f77b4
2004,103,Kiragaval,Kiragaval,kiragaval,kiragaval_assembly_constituency,nan,ಸಾಮಾನ್ಯ,Nagamani M K,Nagamani ಎಂ. ಕೆ.,JD(U),JD(U),53590,51.5,Madhu G Madegowda,Madhu ಜಿ. Madegowda,INC,ಕಾಂಗ್ರೆಸ್ (INC),38029,15561,#64748b
2004,104,Malavalli,ಮಳವಳ್ಳಿ,malavalli,malavalli_assembly_constituency,SC,ಪರಿಶಿಷ್ಟ ಜಾತಿ (SC),Annadani K,Annadani ಕೆ.,JD(S),ಜೆಡಿಎಸ್ (JD-S),38860,38.7,Narendraswamy P M,Narendraswamy ಪಿ. ಎಂ.,INC,ಕಾಂಗ್ರೆಸ್ (INC),27630,11230,#31a354
2004,105,Mandya,ಮಂಡ್ಯ,mandya,mandya_assembly_constituency,nan,ಸಾಮಾನ್ಯ,Srinivas M,ಶ್ರೀನಿವಾಸ್ ಎಂ.,JD(S),ಜೆಡಿಎಸ್ (JD-S),46985,46.9,Atmananda Ms,Atmananda Ms,INC,ಕಾಂಗ್ರೆಸ್ (INC),32105,14880,#31a354
2004,106,Keragodu,Keragodu,keragodu,keragodu_assembly_constituency,nan,ಸಾಮಾನ್ಯ,Ramu Hb,Ramu Hb,INC,ಕಾಂಗ್ರೆಸ್ (INC),39842,45.0,Shiva Kumar G B,Shiva ಕುಮಾರ್ ಜಿ. ಬಿ.,JD(S),ಜೆಡಿಎಸ್ (JD-S),27366,12476,#1f77b4
2004,107,Srirangapatna,ಶ್ರೀರಂಗಪಟ್ಟಣ,srirangapatna,srirangapatna_assembly_constituency,nan,ಸಾಮಾನ್ಯ,Vijayalakshmamma Bandisiddegowda,Vijayalakshmamma Bandisiddegowda,JD(S),ಜೆಡಿಎಸ್ (JD-S),27371,24.3,Nanjundegowda Ks,Nanjundegowda Ks,KRRS,KRRS,26113,1258,#31a354
2004,108,Pandavapura,Pandavapura,pandavapura,pandavapura_assembly_constituency,nan,ಸಾಮಾನ್ಯ,Puttaraju C S,Puttaraju ಸಿ. ಎಸ್.,JD(S),ಜೆಡಿಎಸ್ (JD-S),44165,36.6,Puttannaiah K S,Puttannaiah ಕೆ. ಎಸ್.,IND,ಪಕ್ಷೇತರ (IND),42649,1516,#31a354
2004,109,Krishnarajapete,Krishnarajapete,krishnarajapete,krishnarajapete_assembly_constituency,nan,ಸಾಮಾನ್ಯ,Krishna,Krishna,JD(S),ಜೆಡಿಎಸ್ (JD-S),34738,29.0,Chandrashekar Kb,Chandrashekar Kb,INC,ಕಾಂಗ್ರೆಸ್ (INC),29324,5414,#31a354
2004,110,Hanur,ಹನೂರು,hanur,hanur_assembly_constituency,nan,ಸಾಮಾನ್ಯ,Parimala Nagappa,Parimala Nagappa,JD(S),ಜೆಡಿಎಸ್ (JD-S),61626,52.6,Narendra R,Narendra ಆರ್.,INC,ಕಾಂಗ್ರೆಸ್ (INC),48613,13013,#31a354
2004,111,Kollegal,ಕೊಳ್ಳೇಗಾಲ,kollegal,kollegal_assembly_constituency,SC,ಪರಿಶಿಷ್ಟ ಜಾತಿ (SC),Balraj S,Balraj ಎಸ್.,IND,ಪಕ್ಷೇತರ (IND),27736,27.1,Jayanna S,Jayanna ಎಸ್.,JD(S),ಜೆಡಿಎಸ್ (JD-S),24408,3328,#7f7f7f
2004,112,Bannur,Bannur,bannur,bannur_assembly_constituency,nan,ಸಾಮಾನ್ಯ,Sunitha Veerappa Gowda,Sunitha Veerappa ಗೌಡ,BJP,ಬಿಜೆಪಿ (BJP),33522,34.0,Chikkamada Nayaka,Chikkamada Nayaka,INC,ಕಾಂಗ್ರೆಸ್ (INC),27859,5663,#ff7f0e
2004,113,T.Narasipur,ಟಿ. Narasipur,tnarasipur,tnarasipur_assembly_constituency,SC,ಪರಿಶಿಷ್ಟ ಜಾತಿ (SC),Dr Mahadevappa Hc,ಡಾ. ಮಹಾದೇವಪ್ಪ Hc,JD(S),ಜೆಡಿಎಸ್ (JD-S),37956,37.6,Srinivasaiah M,Srinivasaiah ಎಂ.,INC,ಕಾಂಗ್ರೆಸ್ (INC),23699,14257,#31a354
2004,114,Krishnaraja,Krishnaraja,krishnaraja,krishnaraja_assembly_constituency,nan,ಸಾಮಾನ್ಯ,Somashekar Mk,Somashekar Mk,JD(S),ಜೆಡಿಎಸ್ (JD-S),25439,43.0,Ramdas A,Ramdas ಎ.,BJP,ಬಿಜೆಪಿ (BJP),22045,3394,#31a354
2004,115,Chamaraja,ಚಾಮರಾಜ,chamaraja,chamaraja_assembly_constituency,nan,ಸಾಮಾನ್ಯ,Shankarlingegowda Hs,Shankarlingegowda Hs,BJP,ಬಿಜೆಪಿ (BJP),38193,50.7,Nagaraju S (Sandesh Nagaraju),Nagaraju ಎಸ್. ( Sandesh Nagaraju ),INC,ಕಾಂಗ್ರೆಸ್ (INC),23416,14777,#ff7f0e
2004,116,Narasimharaja,ನರಸಿಂಹರಾಜ,narasimharaja,narasimharaja_assembly_constituency,nan,ಸಾಮಾನ್ಯ,Tanveer Sait,Tanveer ಸೇಟ್,INC,ಕಾಂಗ್ರೆಸ್ (INC),54462,54.2,Maruthi Rao Pawar E,Maruthi ರಾವ್ Pawar ಇ.,JD(S),ಜೆಡಿಎಸ್ (JD-S),29853,24609,#1f77b4
2004,117,Chamundeswari,Chamundeswari,chamundeswari,chamundeswari_assembly_constituency,nan,ಸಾಮಾನ್ಯ,Siddaramaiah,ಸಿದ್ದರಾಮಯ್ಯ,JD(S),ಜೆಡಿಎಸ್ (JD-S),90727,43.4,Revanna Siddaiah L,Revanna Siddaiah ಎಲ್.,INC,ಕಾಂಗ್ರೆಸ್ (INC),58382,32345,#31a354
2004,118,Nanjangud,ನಂಜನಗೂಡು,nanjangud,nanjangud_assembly_constituency,SC,ಪರಿಶಿಷ್ಟ ಜಾತಿ (SC),Jayakumar D T,Jayakumar ಡಿ. ಟಿ.,JD(S),ಜೆಡಿಎಸ್ (JD-S),46068,42.9,Mahadev M,Mahadev ಎಂ.,INC,ಕಾಂಗ್ರೆಸ್ (INC),26483,19585,#31a354
2004,119,Santhemarahalli,Santhemarahalli,santhemarahalli,santhemarahalli_assembly_constituency,SC,ಪರಿಶಿಷ್ಟ ಜಾತಿ (SC),Dhruvanarayana R,Dhruvanarayana ಆರ್.,INC,ಕಾಂಗ್ರೆಸ್ (INC),40752,42.8,Krishna Murthy Ar,Krishna Murthy Ar,JD(S),ಜೆಡಿಎಸ್ (JD-S),40751,1,#1f77b4
2004,120,Chamarajanagar,ಚಾಮರಾಜನಗರ,chamarajanagar,chamarajanagar_assembly_constituency,nan,ಸಾಮಾನ್ಯ,Vatal Nagaraj,Vatal Nagaraj,KCVP,KCVP,37072,32.0,Dr Manjula Bp,ಡಾ. Manjula Bp,INC,ಕಾಂಗ್ರೆಸ್ (INC),26589,10483,#64748b
2004,121,Gundlupet,ಗುಂಡ್ಲುಪೇಟೆ,gundlupet,gundlupet_assembly_constituency,nan,ಸಾಮಾನ್ಯ,Mahadev Prasad Hs,Mahadev Prasad Hs,JD(S),ಜೆಡಿಎಸ್ (JD-S),55076,45.6,Nanjappa Hs,Nanjappa Hs,INC,ಕಾಂಗ್ರೆಸ್ (INC),44057,11019,#31a354
2004,122,Heggadadevanakote,Heggadadevanakote,heggadadevanakote,heggadadevanakote_assembly_constituency,SC,ಪರಿಶಿಷ್ಟ ಜಾತಿ (SC),Venkatesh Mp,Venkatesh Mp,JD(S),ಜೆಡಿಎಸ್ (JD-S),50729,40.0,Nagaraju N,Nagaraju ಎನ್.,BJP,ಬಿಜೆಪಿ (BJP),38412,12317,#31a354
2004,123,Hunasuru,Hunasuru,hunasuru,hunasuru_assembly_constituency,nan,ಸಾಮಾನ್ಯ,Deve Gowda Gt,Deve ಗೌಡ Gt,JD(S),ಜೆಡಿಎಸ್ (JD-S),60258,44.3,Chikkamadu S,Chikkamadu ಎಸ್.,INC,ಕಾಂಗ್ರೆಸ್ (INC),46126,14132,#31a354
2004,124,Krishnarajanagara,Krishnarajanagara,krishnarajanagara,krishnarajanagara_assembly_constituency,nan,ಸಾಮಾನ್ಯ,Mahadeva,Mahadeva,JD(S),ಜೆಡಿಎಸ್ (JD-S),40341,35.3,Vishvanath H,Vishvanath ಎಚ್.,INC,ಕಾಂಗ್ರೆಸ್ (INC),40018,323,#31a354
2004,125,Periyapatna,ಪಿರಿಯಾಪಟ್ಟಣ,periyapatna,periyapatna_assembly_constituency,nan,ಸಾಮಾನ್ಯ,Venkatesh K,Venkatesh ಕೆ.,JD(S),ಜೆಡಿಎಸ್ (JD-S),39357,28.9,Chandre Gowda Ks,Chandre ಗೌಡ Ks,INC,ಕಾಂಗ್ರೆಸ್ (INC),30372,8985,#31a354
2004,126,Virajpet,ವಿರಾಜಪೇಟೆ,virajpet,virajpet_assembly_constituency,nan,ಸಾಮಾನ್ಯ,Basavaraju Hd,Basavaraju Hd,BJP,ಬಿಜೆಪಿ (BJP),35550,51.5,Suma Vasanth,Suma Vasanth,INC,ಕಾಂಗ್ರೆಸ್ (INC),27484,8066,#ff7f0e
2004,127,Madikere,Madikere,madikere,madikere_assembly_constituency,nan,ಸಾಮಾನ್ಯ,Bopaiah Kg,Bopaiah Kg,BJP,ಬಿಜೆಪಿ (BJP),31610,37.6,Dambekodi S Madappa,Dambekodi ಎಸ್. Madappa,JD(S),ಜೆಡಿಎಸ್ (JD-S),23446,8164,#ff7f0e
2004,128,Somwarpet,Somwarpet,somwarpet,somwarpet_assembly_constituency,nan,ಸಾಮಾನ್ಯ,Jivijaya Ba,Jivijaya Ba,INC,ಕಾಂಗ್ರೆಸ್ (INC),46560,44.3,Appachuranjan,Appachuranjan,BJP,ಬಿಜೆಪಿ (BJP),43763,2797,#1f77b4
2004,129,Belur,ಬೇಲೂರು,belur,belur_assembly_constituency,nan,ಸಾಮಾನ್ಯ,Kumar Swamy Hk,ಕುಮಾರ್ ಸ್ವಾಮಿ Hk,JD(S),ಜೆಡಿಎಸ್ (JD-S),31438,33.3,Mallesh D,Mallesh ಡಿ.,INC,ಕಾಂಗ್ರೆಸ್ (INC),26489,4949,#31a354
2004,130,Arsikere,ಅರಸೀಕೆರೆ,arsikere,arsikere_assembly_constituency,nan,ಸಾಮಾನ್ಯ,Basavaraju As,Basavaraju As,BJP,ಬಿಜೆಪಿ (BJP),36867,34.9,Siddappa Gv,Siddappa Gv,INC,ಕಾಂಗ್ರೆಸ್ (INC),30418,6449,#ff7f0e
2004,131,Gandsi,Gandsi,gandsi,gandsi_assembly_constituency,nan,ಸಾಮಾನ್ಯ,Shivaramu B,Shivaramu ಬಿ.,INC,ಕಾಂಗ್ರೆಸ್ (INC),52781,47.0,Shivalingegowda Km,Shivalingegowda Km,JD(S),ಜೆಡಿಎಸ್ (JD-S),52763,18,#1f77b4
2004,132,Sravanabelagola,Sravanabelagola,sravanabelagola,sravanabelagola_assembly_constituency,nan,ಸಾಮಾನ್ಯ,G S Putte Gowda,ಜಿ. ಎಸ್. Putte ಗೌಡ,JD(S),ಜೆಡಿಎಸ್ (JD-S),70461,52.9,Vijay Kumar H S,Vijay ಕುಮಾರ್ ಎಚ್. ಎಸ್.,INC,ಕಾಂಗ್ರೆಸ್ (INC),35585,34876,#31a354
2004,133,Holenarasipur,ಹೊಳೆನರಸೀಪುರ,holenarasipur,holenarasipur_assembly_constituency,nan,ಸಾಮಾನ್ಯ,Revanna Hd,Revanna Hd,JD(S),ಜೆಡಿಎಸ್ (JD-S),64664,53.6,Puttaswamy Gowda G,Puttaswamy ಗೌಡ ಜಿ.,INC,ಕಾಂಗ್ರೆಸ್ (INC),32070,32594,#31a354
2004,134,Arkalgud,ಅರಕಲಗೂಡು,arkalgud,arkalgud_assembly_constituency,nan,ಸಾಮಾನ್ಯ,Ramaswamy At,Ramaswamy At,JD(S),ಜೆಡಿಎಸ್ (JD-S),47131,43.0,Manju A,ಮಂಜು ಎ.,INC,ಕಾಂಗ್ರೆಸ್ (INC),44192,2939,#31a354
2004,135,Hassan,ಹಾಸನ,hassan,hassan_assembly_constituency,nan,ಸಾಮಾನ್ಯ,Prakash Hs,ಪ್ರಕಾಶ್ Hs,JD(S),ಜೆಡಿಎಸ್ (JD-S),63527,49.6,Rajegowda Km,Rajegowda Km,INC,ಕಾಂಗ್ರೆಸ್ (INC),35804,27723,#31a354
2004,136,Sakleshpur,ಸಕಲೇಶಪುರ,sakleshpur,sakleshpur_assembly_constituency,SC,ಪರಿಶಿಷ್ಟ ಜಾತಿ (SC),Vishwanatha Hm,Vishwanatha Hm,JD(S),ಜೆಡಿಎಸ್ (JD-S),41704,38.3,Shivappa Bb,Shivappa Bb,INC,ಕಾಂಗ್ರೆಸ್ (INC),19911,21793,#31a354
2004,137,Sullia,ಸುಳ್ಯ,sullia,sullia_assembly_constituency,SC,ಪರಿಶಿಷ್ಟ ಜಾತಿ (SC),Angara S,Angara ಎಸ್.,BJP,ಬಿಜೆಪಿ (BJP),61480,53.0,Dr Raghu B,ಡಾ. Raghu ಬಿ.,INC,ಕಾಂಗ್ರೆಸ್ (INC),44395,17085,#ff7f0e
2004,138,Puttur,ಪುತ್ತೂರು,puttur,puttur_assembly_constituency,nan,ಸಾಮಾನ್ಯ,Shakunthala T Shetty,Shakunthala ಟಿ. Shetty,BJP,ಬಿಜೆಪಿ (BJP),65119,50.9,Sudhakar Shetty N,Sudhakar Shetty ಎನ್.,INC,ಕಾಂಗ್ರೆಸ್ (INC),54007,11112,#ff7f0e
2004,139,Vittal,Vittal,vittal,vittal_assembly_constituency,nan,ಸಾಮಾನ್ಯ,Padmanabha Kottari,Padmanabha Kottari,BJP,ಬಿಜೆಪಿ (BJP),60250,48.0,Ibrahim Km,Ibrahim Km,INC,ಕಾಂಗ್ರೆಸ್ (INC),59859,391,#ff7f0e
2004,140,Belthangady,ಬೆಳ್ತಂಗಡಿ,belthangady,belthangady_assembly_constituency,nan,ಸಾಮಾನ್ಯ,Prabhakara Bangera K,Prabhakara Bangera ಕೆ.,BJP,ಬಿಜೆಪಿ (BJP),48102,37.3,Harish Kumar K,Harish ಕುಮಾರ್ ಕೆ.,INC,ಕಾಂಗ್ರೆಸ್ (INC),35281,12821,#ff7f0e
2004,141,Bantwal,Bantwal,bantwal,bantwal_assembly_constituency,nan,ಸಾಮಾನ್ಯ,Nagaraja Shetty B,Nagaraja Shetty ಬಿ.,BJP,ಬಿಜೆಪಿ (BJP),54860,50.2,Ramanatha Rai B,Ramanatha Rai ಬಿ.,INC,ಕಾಂಗ್ರೆಸ್ (INC),48934,5926,#ff7f0e
2004,142,Mangalore,ಮಂಗಳೂರು,mangalore,mangalore_assembly_constituency,nan,ಸಾಮಾನ್ಯ,Yogish Bhat N,Yogish Bhat ಎನ್.,BJP,ಬಿಜೆಪಿ (BJP),29928,51.1,Lancelot Pinto,Lancelot Pinto,INC,ಕಾಂಗ್ರೆಸ್ (INC),24827,5101,#ff7f0e
2004,143,Ullal,Ullal,ullal,ullal_assembly_constituency,nan,ಸಾಮಾನ್ಯ,Fareed Ut,Fareed Ut,INC,ಕಾಂಗ್ರೆಸ್ (INC),47839,45.2,Chandrashekar Uchil,Chandrashekar Uchil,BJP,ಬಿಜೆಪಿ (BJP),40491,7348,#1f77b4
2004,144,Surathkal,Surathkal,surathkal,surathkal_assembly_constituency,nan,ಸಾಮಾನ್ಯ,Krishna Palemar J,Krishna Palemar ಜೆ.,BJP,ಬಿಜೆಪಿ (BJP),57808,48.7,Vijaya Kumar Shetty K,Vijaya ಕುಮಾರ್ Shetty ಕೆ.,INC,ಕಾಂಗ್ರೆಸ್ (INC),54496,3312,#ff7f0e
2004,145,Kaup,ಕಾಪು,kaup,kaup_assembly_constituency,nan,ಸಾಮಾನ್ಯ,Lalaji R Menoon,Lalaji ಆರ್. Menoon,BJP,ಬಿಜೆಪಿ (BJP),33611,46.7,Vasanta V Salian,Vasanta ವಿ. Salian,INC,ಕಾಂಗ್ರೆಸ್ (INC),32221,1390,#ff7f0e
2004,146,Udupi,ಉಡುಪಿ,udupi,udupi_assembly_constituency,nan,ಸಾಮಾನ್ಯ,Raghupati Bhat K,Raghupati Bhat ಕೆ.,BJP,ಬಿಜೆಪಿ (BJP),36341,38.9,Sabhapati Ur,Sabhapati Ur,INC,ಕಾಂಗ್ರೆಸ್ (INC),34808,1533,#ff7f0e
2004,147,Brahmavar,Brahmavar,brahmavar,brahmavar_assembly_constituency,nan,ಸಾಮಾನ್ಯ,Jayaprakash Hegde K,Jayaprakash ಹೆಗಡೆ ಕೆ.,IND,ಪಕ್ಷೇತರ (IND),39521,40.2,Pramod Madawaraj,Pramod Madawaraj,INC,ಕಾಂಗ್ರೆಸ್ (INC),27348,12173,#7f7f7f
2004,148,Coondapur,Coondapur,coondapur,coondapur_assembly_constituency,nan,ಸಾಮಾನ್ಯ,Haladi Srinivasa Shetty,Haladi ಶ್ರೀನಿವಾಸ Shetty,BJP,ಬಿಜೆಪಿ (BJP),58923,55.8,Asok Kumar Hegde G,Asok ಕುಮಾರ್ ಹೆಗಡೆ ಜಿ.,INC,ಕಾಂಗ್ರೆಸ್ (INC),39258,19665,#ff7f0e
2004,149,Baindur,Baindur,baindur,baindur_assembly_constituency,nan,ಸಾಮಾನ್ಯ,Gopala Poojary K,Gopala ಪೂಜಾರಿ ಕೆ.,INC,ಕಾಂಗ್ರೆಸ್ (INC),47627,47.1,Lakshminarayana K,Lakshminarayana ಕೆ.,BJP,ಬಿಜೆಪಿ (BJP),44375,3252,#1f77b4
2004,150,Karkala,ಕಾರ್ಕಳ,karkala,karkala_assembly_constituency,nan,ಸಾಮಾನ್ಯ,Sunil Kumar,Sunil ಕುಮಾರ್,BJP,ಬಿಜೆಪಿ (BJP),52061,53.1,Gopala Bhandari H,Gopala Bhandari ಎಚ್.,INC,ಕಾಂಗ್ರೆಸ್ (INC),42266,9795,#ff7f0e
2004,151,Moodabidri,ಮೂಡಬಿದಿರೆ,moodabidri,moodabidri_assembly_constituency,nan,ಸಾಮಾನ್ಯ,Abhayachandra K,Abhayachandra ಕೆ.,INC,ಕಾಂಗ್ರೆಸ್ (INC),29926,36.3,Amaranatha Shetty K,Amaranatha Shetty ಕೆ.,JD(S),ಜೆಡಿಎಸ್ (JD-S),26977,2949,#1f77b4
2004,152,Sringeri,ಶೃಂಗೇರಿ,sringeri,sringeri_assembly_constituency,nan,ಸಾಮಾನ್ಯ,Jeevaraj Dl,Jeevaraj Dl,BJP,ಬಿಜೆಪಿ (BJP),47263,46.0,Chandre Gowda Db,Chandre ಗೌಡ Db,INC,ಕಾಂಗ್ರೆಸ್ (INC),29042,18221,#ff7f0e
2004,153,Mudigere,ಮೂಡಿಗೆರೆ,mudigere,mudigere_assembly_constituency,SC,ಪರಿಶಿಷ್ಟ ಜಾತಿ (SC),Kumaraswamy Mp,Kumaraswamy Mp,BJP,ಬಿಜೆಪಿ (BJP),27148,31.5,Motamma,Motamma,INC,ಕಾಂಗ್ರೆಸ್ (INC),25810,1338,#ff7f0e
2004,154,Chikmagalur,ಚಿಕ್ಕಮಗಳೂರು,chikmagalur,chikmagalur_assembly_constituency,nan,ಸಾಮಾನ್ಯ,Ravi Ct,Ravi Ct,BJP,ಬಿಜೆಪಿ (BJP),57165,58.1,Sageer Ahmed Cr,Sageer Ahmed Cr,INC,ಕಾಂಗ್ರೆಸ್ (INC),32292,24873,#ff7f0e
2004,155,Birur,Birur,birur,birur_assembly_constituency,nan,ಸಾಮಾನ್ಯ,Dharme Gowda S L,Dharme ಗೌಡ ಎಸ್. ಎಲ್.,JD(S),ಜೆಡಿಎಸ್ (JD-S),33164,34.6,Mallikarjuna K B,Mallikarjuna ಕೆ. ಬಿ.,INC,ಕಾಂಗ್ರೆಸ್ (INC),32031,1133,#31a354
2004,156,Kadur,ಕಡೂರು,kadur,kadur_assembly_constituency,nan,ಸಾಮಾನ್ಯ,Krishnamurthy Km,Krishnamurthy Km,JD(S),ಜೆಡಿಎಸ್ (JD-S),43433,43.0,Marulasiddappa M,Marulasiddappa ಎಂ.,INC,ಕಾಂಗ್ರೆಸ್ (INC),36144,7289,#31a354
2004,157,Tarikere,ತಾರೀಕೆರೆ,tarikere,tarikere_assembly_constituency,nan,ಸಾಮಾನ್ಯ,Shivashankarappa T H,Shivashankarappa ಟಿ. ಎಚ್.,INC,ಕಾಂಗ್ರೆಸ್ (INC),47593,44.2,Omkarappa H,Omkarappa ಎಚ್.,BJP,ಬಿಜೆಪಿ (BJP),27919,19674,#1f77b4
2004,158,Channagiri,ಚನ್ನಗಿರಿ,channagiri,channagiri_assembly_constituency,nan,ಸಾಮಾನ್ಯ,Mahima J Patel,Mahima ಜೆ. Patel,JD(S),ಜೆಡಿಎಸ್ (JD-S),42837,40.6,Vadnal Rajanna,Vadnal Rajanna,INC,ಕಾಂಗ್ರೆಸ್ (INC),32154,10683,#31a354
2004,159,Holehonnur,Holehonnur,holehonnur,holehonnur_assembly_constituency,SC,ಪರಿಶಿಷ್ಟ ಜಾತಿ (SC),Basavanneppa G,Basavanneppa ಜಿ.,BJP,ಬಿಜೆಪಿ (BJP),50071,44.7,Kariyanna,Kariyanna,INC,ಕಾಂಗ್ರೆಸ್ (INC),43769,6302,#ff7f0e
2004,160,Bhadravathi,Bhadravathi,bhadravathi,bhadravathi_assembly_constituency,nan,ಸಾಮಾನ್ಯ,B K Sangameshwara,ಬಿ. ಕೆ. Sangameshwara,IND,ಪಕ್ಷೇತರ (IND),52572,53.7,M J Appaji,ಎಂ. ಜೆ. Appaji,INC,ಕಾಂಗ್ರೆಸ್ (INC),35141,17431,#7f7f7f
2004,161,Honnali,ಹೊನ್ನಾಳಿ,honnali,honnali_assembly_constituency,nan,ಸಾಮಾನ್ಯ,Renukacharya Mp,Renukacharya Mp,BJP,ಬಿಜೆಪಿ (BJP),46593,38.6,Shanthanagowda Dgq,Shanthanagowda Dgq,INC,ಕಾಂಗ್ರೆಸ್ (INC),39119,7474,#ff7f0e
2004,162,Shimoga,ಶಿವಮೊಗ್ಗ,shimoga,shimoga_assembly_constituency,nan,ಸಾಮಾನ್ಯ,Eshwarappa Ks,ಈಶ್ವರಪ್ಪ Ks,BJP,ಬಿಜೆಪಿ (BJP),69015,54.3,Chandrashekarappa Hn,Chandrashekarappa Hn,INC,ಕಾಂಗ್ರೆಸ್ (INC),49766,19249,#ff7f0e
2004,163,Tirthahalli,ತೀರ್ಥಹಳ್ಳಿ,tirthahalli,tirthahalli_assembly_constituency,nan,ಸಾಮಾನ್ಯ,Araga Jnanendra,Araga Jnanendra,BJP,ಬಿಜೆಪಿ (BJP),47843,48.3,Kimmane Rathnakara,Kimmane Rathnakara,INC,ಕಾಂಗ್ರೆಸ್ (INC),46468,1375,#ff7f0e
2004,164,Hosanagar,Hosanagar,hosanagar,hosanagar_assembly_constituency,nan,ಸಾಮಾನ್ಯ,Halappa H,Halappa ಎಚ್.,BJP,ಬಿಜೆಪಿ (BJP),49086,39.1,Dr Narayanappa Gd,ಡಾ. Narayanappa Gd,INC,ಕಾಂಗ್ರೆಸ್ (INC),32235,16851,#ff7f0e
2004,165,Sagar,ಸಾಗರ,sagar,sagar_assembly_constituency,nan,ಸಾಮಾನ್ಯ,Gopalakrishna Belur Bk,Gopalakrishna Belur Bk,BJP,ಬಿಜೆಪಿ (BJP),57455,54.1,Kagodu Thimmappa,Kagodu Thimmappa,INC,ಕಾಂಗ್ರೆಸ್ (INC),42448,15007,#ff7f0e
2004,166,Sorab,ಸೊರಬ,sorab,sorab_assembly_constituency,nan,ಸಾಮಾನ್ಯ,Kumar Bangarappa S,ಕುಮಾರ್ Bangarappa ಎಸ್.,INC,ಕಾಂಗ್ರೆಸ್ (INC),44677,43.4,Madhu Bangarappa S,Madhu Bangarappa ಎಸ್.,BJP,ಬಿಜೆಪಿ (BJP),32748,11929,#1f77b4
2004,167,Shikaripura,ಶಿಕಾರಿಪುರ,shikaripura,shikaripura_assembly_constituency,nan,ಸಾಮಾನ್ಯ,B S Yeddyurappa,ಬಿ. ಎಸ್. Yeddyurappa,BJP,ಬಿಜೆಪಿ (BJP),64972,55.5,Shekarappa K,Shekarappa ಕೆ.,INC,ಕಾಂಗ್ರೆಸ್ (INC),45019,19953,#ff7f0e
2004,168,Sirsi,ಶಿರಸಿ,sirsi,sirsi_assembly_constituency,nan,ಸಾಮಾನ್ಯ,Viveknand Vaidya,Viveknand Vaidya,BJP,ಬಿಜೆಪಿ (BJP),47811,42.8,Jaiwant Premanand,Jaiwant Premanand,INC,ಕಾಂಗ್ರೆಸ್ (INC),33652,14159,#ff7f0e
2004,169,Bhatkal,ಭಟ್ಕಳ,bhatkal,bhatkal_assembly_constituency,nan,ಸಾಮಾನ್ಯ,Shivananda Naik,Shivananda ನಾಯಕ್,BJP,ಬಿಜೆಪಿ (BJP),46471,44.7,Naik Jd,ನಾಯಕ್ Jd,INC,ಕಾಂಗ್ರೆಸ್ (INC),42301,4170,#ff7f0e
2004,170,Kumta,ಕುಮಟಾ,kumta,kumta_assembly_constituency,nan,ಸಾಮಾನ್ಯ,Mohan Krishna Shetty,Mohan Krishna Shetty,INC,ಕಾಂಗ್ರೆಸ್ (INC),34738,33.8,Shashibhushan E Hegde,Shashibhushan ಇ. ಹೆಗಡೆ,BJP,ಬಿಜೆಪಿ (BJP),31273,3465,#1f77b4
2004,171,Ankola,Ankola,ankola,ankola_assembly_constituency,nan,ಸಾಮಾನ್ಯ,Vishveshwar Hegde Kageri,Vishveshwar ಹೆಗಡೆ Kageri,BJP,ಬಿಜೆಪಿ (BJP),46787,48.5,Shantaram Hegde Shigehalli,Shantaram ಹೆಗಡೆ Shigehalli,INC,ಕಾಂಗ್ರೆಸ್ (INC),30709,16078,#ff7f0e
2004,172,Karwar,ಕಾರವಾರ,karwar,karwar_assembly_constituency,nan,ಸಾಮಾನ್ಯ,Gangadhar Nagesh Bhat,Gangadhar Nagesh Bhat,BJP,ಬಿಜೆಪಿ (BJP),36397,45.2,Rane Prabhakar S,Rane Prabhakar ಎಸ್.,JD(S),ಜೆಡಿಎಸ್ (JD-S),20165,16232,#ff7f0e
2004,173,Haliyal,ಹಳಿಯಾಳ,haliyal,haliyal_assembly_constituency,nan,ಸಾಮಾನ್ಯ,Deshpande Rv,Deshpande Rv,INC,ಕಾಂಗ್ರೆಸ್ (INC),55974,43.7,Patil Veerabhadragouda Shivanagowda,ಪಾಟೀಲ್ Veerabhadragouda Shivanagowda,BJP,ಬಿಜೆಪಿ (BJP),41765,14209,#1f77b4
2004,174,Dharwad Rural,Dharwad Rural,dharwadrural,dharwad_rural_assembly_constituency,nan,ಸಾಮಾನ್ಯ,Vinay Kulkarni,Vinay Kulkarni,IND,ಪಕ್ಷೇತರ (IND),33744,32.4,Desai Ab,ದೇಸಾಯಿ Ab,JD(U),JD(U),30514,3230,#7f7f7f
2004,175,Dharwad,ಧಾರವಾಡ,dharwad,dharwad_assembly_constituency,nan,ಸಾಮಾನ್ಯ,Morey S R,Morey ಎಸ್. ಆರ್.,INC,ಕಾಂಗ್ರೆಸ್ (INC),43334,38.2,Bellad Chandrakant Gurappa,Bellad Chandrakant Gurappa,BJP,ಬಿಜೆಪಿ (BJP),37584,5750,#1f77b4
2004,176,Hubli,Hubli,hubli,hubli_assembly_constituency,nan,ಸಾಮಾನ್ಯ,Honnalli Jabbarkhan Hayatkhan,Honnalli Jabbarkhan Hayatkhan,INC,ಕಾಂಗ್ರೆಸ್ (INC),41971,46.1,Ashok Katwe,Ashok Katwe,BJP,ಬಿಜೆಪಿ (BJP),40155,1816,#1f77b4
2004,177,Hubli Rural,Hubli Rural,hublirural,hubli_rural_assembly_constituency,nan,ಸಾಮಾನ್ಯ,Jagadish Shettar,Jagadish ಶೆಟ್ಟರ್,BJP,ಬಿಜೆಪಿ (BJP),58501,43.7,Anil Kumar Patil,Anil ಕುಮಾರ್ ಪಾಟೀಲ್,INC,ಕಾಂಗ್ರೆಸ್ (INC),31965,26536,#ff7f0e
2004,178,Kalghatgi,ಕಲಘಟಗಿ,kalghatgi,kalghatgi_assembly_constituency,nan,ಸಾಮಾನ್ಯ,Chikkanagoudra Siddanagouda Ishwaragouda,Chikkanagoudra Siddanagouda Ishwaragouda,BJP,ಬಿಜೆಪಿ (BJP),28065,26.9,Babusab K Kashimanavar,Babusab ಕೆ. Kashimanavar,JP,JP,26107,1958,#ff7f0e
2004,179,Kundgol,ಕುಂದಗೋಳ,kundgol,kundgol_assembly_constituency,nan,ಸಾಮಾನ್ಯ,Akki Mallikarjunappa Shahadevappa,Akki Mallikarjunappa Shahadevappa,JD(U),JD(U),28184,29.5,Channabasappa Satyappa Shivalli,Channabasappa Satyappa Shivalli,IND,ಪಕ್ಷೇತರ (IND),23942,4242,#64748b
2004,180,Shiggaon,ಶಿಗ್ಗಾಂವಿ,shiggaon,shiggaon_assembly_constituency,nan,ಸಾಮಾನ್ಯ,Sindhura Rajashekar,Sindhura Rajashekar,IND,ಪಕ್ಷೇತರ (IND),41811,35.9,Khadri Syed Ajimpeer Khadar Basha,Khadri Syed Ajimpeer Khadar Basha,INC,ಕಾಂಗ್ರೆಸ್ (INC),40971,840,#7f7f7f
2004,181,Hanagal,Hanagal,hanagal,hanagal_assembly_constituency,nan,ಸಾಮಾನ್ಯ,Udasi C M,Udasi ಸಿ. ಎಂ.,BJP,ಬಿಜೆಪಿ (BJP),61167,51.1,Manohar Tahasildar,Manohar Tahasildar,INC,ಕಾಂಗ್ರೆಸ್ (INC),43080,18087,#ff7f0e
2004,182,Hirekerur,ಹಿರೇಕೆರೂರು,hirekerur,hirekerur_assembly_constituency,nan,ಸಾಮಾನ್ಯ,Patil B C,ಪಾಟೀಲ್ ಬಿ. ಸಿ.,JD(S),ಜೆಡಿಎಸ್ (JD-S),39237,35.1,Banakar Ujaneshwar Basavanappa,Banakar Ujaneshwar Basavanappa,BJP,ಬಿಜೆಪಿ (BJP),34247,4990,#31a354
2004,183,Ranibennur,ರಾಣೆಬೆನ್ನೂರು,ranibennur,ranibennur_assembly_constituency,nan,ಸಾಮಾನ್ಯ,Shivanna G,ಶಿವಣ್ಣ ಜಿ.,BJP,ಬಿಜೆಪಿ (BJP),57123,49.3,Koliwad Krishnappa Bhimappa,Koliwad Krishnappa Bhimappa,INC,ಕಾಂಗ್ರೆಸ್ (INC),41037,16086,#ff7f0e
2004,184,Byadgi,ಬ್ಯಾಡಗಿ,byadgi,byadgi_assembly_constituency,nan,ಸಾಮಾನ್ಯ,Olekar Nehru Chanabasappa,Olekar Nehru Chanabasappa,BJP,ಬಿಜೆಪಿ (BJP),52686,52.5,Lamani Rudrappa Manappa,Lamani Rudrappa Manappa,INC,ಕಾಂಗ್ರೆಸ್ (INC),41408,11278,#ff7f0e
2004,185,Haveri,ಹಾವೇರಿ,haveri,haveri_assembly_constituency,SC,ಪರಿಶಿಷ್ಟ ಜಾತಿ (SC),Shivaraj Sajjanar,Shivaraj Sajjanar,BJP,ಬಿಜೆಪಿ (BJP),53482,45.9,Shivannanavar Basavaraj Neelappa,Shivannanavar ಬಸವರಾಜ್ Neelappa,INC,ಕಾಂಗ್ರೆಸ್ (INC),51286,2196,#ff7f0e
2004,186,Shirahatti,ಶಿರಹಟ್ಟಿ,shirahatti,shirahatti_assembly_constituency,SC,ಪರಿಶಿಷ್ಟ ಜಾತಿ (SC),Gaddadevaramath Gaddayya Shivamurthyya,Gaddadevaramath Gaddayya Shivamurthyya,INC,ಕಾಂಗ್ರೆಸ್ (INC),34151,37.8,Ganganna Malleshappa Mahantashettar,Ganganna Malleshappa Mahantashettar,JD(U),JD(U),31205,2946,#1f77b4
2004,187,Mundargi,Mundargi,mundargi,mundargi_assembly_constituency,nan,ಸಾಮಾನ್ಯ,Patil Shidlinganagouda Shiddanagouda,ಪಾಟೀಲ್ Shidlinganagouda Shiddanagouda,INC,ಕಾಂಗ್ರೆಸ್ (INC),40287,45.7,Dandin B F,Dandin ಬಿ. ಎಫ್.,JD(S),ಜೆಡಿಎಸ್ (JD-S),21071,19216,#1f77b4
2004,188,Gadag,ಗದಗ,gadag,gadag_assembly_constituency,nan,ಸಾಮಾನ್ಯ,Patil Dr,ಪಾಟೀಲ್ ಡಾ.,INC,ಕಾಂಗ್ರೆಸ್ (INC),50580,52.0,Sankannavar S B,Sankannavar ಎಸ್. ಬಿ.,BJP,ಬಿಜೆಪಿ (BJP),35376,15204,#1f77b4
2004,189,Ron,ರೋಣ,ron,ron_assembly_constituency,nan,ಸಾಮಾನ್ಯ,Kalakappa Gurushantappa Bandi,Kalakappa Gurushantappa Bandi,BJP,ಬಿಜೆಪಿ (BJP),46733,49.5,Gurupadagouda Sangagangouda Patil,Gurupadagouda Sangagangouda ಪಾಟೀಲ್,INC,ಕಾಂಗ್ರೆಸ್ (INC),38668,8065,#ff7f0e
2004,190,Naragund,Naragund,naragund,naragund_assembly_constituency,nan,ಸಾಮಾನ್ಯ,Patil C C,ಪಾಟೀಲ್ ಸಿ. ಸಿ.,BJP,ಬಿಜೆಪಿ (BJP),43382,54.4,Yavagal B R,Yavagal ಬಿ. ಆರ್.,INC,ಕಾಂಗ್ರೆಸ್ (INC),31260,12122,#ff7f0e
2004,191,Navalgund,ನವಲಗುಂದ,navalgund,navalgund_assembly_constituency,nan,ಸಾಮಾನ್ಯ,Dr. Shiriyannavar Rb,ಡಾ. Shiriyannavar Rb,BJP,ಬಿಜೆಪಿ (BJP),30195,34.9,Gaddi Kallappa Nagappa,Gaddi ಕಲ್ಲಪ್ಪ Nagappa,INC,ಕಾಂಗ್ರೆಸ್ (INC),26356,3839,#ff7f0e
2004,192,Ramdurg,ರಾಮದುರ್ಗ,ramdurg,ramdurg_assembly_constituency,nan,ಸಾಮಾನ್ಯ,Yadawad Mahadevappa Shivalingappa,ಯಾದವಾಡ ಮಹಾದೇವಪ್ಪ ಶಿವಲಿಂಗಪ್ಪ,BJP,ಬಿಜೆಪಿ (BJP),56585,54.2,Ashok Mahadevappa Pattan,Ashok ಮಹಾದೇವಪ್ಪ Pattan,INC,ಕಾಂಗ್ರೆಸ್ (INC),31044,25541,#ff7f0e
2004,193,Parasgad,Parasgad,parasgad,parasgad_assembly_constituency,nan,ಸಾಮಾನ್ಯ,Mamani Vishwanath Karabasappa,ಮಾಮನಿ Vishwanath Karabasappa,IND,ಪಕ್ಷೇತರ (IND),38451,34.2,Koujalgi Subhash Siddramappa,Koujalgi Subhash Siddramappa,INC,ಕಾಂಗ್ರೆಸ್ (INC),37006,1445,#7f7f7f
2004,194,Bailhongal,ಬೈಲಹೊಂಗಲ,bailhongal,bailhongal_assembly_constituency,nan,ಸಾಮಾನ್ಯ,Jagadish Virupakshi C Matgud,Jagadish Virupakshi ಸಿ. Matgud,BJP,ಬಿಜೆಪಿ (BJP),48208,50.6,Koujatagi Mahantesh Shivanand,Koujatagi Mahantesh Shivanand,INC,ಕಾಂಗ್ರೆಸ್ (INC),36633,11575,#ff7f0e
2004,195,Kittur,ಕಿತ್ತೂರು,kittur,kittur_assembly_constituency,nan,ಸಾಮಾನ್ಯ,Marihal Suresh Shivarudrappa,Marihal Suresh Shivarudrappa,BJP,ಬಿಜೆಪಿ (BJP),49970,47.0,Inamdar Danappagouda Basangouda,Inamdar Danappagouda Basangouda,INC,ಕಾಂಗ್ರೆಸ್ (INC),35265,14705,#ff7f0e
2004,196,Khanapur,ಖಾನಾಪುರ,khanapur,khanapur_assembly_constituency,nan,ಸಾಮಾನ್ಯ,Digambar Yashwantrao Patil,Digambar Yashwantrao ಪಾಟೀಲ್,IND,ಪಕ್ಷೇತರ (IND),19115,18.3,Patil Vaishali Ashok,ಪಾಟೀಲ್ Vaishali Ashok,IND,ಪಕ್ಷೇತರ (IND),18747,368,#7f7f7f
2004,197,Belgaum,Belgaum,belgaum,belgaum_assembly_constituency,nan,ಸಾಮಾನ್ಯ,Kudachi Ramesh Laxman,Kudachi ರಮೇಶ್ ಲಕ್ಷ್ಮಣ್,INC,ಕಾಂಗ್ರೆಸ್ (INC),32198,32.6,Vilas Ramachandra Pawar,Vilas Ramachandra Pawar,BJP,ಬಿಜೆಪಿ (BJP),31181,1017,#1f77b4
2004,198,Uchagaon,Uchagaon,uchagaon,uchagaon_assembly_constituency,nan,ಸಾಮಾನ್ಯ,Manohar Kallappa Kinekar,Manohar ಕಲ್ಲಪ್ಪ Kinekar,IND,ಪಕ್ಷೇತರ (IND),42483,32.6,Sambhaji Laxman Patil,Sambhaji ಲಕ್ಷ್ಮಣ್ ಪಾಟೀಲ್,INC,ಕಾಂಗ್ರೆಸ್ (INC),31277,11206,#7f7f7f
2004,199,Bagewadi,Bagewadi,bagewadi,bagewadi_assembly_constituency,nan,ಸಾಮಾನ್ಯ,Abhay Patil,ಅಭಯ್ ಪಾಟೀಲ್,BJP,ಬಿಜೆಪಿ (BJP),32854,27.8,Shivaputrappa Channabasappa Malagi,Shivaputrappa Channabasappa Malagi,INC,ಕಾಂಗ್ರೆಸ್ (INC),29156,3698,#ff7f0e
2004,200,Gokak,ಗೋಕಾಕ್,gokak,gokak_assembly_constituency,nan,ಸಾಮಾನ್ಯ,Jaraki Holi Ramesh Laxmanrao,Jaraki Holi ರಮೇಶ್ ಲಕ್ಷ್ಮಣರಾವ್,INC,ಕಾಂಗ್ರೆಸ್ (INC),56768,55.2,Muttennavar Mallappa Laxman,Muttennavar Mallappa ಲಕ್ಷ್ಮಣ್,BJP,ಬಿಜೆಪಿ (BJP),40593,16175,#1f77b4
2004,201,Arabhavi,ಅರಭಾವಿ,arabhavi,arabhavi_assembly_constituency,nan,ಸಾಮಾನ್ಯ,Balachandra Laxman Rao Jarkihali,ಬಾಲಚಂದ್ರ ಲಕ್ಷ್ಮಣ್ ರಾವ್ Jarkihali,JD(S),ಜೆಡಿಎಸ್ (JD-S),62054,47.1,Koujalagi Veeranna Shivalingappa,Koujalagi Veeranna ಶಿವಲಿಂಗಪ್ಪ,INC,ಕಾಂಗ್ರೆಸ್ (INC),42604,19450,#31a354
2004,202,Hukkeri,ಹುಕ್ಕೇರಿ,hukkeri,hukkeri_assembly_constituency,nan,ಸಾಮಾನ್ಯ,Shashikant Akkappi Naik,Shashikant Akkappi ನಾಯಕ್,BJP,ಬಿಜೆಪಿ (BJP),46969,47.3,Umesh Vishwanath Hatti,ಉಮೇಶ್ Vishwanath Hatti,INC,ಕಾಂಗ್ರೆಸ್ (INC),46148,821,#ff7f0e
2004,203,Sankeshwar,Sankeshwar,sankeshwar,sankeshwar_assembly_constituency,nan,ಸಾಮಾನ್ಯ,Appayagouda Basagouda Patil,Appayagouda Basagouda ಪಾಟೀಲ್,INC,ಕಾಂಗ್ರೆಸ್ (INC),52036,54.4,Rajendra Malagouda Patil,Rajendra Malagouda ಪಾಟೀಲ್,BJP,ಬಿಜೆಪಿ (BJP),35828,16208,#1f77b4
2004,204,Nippani,ನಿಪ್ಪಾಣಿ,nippani,nippani_assembly_constituency,nan,ಸಾಮಾನ್ಯ,Kakasaheb Panduranga Patil,Kakasaheb Panduranga ಪಾಟೀಲ್,INC,ಕಾಂಗ್ರೆಸ್ (INC),40222,41.3,Joshi Subhashe Shridhar,Joshi Subhashe Shridhar,BJP,ಬಿಜೆಪಿ (BJP),39793,429,#1f77b4
2004,205,Sadalga,Sadalga,sadalga,sadalga_assembly_constituency,nan,ಸಾಮಾನ್ಯ,Prakash Babanna Hukkeri,ಪ್ರಕಾಶ್ Babanna ಹುಕ್ಕೇರಿ,INC,ಕಾಂಗ್ರೆಸ್ (INC),58039,54.5,Annasaheb Shankar Jolle,ಅಣ್ಣಾಸಾಹೇಬ್ Shankar ಜೋಲ್ಲೆ,BJP,ಬಿಜೆಪಿ (BJP),38737,19302,#1f77b4
2004,206,Chikkodi,ಚಿಕ್ಕೋಡಿ,chikkodi,chikkodi_assembly_constituency,SC,ಪರಿಶಿಷ್ಟ ಜಾತಿ (SC),Hakkyagol Dattu Yellappa,Hakkyagol Dattu Yellappa,BJP,ಬಿಜೆಪಿ (BJP),32663,34.6,Bhimannavar Ss,Bhimannavar Ss,INC,ಕಾಂಗ್ರೆಸ್ (INC),30121,2542,#ff7f0e
2004,207,Raibag,Raibag,raibag,raibag_assembly_constituency,SC,ಪರಿಶಿಷ್ಟ ಜಾತಿ (SC),Sarikar Bheemappa Channappa,Sarikar Bheemappa Channappa,JD(U),JD(U),54049,44.2,Laxman Yamanappa Kamble,ಲಕ್ಷ್ಮಣ್ Yamanappa Kamble,INC,ಕಾಂಗ್ರೆಸ್ (INC),43855,10194,#64748b
2004,208,Kagwad,ಕಾಗವಾಡ,kagwad,kagwad_assembly_constituency,nan,ಸಾಮಾನ್ಯ,Bharamagouda (Raju) Alagouda Kage,Bharamagouda ( ರಾಜು ) ಆಲಗೌಡ ಕಾගේ,BJP,ಬಿಜೆಪಿ (BJP),44529,42.5,Kiran Kumar Tatyagouda Patil,Kiran ಕುಮಾರ್ Tatyagouda ಪಾಟೀಲ್,INC,ಕಾಂಗ್ರೆಸ್ (INC),41077,3452,#ff7f0e
2004,209,Athani,ಅಥಣಿ,athani,athani_assembly_constituency,nan,ಸಾಮಾನ್ಯ,Laxman Sangappa Savadi,ಲಕ್ಷ್ಮಣ್ ಸಂಗ್ಲಪ್ಪ ಸವದಿ,BJP,ಬಿಜೆಪಿ (BJP),59578,50.7,Dongaragaon Shahajan Ismail,Dongaragaon Shahajan Ismail,INC,ಕಾಂಗ್ರೆಸ್ (INC),28325,31253,#ff7f0e
2004,210,Jamkhandi,ಜಮಖಂಡಿ,jamkhandi,jamkhandi_assembly_constituency,nan,ಸಾಮಾನ್ಯ,Siddu Savadi,ಸಿದ್ದು ಸವದಿ,BJP,ಬಿಜೆಪಿ (BJP),73223,52.4,Kaluti Ramappa Maleppa,Kaluti Ramappa Maleppa,INC,ಕಾಂಗ್ರೆಸ್ (INC),39902,33321,#ff7f0e
2004,211,Bilgi,Bilgi,bilgi,bilgi_assembly_constituency,nan,ಸಾಮಾನ್ಯ,Nirani Murugesh Rudrappa,Nirani Murugesh Rudrappa,BJP,ಬಿಜೆಪಿ (BJP),68136,52.5,Patil J T,ಪಾಟೀಲ್ ಜೆ. ಟಿ.,INC,ಕಾಂಗ್ರೆಸ್ (INC),50811,17325,#ff7f0e
2004,212,Mudhol,ಮುಧೋಳ,mudhol,mudhol_assembly_constituency,SC,ಪರಿಶಿಷ್ಟ ಜಾತಿ (SC),Karjol Govind Maktappa,Karjol Govind Maktappa,BJP,ಬಿಜೆಪಿ (BJP),71814,57.1,Timmapur Ramappa Balappa,Timmapur Ramappa ಬಾಳಪ್ಪ,INC,ಕಾಂಗ್ರೆಸ್ (INC),38872,32942,#ff7f0e
2004,213,Bagalkot,ಬಾಗಲಕೋಟೆ,bagalkot,bagalkot_assembly_constituency,nan,ಸಾಮಾನ್ಯ,Charantimat Veeranna Chandrashekaraya,Charantimat Veeranna Chandrashekaraya,BJP,ಬಿಜೆಪಿ (BJP),34597,33.3,Poojar Pralhad Hanumantappa,Poojar Pralhad Hanumantappa,IND,ಪಕ್ಷೇತರ (IND),29075,5522,#ff7f0e
2004,214,Badami,ಬಾದಾಮಿ,badami,badami_assembly_constituency,nan,ಸಾಮಾನ್ಯ,Mahagundappa Kallappa Pattanshetti,Mahagundappa ಕಲ್ಲಪ್ಪ Pattanshetti,BJP,ಬಿಜೆಪಿ (BJP),52678,53.9,Chimmanakatti Balappa Bhimappa,Chimmanakatti ಬಾಳಪ್ಪ Bhimappa,INC,ಕಾಂಗ್ರೆಸ್ (INC),33677,19001,#ff7f0e
2004,215,Guledgud,Guledgud,guledgud,guledgud_assembly_constituency,nan,ಸಾಮಾನ್ಯ,Moti Hullappa Yamanappa,Moti Hullappa Yamanappa,JD(S),ಜೆಡಿಎಸ್ (JD-S),30832,34.8,Rajashekhar Veeranna Sheelavant,Rajashekhar Veeranna Sheelavant,BJP,ಬಿಜೆಪಿ (BJP),29426,1406,#31a354
2004,216,Hungund,ಹುನಗುಂದ,hungund,hungund_assembly_constituency,nan,ಸಾಮಾನ್ಯ,Doddanagouda Gundana Gowda Patil,Doddanagouda Gundana ಗೌಡ ಪಾಟೀಲ್,BJP,ಬಿಜೆಪಿ (BJP),50617,56.9,Kashappanavar Gouramma Shivashankarappa,Kashappanavar Gouramma Shivashankarappa,INC,ಕಾಂಗ್ರೆಸ್ (INC),32193,18424,#ff7f0e
2004,217,Muddebihal,Muddebihal,muddebihal,muddebihal_assembly_constituency,nan,ಸಾಮಾನ್ಯ,Shankara Rao Nadagoudar A C,Shankara ರಾವ್ Nadagoudar ಎ. ಸಿ.,INC,ಕಾಂಗ್ರೆಸ್ (INC),30203,36.4,Deshmukh Vimalabai Jagadevarao,Deshmukh Vimalabai Jagadevarao,JD(S),ಜೆಡಿಎಸ್ (JD-S),27776,2427,#1f77b4
2004,218,Huvin-Hippargi,Huvin Hippargi,huvinhippargi,huvinhippargi_assembly_constituency,nan,ಸಾಮಾನ್ಯ,Desai Shivputrappa Madiwalappa,ದೇಸಾಯಿ Shivputrappa Madiwalappa,BJP,ಬಿಜೆಪಿ (BJP),39224,43.6,Patil B S,ಪಾಟೀಲ್ ಬಿ. ಎಸ್.,INC,ಕಾಂಗ್ರೆಸ್ (INC),32927,6297,#ff7f0e
2004,219,Basavana Bagevadi,Basavana Bagevadi,basavanabagevadi,basavana_bagevadi_assembly_constituency,nan,ಸಾಮಾನ್ಯ,Shivanand Patil,Shivanand ಪಾಟೀಲ್,INC,ಕಾಂಗ್ರೆಸ್ (INC),50238,48.5,Bellubbi Sangappa Kallappa,Bellubbi ಸಂಗ್ಲಪ್ಪ ಕಲ್ಲಪ್ಪ,BJP,ಬಿಜೆಪಿ (BJP),46933,3305,#1f77b4
2004,220,Tikota,Tikota,tikota,tikota_assembly_constituency,nan,ಸಾಮಾನ್ಯ,Patil M B,ಪಾಟೀಲ್ ಎಂ. ಬಿ.,INC,ಕಾಂಗ್ರೆಸ್ (INC),48274,53.8,Rudragoudar Mallangouda Sahebagouda,Rudragoudar Mallangouda Sahebagouda,JD(U),JD(U),19040,29234,#1f77b4
2004,221,Bijapur,Bijapur,bijapur,bijapur_assembly_constituency,nan,ಸಾಮಾನ್ಯ,Appasaheb Mallappa Pattanashetty,Appasaheb Mallappa Pattanashetty,BJP,ಬಿಜೆಪಿ (BJP),70001,55.6,Ustad Maheboob Patel Ladlepatel,Ustad Maheboob Patel Ladlepatel,INC,ಕಾಂಗ್ರೆಸ್ (INC),45968,24033,#ff7f0e
2004,222,Ballolli,Ballolli,ballolli,ballolli_assembly_constituency,SC,ಪರಿಶಿಷ್ಟ ಜಾತಿ (SC),Rathod Rk,Rathod Rk,JD(S),ಜೆಡಿಎಸ್ (JD-S),39915,39.9,Alugur Hr (Raju),Alugur Hr ( ರಾಜು ),INC,ಕಾಂಗ್ರೆಸ್ (INC),28873,11042,#31a354
2004,223,Indi,Indi,indi,indi_assembly_constituency,nan,ಸಾಮಾನ್ಯ,Patil Ravikant Shankareppa,ಪಾಟೀಲ್ Ravikant Shankareppa,IND,ಪಕ್ಷೇತರ (IND),42984,43.6,Patil Bg(Halasangi),ಪಾಟೀಲ್ Bg ( Halasangi ),INC,ಕಾಂಗ್ರೆಸ್ (INC),33652,9332,#7f7f7f
2004,224,Sindgi,Sindgi,sindgi,sindgi_assembly_constituency,nan,ಸಾಮಾನ್ಯ,Ashok Gurappa Shabadi,Ashok Gurappa Shabadi,BJP,ಬಿಜೆಪಿ (BJP),38853,39.3,Manguli Halappa Chanaveerappa,Manguli Halappa Chanaveerappa,JD(S),ಜೆಡಿಎಸ್ (JD-S),29803,9050,#ff7f0e
1999,1,Aurad,ಔರಾದ್,aurad,aurad_assembly_constituency,SC,ಪರಿಶಿಷ್ಟ ಜಾತಿ (SC),Gundappa Vakil,Gundappa Vakil,BJP,ಬಿಜೆಪಿ (BJP),31967,32.9,Gurupadappa Nagmarpalli,Gurupadappa Nagmarpalli,INC,ಕಾಂಗ್ರೆಸ್ (INC),29182,2785,#ff7f0e
1999,2,Bhalki,ಭಾಲ್ಕಿ,bhalki,bhalki_assembly_constituency,nan,ಸಾಮಾನ್ಯ,Prakash Khandre,ಪ್ರಕಾಶ್ Khandre,BJP,ಬಿಜೆಪಿ (BJP),47132,54.9,Dr. Vijayakumar Bhimanna Khandre,ಡಾ. Vijayakumar Bhimanna Khandre,INC,ಕಾಂಗ್ರೆಸ್ (INC),36805,10327,#ff7f0e
1999,3,Hulsoor,Hulsoor,hulsoor,hulsoor_assembly_constituency,SC,ಪರಿಶಿಷ್ಟ ಜಾತಿ (SC),Rajendra Verma,Rajendra Verma,BJP,ಬಿಜೆಪಿ (BJP),32189,44.7,Shivaraj Hasankar,Shivaraj Hasankar,INC,ಕಾಂಗ್ರೆಸ್ (INC),19732,12457,#ff7f0e
1999,4,Bidar,ಬೀದರ್,bidar,bidar_assembly_constituency,nan,ಸಾಮಾನ್ಯ,Rameshkumar Pande,Rameshkumar Pande,BJP,ಬಿಜೆಪಿ (BJP),44270,33.8,Bandeppa Manikappa Khasimpur,Bandeppa Manikappa Khasimpur,INC,ಕಾಂಗ್ರೆಸ್ (INC),42180,2090,#ff7f0e
1999,5,Humnabad,ಹುಮ್ನಾಬಾದ್,humnabad,humnabad_assembly_constituency,nan,ಸಾಮಾನ್ಯ,Subhas Kallur,Subhas Kallur,BJP,ಬಿಜೆಪಿ (BJP),35438,36.4,Rajashekhar Basavaraj Patil,Rajashekhar ಬಸವರಾಜ್ ಪಾಟೀಲ್,INC,ಕಾಂಗ್ರೆಸ್ (INC),31868,3570,#ff7f0e
1999,6,Basavakalyan,ಬಸವಕಲ್ಯಾಣ,basavakalyan,basavakalyan_assembly_constituency,nan,ಸಾಮಾನ್ಯ,M.G.Mule,ಎಂ. ಜಿ. Mule,JD(S),ಜೆಡಿಎಸ್ (JD-S),48166,50.6,Basawaraj Patil Attur,Basawaraj ಪಾಟೀಲ್ Attur,JD(U),JD(U),29002,19164,#31a354
1999,7,Chincholi,ಚಿಂಚೋಳಿ,chincholi,chincholi_assembly_constituency,SC,ಪರಿಶಿಷ್ಟ ಜಾತಿ (SC),Kailashnath Patil,Kailashnath ಪಾಟೀಲ್,INC,ಕಾಂಗ್ರೆಸ್ (INC),42814,52.4,Vaijnath Patil,Vaijnath ಪಾಟೀಲ್,JD(S),ಜೆಡಿಎಸ್ (JD-S),16551,26263,#1f77b4
1999,8,Kamalapur,Kamalapur,kamalapur,kamalapur_assembly_constituency,SC,ಪರಿಶಿಷ್ಟ ಜಾತಿ (SC),Revunaik Belamgi,Revunaik Belamgi,BJP,ಬಿಜೆಪಿ (BJP),27531,39.7,G.Ramkrishna,ಜಿ. Ramkrishna,INC,ಕಾಂಗ್ರೆಸ್ (INC),18981,8550,#ff7f0e
1999,9,Alland,ಆಳಂದ,alland,alland_assembly_constituency,nan,ಸಾಮಾನ್ಯ,Guttedar Subhash Rukmayya,ಗುತ್ತೇದಾರ್ Subhash Rukmayya,JD(S),ಜೆಡಿಎಸ್ (JD-S),29762,38.9,B.R.Patil,ಬಿ. ಆರ್. ಪಾಟೀಲ್,JD(U),JD(U),27451,2311,#31a354
1999,10,Gulbarga,Gulbarga,gulbarga,gulbarga_assembly_constituency,nan,ಸಾಮಾನ್ಯ,Qamarul Islam,Qamarul Islam,INC,ಕಾಂಗ್ರೆಸ್ (INC),79225,48.8,Chandrashekhar D Patil Ravoor,ಚಂದ್ರಶೇಖರ್ ಡಿ. ಪಾಟೀಲ್ Ravoor,BJP,ಬಿಜೆಪಿ (BJP),67446,11779,#1f77b4
1999,11,Shahabad,Shahabad,shahabad,shahabad_assembly_constituency,SC,ಪರಿಶಿಷ್ಟ ಜಾತಿ (SC),Baburao Chavhan,Baburao Chavhan,INC,ಕಾಂಗ್ರೆಸ್ (INC),38072,41.4,Valmik Kamalu Naik,Valmik Kamalu ನಾಯಕ್,BJP,ಬಿಜೆಪಿ (BJP),30206,7866,#1f77b4
1999,12,Afzalpur,ಅಫ್ಜಲ್ ಪುರ,afzalpur,afzalpur_assembly_constituency,nan,ಸಾಮಾನ್ಯ,Malikayya Venkayya Guttedar,Malikayya Venkayya ಗುತ್ತೇದಾರ್,JD(S),ಜೆಡಿಎಸ್ (JD-S),32896,38.2,M.Y.Patil,ಎಂ. ವೈ. ಪಾಟೀಲ್,INC,ಕಾಂಗ್ರೆಸ್ (INC),31061,1835,#31a354
1999,13,Chittapur,Chittapur,chittapur,chittapur_assembly_constituency,SC,ಪರಿಶಿಷ್ಟ ಜಾತಿ (SC),Babu Rao Baswannappa Chinchansoor,Babu ರಾವ್ Baswannappa Chinchansoor,INC,ಕಾಂಗ್ರೆಸ್ (INC),39919,52.6,Vishwanath Patil Hebbal,Vishwanath ಪಾಟೀಲ್ Hebbal,JD(U),JD(U),31863,8056,#1f77b4
1999,14,Sedam,ಸೇಡಂ,sedam,sedam_assembly_constituency,nan,ಸಾಮಾನ್ಯ,Basavanathreddy Mothakpalli,Basavanathreddy Mothakpalli,INC,ಕಾಂಗ್ರೆಸ್ (INC),44210,54.5,Chandrashekar Reddy Deshmukh Madana,Chandrashekar ರೆಡ್ಡಿ Deshmukh Madana,JD(U),JD(U),20526,23684,#1f77b4
1999,15,Jewargi,ಜೇವರ್ಗಿ,jewargi,jewargi_assembly_constituency,nan,ಸಾಮಾನ್ಯ,Dharmasingh Narayanasingh,Dharmasingh Narayanasingh,INC,ಕಾಂಗ್ರೆಸ್ (INC),37510,43.2,Shivalingappa Patil Naribole,ಶಿವಲಿಂಗಪ್ಪ ಪಾಟೀಲ್ Naribole,BJP,ಬಿಜೆಪಿ (BJP),35549,1961,#1f77b4
1999,16,Gurmitkal,ಗುರಮಿಟ್ಕಲ್,gurmitkal,gurmitkal_assembly_constituency,nan,ಸಾಮಾನ್ಯ,Mallikarjun Kharge,ಮಲ್ಲಿಕಾರ್ಜುನ್ ಖರ್ಗೆ,INC,ಕಾಂಗ್ರೆಸ್ (INC),54569,76.8,Ashok Guruji,Ashok Guruji,JD(U),JD(U),7445,47124,#1f77b4
1999,17,Yadgir,ಯಾದಗಿರಿ,yadgir,yadgir_assembly_constituency,nan,ಸಾಮಾನ್ಯ,Dr. A.B.Malakareddy,ಡಾ. ಎ. ಬಿ. Malakareddy,INC,ಕಾಂಗ್ರೆಸ್ (INC),33242,44.8,Dr. Veerabaswanthreddy,ಡಾ. Veerabaswanthreddy,JD(U),JD(U),22380,10862,#1f77b4
1999,18,Shahapur,ಶಹಾಪುರ,shahapur,shahapur_assembly_constituency,nan,ಸಾಮಾನ್ಯ,Shivashekharappagouda Sirwal,Shivashekharappagouda Sirwal,INC,ಕಾಂಗ್ರೆಸ್ (INC),47963,50.9,Sharanabasappa Darshanapur,Sharanabasappa Darshanapur,JD(U),JD(U),40339,7624,#1f77b4
1999,19,Shorapur,ಶೋರಾಪುರ,shorapur,shorapur_assembly_constituency,ST,ಪರಿಶಿಷ್ಟ ಪಂಗಡ (ST),Raja Venkatappa Naik,Raja Venkatappa ನಾಯಕ್,INC,ಕಾಂಗ್ರೆಸ್ (INC),45351,46.3,Shivanna Mangihal,ಶಿವಣ್ಣ Mangihal,IND,ಪಕ್ಷೇತರ (IND),24901,20450,#1f77b4
1999,20,Devadurga,ದೇವದುರ್ಗ,devadurga,devadurga_assembly_constituency,ST,ಪರಿಶಿಷ್ಟ ಪಂಗಡ (ST),Akkaraki Yellappa Bangappa,Akkaraki Yellappa Bangappa,INC,ಕಾಂಗ್ರೆಸ್ (INC),39973,57.8,Shivalingaswami,Shivalingaswami,JD(U),JD(U),14602,25371,#1f77b4
1999,21,Raichur,ರಾಯಚೂರು,raichur,raichur_assembly_constituency,nan,ಸಾಮಾನ್ಯ,Syed Yasin,Syed Yasin,INC,ಕಾಂಗ್ರೆಸ್ (INC),35484,38.3,Ahuja Papa Reddy,Ahuja Papa ರೆಡ್ಡಿ,BJP,ಬಿಜೆಪಿ (BJP),29928,5556,#1f77b4
1999,22,Kalmala,Kalmala,kalmala,kalmala_assembly_constituency,nan,ಸಾಮಾನ್ಯ,Raja Amreshwara Naik,Raja Amreshwara ನಾಯಕ್,INC,ಕಾಂಗ್ರೆಸ್ (INC),27691,34.1,Shankar Gowda Haravi,Shankar ಗೌಡ Haravi,BJP,ಬಿಜೆಪಿ (BJP),26077,1614,#1f77b4
1999,23,Manvi,ಮಾನ್ವಿ,manvi,manvi_assembly_constituency,ST,ಪರಿಶಿಷ್ಟ ಪಂಗಡ (ST),Boseraju N.S,Boseraju ಎನ್. ಎಸ್.,INC,ಕಾಂಗ್ರೆಸ್ (INC),43400,51.2,Basanagouda Byagawat,Basanagouda Byagawat,BJP,ಬಿಜೆಪಿ (BJP),24890,18510,#1f77b4
1999,24,Lingsugur,Lingsugur,lingsugur,lingsugur_assembly_constituency,SC,ಪರಿಶಿಷ್ಟ ಜಾತಿ (SC),Amaregouda Bayyapur Linganagouda,Amaregouda Bayyapur Linganagouda,JD(U),JD(U),31684,36.0,Basawaraj Patil Anwari,Basawaraj ಪಾಟೀಲ್ Anwari,INC,ಕಾಂಗ್ರೆಸ್ (INC),28626,3058,#64748b
1999,25,Sindhnoor,Sindhnoor,sindhnoor,sindhnoor_assembly_constituency,nan,ಸಾಮಾನ್ಯ,Hampanagouda Badarli,Hampanagouda Badarli,JD(U),JD(U),64853,51.1,K.Virupakshappa,ಕೆ. Virupakshappa,INC,ಕಾಂಗ್ರೆಸ್ (INC),59367,5486,#64748b
1999,26,Kushtagi,ಕುಷ್ಟಗಿ,kushtagi,kushtagi_assembly_constituency,nan,ಸಾಮಾನ್ಯ,Hasanasab Nabeesab Dotihal,Hasanasab Nabeesab Dotihal,INC,ಕಾಂಗ್ರೆಸ್ (INC),41200,47.2,K Sharanappa Vakeelaru,ಕೆ. Sharanappa Vakeelaru,JD(S),ಜೆಡಿಎಸ್ (JD-S),25256,15944,#1f77b4
1999,27,Yelburga,ಯಲಬುರ್ಗಾ,yelburga,yelburga_assembly_constituency,nan,ಸಾಮಾನ್ಯ,Shivasharanappa Gouda Patil,Shivasharanappa Gouda ಪಾಟೀಲ್,INC,ಕಾಂಗ್ರೆಸ್ (INC),28706,35.0,Halappa Basappa Achar,Halappa Basappa Achar,JD(U),JD(U),24993,3713,#1f77b4
1999,28,Kanakagiri,ಕನಕಗಿರಿ,kanakagiri,kanakagiri_assembly_constituency,SC,ಪರಿಶಿಷ್ಟ ಜಾತಿ (SC),M Malikarjun Nagappa,ಎಂ. Malikarjun Nagappa,INC,ಕಾಂಗ್ರೆಸ್ (INC),55808,59.4,Nagappa Bheemappa Saloni,Nagappa Bheemappa Saloni,JD(U),JD(U),32601,23207,#1f77b4
1999,29,Gangavathi,ಗಂಗಾವತಿ,gangavathi,gangavathi_assembly_constituency,nan,ಸಾಮಾನ್ಯ,Srirangadevarayalu,Srirangadevarayalu,INC,ಕಾಂಗ್ರೆಸ್ (INC),45853,50.1,H Gire Gouda,ಎಚ್. Gire Gouda,BJP,ಬಿಜೆಪಿ (BJP),28291,17562,#1f77b4
1999,30,Koppal,ಕೊಪ್ಪಳ,koppal,koppal_assembly_constituency,nan,ಸಾಮಾನ್ಯ,Karadi Sanganna Amarappa,Karadi Sanganna Amarappa,JD(U),JD(U),46441,48.4,K Basavaraj Hitnal,ಕೆ. ಬಸವರಾಜ್ Hitnal,JD(S),ಜೆಡಿಎಸ್ (JD-S),25812,20629,#64748b
1999,31,Siruguppa,ಸಿರುಗುಪ್ಪ,siruguppa,siruguppa_assembly_constituency,ST,ಪರಿಶಿಷ್ಟ ಪಂಗಡ (ST),M. Shankar Reddy,ಎಂ. Shankar ರೆಡ್ಡಿ,INC,ಕಾಂಗ್ರೆಸ್ (INC),51742,46.3,T.M. Chandrashekhariah,ಟಿ. ಎಂ. Chandrashekhariah,JD(U),JD(U),28843,22899,#1f77b4
1999,32,Kurugodu,Kurugodu,kurugodu,kurugodu_assembly_constituency,nan,ಸಾಮಾನ್ಯ,Allum Veerabhadrappa,Allum Veerabhadrappa,INC,ಕಾಂಗ್ರೆಸ್ (INC),47395,45.8,N Suryanarayana Reddy,ಎನ್. Suryanarayana ರೆಡ್ಡಿ,BJP,ಬಿಜೆಪಿ (BJP),42987,4408,#1f77b4
1999,33,Bellary,ಬಳ್ಳಾರಿ,bellary,bellary_assembly_constituency,ST,ಪರಿಶಿಷ್ಟ ಪಂಗಡ (ST),Diwaker Babu M,Diwaker Babu ಎಂ.,INC,ಕಾಂಗ್ರೆಸ್ (INC),55441,52.7,Sriramulu B,Sriramulu ಬಿ.,BJP,ಬಿಜೆಪಿ (BJP),46508,8933,#1f77b4
1999,34,Hospet,ಹೊಸಪೇಟೆ,hospet,hospet_assembly_constituency,nan,ಸಾಮಾನ್ಯ,Jayalakshmi Gujjal,Jayalakshmi Gujjal,INC,ಕಾಂಗ್ರೆಸ್ (INC),47220,50.2,G Shankargoud,ಜಿ. Shankargoud,BJP,ಬಿಜೆಪಿ (BJP),36015,11205,#1f77b4
1999,35,Sandur,ಸಂಡೂರು,sandur,sandur_assembly_constituency,ST,ಪರಿಶಿಷ್ಟ ಪಂಗಡ (ST),My Ghorpade,My Ghorpade,INC,ಕಾಂಗ್ರೆಸ್ (INC),47681,53.1,Heeroji Lad,Heeroji Lad,JD(U),JD(U),38688,8993,#1f77b4
1999,36,Kudligi,ಕೂಡ್ಲಿಗಿ,kudligi,kudligi_assembly_constituency,ST,ಪರಿಶಿಷ್ಟ ಪಂಗಡ (ST),Siraj Shaik,Siraj Shaik,INC,ಕಾಂಗ್ರೆಸ್ (INC),39825,41.7,Nt Bommanna,Nt Bommanna,BJP,ಬಿಜೆಪಿ (BJP),21732,18093,#1f77b4
1999,37,Kottur,Kottur,kottur,kottur_assembly_constituency,nan,ಸಾಮಾನ್ಯ,T Bhagirathi Marula Siddana Gouda,ಟಿ. Bhagirathi Marula Siddana Gouda,INC,ಕಾಂಗ್ರೆಸ್ (INC),49366,51.8,Mmj Swaroopananda,Mmj Swaroopananda,JD(U),JD(U),39732,9634,#1f77b4
1999,38,Hadagalli,ಹೂವಿನಹಡಗಲಿ,hadagalli,hadagalli_assembly_constituency,SC,ಪರಿಶಿಷ್ಟ ಜಾತಿ (SC),Vb Halappa,Vb Halappa,INC,ಕಾಂಗ್ರೆಸ್ (INC),51434,50.6,Mp Prakash,Mp ಪ್ರಕಾಶ್,JD(U),JD(U),48344,3090,#1f77b4
1999,39,Harapanahalli,ಹರಪನಹಳ್ಳಿ,harapanahalli,harapanahalli_assembly_constituency,nan,ಸಾಮಾನ್ಯ,Pt Parameshwara Naik,Pt Parameshwara ನಾಯಕ್,INC,ಕಾಂಗ್ರೆಸ್ (INC),30316,34.0,Bh Yanka Naik,Bh Yanka ನಾಯಕ್,IND,ಪಕ್ಷೇತರ (IND),19779,10537,#1f77b4
1999,40,Harihar,Harihar,harihar,harihar_assembly_constituency,nan,ಸಾಮಾನ್ಯ,Dr Y Nagappa,ಡಾ. ವೈ. Nagappa,INC,ಕಾಂಗ್ರೆಸ್ (INC),57406,50.2,H Shivappa,ಎಚ್. Shivappa,JD(U),JD(U),54967,2439,#1f77b4
1999,41,Davangere,Davangere,davangere,davangere_assembly_constituency,nan,ಸಾಮಾನ್ಯ,Ss Mallikarjuna,Ss Mallikarjuna,INC,ಕಾಂಗ್ರೆಸ್ (INC),54401,48.5,Yashavantha Rao,Yashavantha ರಾವ್,BJP,ಬಿಜೆಪಿ (BJP),50108,4293,#1f77b4
1999,42,Mayakonda,ಮಾಯಾಕೊಂಡ,mayakonda,mayakonda_assembly_constituency,SC,ಪರಿಶಿಷ್ಟ ಜಾತಿ (SC),Sa Ravindranatha,Sa Ravindranatha,BJP,ಬಿಜೆಪಿ (BJP),46917,41.8,Kr Jayadevappa,Kr Jayadevappa,INC,ಕಾಂಗ್ರೆಸ್ (INC),32720,14197,#ff7f0e
1999,43,Bharamasagara,Bharamasagara,bharamasagara,bharamasagara_assembly_constituency,SC,ಪರಿಶಿಷ್ಟ ಜಾತಿ (SC),M Chandrappa,ಎಂ. Chandrappa,JD(U),JD(U),37194,39.9,H Anjaneya,ಎಚ್. Anjaneya,INC,ಕಾಂಗ್ರೆಸ್ (INC),28240,8954,#64748b
1999,44,Chitradurga,ಚಿತ್ರದುರ್ಗ,chitradurga,chitradurga_assembly_constituency,nan,ಸಾಮಾನ್ಯ,Gh Thippa Reddy,Gh Thippa ರೆಡ್ಡಿ,IND,ಪಕ್ಷೇತರ (IND),51198,49.0,H Ekanthaiah,ಎಚ್. Ekanthaiah,IND,ಪಕ್ಷೇತರ (IND),24782,26416,#7f7f7f
1999,45,Jagalur,ಜಗಳೂರು,jagalur,jagalur_assembly_constituency,ST,ಪರಿಶಿಷ್ಟ ಪಂಗಡ (ST),Gh Aswath Reddy,Gh Aswath ರೆಡ್ಡಿ,IND,ಪಕ್ಷೇತರ (IND),48865,51.5,M Basappa,ಎಂ. Basappa,INC,ಕಾಂಗ್ರೆಸ್ (INC),25097,23768,#7f7f7f
1999,46,Molakalmuru,ಮೊಳಕಾಲ್ಮೂರು,molakalmuru,molakalmuru_assembly_constituency,ST,ಪರಿಶಿಷ್ಟ ಪಂಗಡ (ST),Ny Gopala Krishna,Ny Gopala Krishna,INC,ಕಾಂಗ್ರೆಸ್ (INC),44296,44.7,Patel Gm Thippeswamy,Patel Gm Thippeswamy,JD(U),JD(U),30115,14181,#1f77b4
1999,47,Challakere,ಚಳ್ಳಕೆರೆ,challakere,challakere_assembly_constituency,ST,ಪರಿಶಿಷ್ಟ ಪಂಗಡ (ST),G Basavaraj Mandimutt,ಜಿ. ಬಸವರಾಜ್ Mandimutt,BJP,ಬಿಜೆಪಿ (BJP),26517,25.8,Thippeswamy,Thippeswamy,JD(S),ಜೆಡಿಎಸ್ (JD-S),17665,8852,#ff7f0e
1999,48,Hiriyur,ಹಿರಿಯೂರು,hiriyur,hiriyur_assembly_constituency,nan,ಸಾಮಾನ್ಯ,Kh Ranganath,Kh Ranganath,INC,ಕಾಂಗ್ರೆಸ್ (INC),45415,48.0,D Manjunath,ಡಿ. Manjunath,JD(S),ಜೆಡಿಎಸ್ (JD-S),35755,9660,#1f77b4
1999,49,Holalkere,ಹೊಳಲ್ಕೆರೆ,holalkere,holalkere_assembly_constituency,SC,ಪರಿಶಿಷ್ಟ ಜಾತಿ (SC),P Ramesh,ಪಿ. ರಮೇಶ್,BJP,ಬಿಜೆಪಿ (BJP),50121,48.4,Av Umapathi,Av Umapathi,IND,ಪಕ್ಷೇತರ (IND),48666,1455,#ff7f0e
1999,50,Hosadurga,ಹೊಸದುರ್ಗ,hosadurga,hosadurga_assembly_constituency,nan,ಸಾಮಾನ್ಯ,Bg Govindappa,Bg Govindappa,IND,ಪಕ್ಷೇತರ (IND),26372,24.1,Elkal Vijayakumar,Elkal Vijayakumar,IND,ಪಕ್ಷೇತರ (IND),25145,1227,#7f7f7f
1999,51,Pavagada,ಪಾವಗಡ,pavagada,pavagada_assembly_constituency,SC,ಪರಿಶಿಷ್ಟ ಜಾತಿ (SC),Venkataramanappa,Venkataramanappa,INC,ಕಾಂಗ್ರೆಸ್ (INC),65999,53.4,Somlanaika,Somlanaika,JD(U),JD(U),44897,21102,#1f77b4
1999,52,Sira,ಸಿರಾ,sira,sira_assembly_constituency,nan,ಸಾಮಾನ್ಯ,P.M. Ranganath,ಪಿ. ಎಂ. Ranganath,INC,ಕಾಂಗ್ರೆಸ್ (INC),42263,43.7,B. Satyanarayana,ಬಿ. Satyanarayana,JD(S),ಜೆಡಿಎಸ್ (JD-S),16609,25654,#1f77b4
1999,53,Kallambella,Kallambella,kallambella,kallambella_assembly_constituency,nan,ಸಾಮಾನ್ಯ,T.B. Jayachandra,ಟಿ. ಬಿ. Jayachandra,INC,ಕಾಂಗ್ರೆಸ್ (INC),44480,48.0,K.S. Kiran Kumar,ಕೆ. ಎಸ್. Kiran ಕುಮಾರ್,BJP,ಬಿಜೆಪಿ (BJP),37365,7115,#1f77b4
1999,54,Bellavi,Bellavi,bellavi,bellavi_assembly_constituency,nan,ಸಾಮಾನ್ಯ,R. Narayana,ಆರ್. Narayana,INC,ಕಾಂಗ್ರೆಸ್ (INC),43803,46.6,V.N. Murthy,ವಿ. ಎನ್. Murthy,BJP,ಬಿಜೆಪಿ (BJP),19707,24096,#1f77b4
1999,55,Madhugiri,ಮಧುಗಿರಿ,madhugiri,madhugiri_assembly_constituency,nan,ಸಾಮಾನ್ಯ,Dr.G. Parameswar,ಡಾ. ಜಿ. Parameswar,INC,ಕಾಂಗ್ರೆಸ್ (INC),71895,68.3,Gangahanumaiah,Gangahanumaiah,JD(S),ಜೆಡಿಎಸ್ (JD-S),16093,55802,#1f77b4
1999,56,Koratagere,ಕೊರಟಗೆರೆ,koratagere,koratagere_assembly_constituency,SC,ಪರಿಶಿಷ್ಟ ಜಾತಿ (SC),C. Channigappa,ಸಿ. Channigappa,JD(S),ಜೆಡಿಎಸ್ (JD-S),33558,31.7,C. Veerabhadraiah,ಸಿ. Veerabhadraiah,INC,ಕಾಂಗ್ರೆಸ್ (INC),32852,706,#31a354
1999,57,Tumkur,Tumkur,tumkur,tumkur_assembly_constituency,nan,ಸಾಮಾನ್ಯ,S. Shivanna,ಎಸ್. ಶಿವಣ್ಣ,BJP,ಬಿಜೆಪಿ (BJP),60699,47.0,S. Shafi Ahmed,ಎಸ್. Shafi Ahmed,INC,ಕಾಂಗ್ರೆಸ್ (INC),52111,8588,#ff7f0e
1999,58,Kunigal,ಕುಣಿಗಲ್,kunigal,kunigal_assembly_constituency,nan,ಸಾಮಾನ್ಯ,S.P. Muddahanumagowda,ಎಸ್. ಪಿ. Muddahanumagowda,INC,ಕಾಂಗ್ರೆಸ್ (INC),45659,47.4,H. Ningappa,ಎಚ್. Ningappa,JD(S),ಜೆಡಿಎಸ್ (JD-S),42078,3581,#1f77b4
1999,59,Huliyurdurga,Huliyurdurga,huliyurdurga,huliyurdurga_assembly_constituency,nan,ಸಾಮಾನ್ಯ,Y.K. Ramaiah,ವೈ. ಕೆ. Ramaiah,INC,ಕಾಂಗ್ರೆಸ್ (INC),47824,59.8,D. Nagarajaiah,ಡಿ. Nagarajaiah,JD(S),ಜೆಡಿಎಸ್ (JD-S),26259,21565,#1f77b4
1999,60,Gubbi,ಗುಬ್ಬಿ,gubbi,gubbi_assembly_constituency,nan,ಸಾಮಾನ್ಯ,N. Veeranna Gowda,ಎನ್. Veeranna ಗೌಡ,JD(S),ಜೆಡಿಎಸ್ (JD-S),39272,41.9,G.S. Shivananjappa,ಜಿ. ಎಸ್. Shivananjappa,INC,ಕಾಂಗ್ರೆಸ್ (INC),35217,4055,#31a354
1999,61,Turuvekere,ತುರುವೇಕೆರೆ,turuvekere,turuvekere_assembly_constituency,nan,ಸಾಮಾನ್ಯ,M.D. Lakshminarayana (Annaiah),ಎಂ. ಡಿ. Lakshminarayana ( Annaiah ),BJP,ಬಿಜೆಪಿ (BJP),38122,40.5,M.T. Krishnappa,ಎಂ. ಟಿ. Krishnappa,IND,ಪಕ್ಷೇತರ (IND),22790,15332,#ff7f0e
1999,62,Tiptur,ತಿಪಟೂರು,tiptur,tiptur_assembly_constituency,nan,ಸಾಮಾನ್ಯ,K. Shadakshari,ಕೆ. Shadakshari,INC,ಕಾಂಗ್ರೆಸ್ (INC),46489,49.3,B. Nanjamari,ಬಿ. Nanjamari,BJP,ಬಿಜೆಪಿ (BJP),43742,2747,#1f77b4
1999,63,Chiknaikanahalli,Chiknaikanahalli,chiknaikanahalli,chiknaikanahalli_assembly_constituency,nan,ಸಾಮಾನ್ಯ,C.B. Suresh Babu,ಸಿ. ಬಿ. Suresh Babu,JD(S),ಜೆಡಿಎಸ್ (JD-S),43961,49.3,J.C. Madhu Swamy,ಜೆ. ಸಿ. Madhu ಸ್ವಾಮಿ,JD(U),JD(U),29018,14943,#31a354
1999,64,Gauribidanur,ಗೌರಿಬಿದನೂರು,gauribidanur,gauribidanur_assembly_constituency,nan,ಸಾಮಾನ್ಯ,N.H. Shivashankara Reddy,ಎನ್. ಎಚ್. Shivashankara ರೆಡ್ಡಿ,IND,ಪಕ್ಷೇತರ (IND),34541,33.1,S.V. Aswathanarayana Reddy,ಎಸ್. ವಿ. Aswathanarayana ರೆಡ್ಡಿ,INC,ಕಾಂಗ್ರೆಸ್ (INC),33679,862,#7f7f7f
1999,65,Chikballapur,Chikballapur,chikballapur,chikballapur_assembly_constituency,SC,ಪರಿಶಿಷ್ಟ ಜಾತಿ (SC),K.V. Anasuyamma Natarajan,ಕೆ. ವಿ. Anasuyamma Natarajan,INC,ಕಾಂಗ್ರೆಸ್ (INC),39460,40.3,M. Shivananda,ಎಂ. Shivananda,JD(U),JD(U),26132,13328,#1f77b4
1999,66,Sidlaghatta,ಶಿಡ್ಲಘಟ್ಟ,sidlaghatta,sidlaghatta_assembly_constituency,nan,ಸಾಮಾನ್ಯ,B. Muniyappa,ಬಿ. Muniyappa,INC,ಕಾಂಗ್ರೆಸ್ (INC),60514,54.6,S. Munishamappa,ಎಸ್. Munishamappa,JD(U),JD(U),48049,12465,#1f77b4
1999,67,Bagepalli,ಬಾಗೇಪಲ್ಲಿ,bagepalli,bagepalli_assembly_constituency,nan,ಸಾಮಾನ್ಯ,N. Sampangi N,ಎನ್. Sampangi ಎನ್.,IND,ಪಕ್ಷೇತರ (IND),40183,38.0,Sreerama Reddy G V,Sreerama ರೆಡ್ಡಿ ಜಿ. ವಿ.,CPM,ಸಿಪಿಎಂ (CPM),36885,3298,#7f7f7f
1999,68,Chintamani,ಚಿಂತಾಮಣಿ,chintamani,chintamani_assembly_constituency,nan,ಸಾಮಾನ್ಯ,Chowda Reddy,Chowda ರೆಡ್ಡಿ,IND,ಪಕ್ಷೇತರ (IND),58977,51.4,K M Krishna Reddy,ಕೆ. ಎಂ. Krishna ರೆಡ್ಡಿ,JD(U),JD(U),43315,15662,#7f7f7f
1999,69,Srinivasapur,ಶ್ರೀನಿವಾಸಪುರ,srinivasapur,srinivasapur_assembly_constituency,nan,ಸಾಮಾನ್ಯ,G K Venkatashiva Reddy,ಜಿ. ಕೆ. Venkatashiva ರೆಡ್ಡಿ,INC,ಕಾಂಗ್ರೆಸ್ (INC),52490,49.4,Ramesh Kumar,ರಮೇಶ್ ಕುಮಾರ್,IND,ಪಕ್ಷೇತರ (IND),51297,1193,#1f77b4
1999,70,Mulbagal,ಮುಳಬಾಗಿಲು,mulbagal,mulbagal_assembly_constituency,SC,ಪರಿಶಿಷ್ಟ ಜಾತಿ (SC),M V Venkatappa,ಎಂ. ವಿ. Venkatappa,INC,ಕಾಂಗ್ರೆಸ್ (INC),39722,35.1,R. Srinivasan,ಆರ್. Srinivasan,JD(S),ಜೆಡಿಎಸ್ (JD-S),27826,11896,#1f77b4
1999,71,Kolar Gold Fields,Kolar Gold Fields,kolargoldfields,kolar_gold_fields_assembly_constituency,SC,ಪರಿಶಿಷ್ಟ ಜಾತಿ (SC),M. Backthavachalam,ಎಂ. Backthavachalam,ADMK,ADMK,22255,36.8,Dr. K. Thinagaran,ಡಾ. ಕೆ. Thinagaran,BJP,ಬಿಜೆಪಿ (BJP),18508,3747,#64748b
1999,72,Bethamangala,Bethamangala,bethamangala,bethamangala_assembly_constituency,SC,ಪರಿಶಿಷ್ಟ ಜಾತಿ (SC),C Venkateshappa,ಸಿ. Venkateshappa,INC,ಕಾಂಗ್ರೆಸ್ (INC),75844,68.9,M Narayanaswamy,ಎಂ. Narayanaswamy,JD(U),JD(U),32604,43240,#1f77b4
1999,73,Kolar,ಕೋಲಾರ,kolar,kolar_assembly_constituency,nan,ಸಾಮಾನ್ಯ,K Srinivasa Gowda Kudavanhalli,ಕೆ. ಶ್ರೀನಿವಾಸ ಗೌಡ Kudavanhalli,JD(U),JD(U),59017,54.9,Naseer Ahmed,Naseer Ahmed,INC,ಕಾಂಗ್ರೆಸ್ (INC),38004,21013,#64748b
1999,74,Vemgal,Vemgal,vemgal,vemgal_assembly_constituency,nan,ಸಾಮಾನ್ಯ,C Byregowda,ಸಿ. Byregowda,JD(U),JD(U),56449,51.0,V Venkatamuniyappa,ವಿ. Venkatamuniyappa,INC,ಕಾಂಗ್ರೆಸ್ (INC),48892,7557,#64748b
1999,75,Malur,ಮಲೂರು,malur,malur_assembly_constituency,nan,ಸಾಮಾನ್ಯ,A Nagaraju,ಎ. Nagaraju,INC,ಕಾಂಗ್ರೆಸ್ (INC),53762,53.1,S N Ragunatha,ಎಸ್. ಎನ್. Ragunatha,IND,ಪಕ್ಷೇತರ (IND),34474,19288,#1f77b4
1999,76,Malleshwaram,ಮಲ್ಲೇಶ್ವರಂ,malleshwaram,malleshwaram_assembly_constituency,nan,ಸಾಮಾನ್ಯ,Seetharam Mr,Seetharam Mr,INC,ಕಾಂಗ್ರೆಸ್ (INC),39864,47.7,Raghupathy M,Raghupathy ಎಂ.,JD(U),JD(U),21829,18035,#1f77b4
1999,77,Rajajinagar,ರಾಜಾಜಿ ನಗರ,rajajinagar,rajajinagar_assembly_constituency,nan,ಸಾಮಾನ್ಯ,Sureshkumar S,Sureshkumar ಎಸ್.,BJP,ಬಿಜೆಪಿ (BJP),53554,38.8,Narendra Babu Nl,Narendra Babu Nl,IND,ಪಕ್ಷೇತರ (IND),31839,21715,#ff7f0e
1999,78,Gandhinagar,ಗಾಂಧಿ ನಗರ,gandhinagar,gandhinagar_assembly_constituency,nan,ಸಾಮಾನ್ಯ,Dinesh Gundurao,Dinesh Gundurao,INC,ಕಾಂಗ್ರೆಸ್ (INC),15634,25.3,Nagaraj V,Nagaraj ವಿ.,IND,ಪಕ್ಷೇತರ (IND),14519,1115,#1f77b4
1999,79,Chickpet,ಚಿಕ್ಕಪೇಟೆ,chickpet,chickpet_assembly_constituency,nan,ಸಾಮಾನ್ಯ,P C Mohan,ಪಿ. ಸಿ. Mohan,BJP,ಬಿಜೆಪಿ (BJP),20636,39.3,D P Sharma,ಡಿ. ಪಿ. Sharma,INC,ಕಾಂಗ್ರೆಸ್ (INC),15047,5589,#ff7f0e
1999,80,Binnypet,Binnypet,binnypet,binnypet_assembly_constituency,nan,ಸಾಮಾನ್ಯ,Somanna V,Somanna ವಿ.,IND,ಪಕ್ಷೇತರ (IND),73974,40.5,Ashwathanarayana,Ashwathanarayana,BJP,ಬಿಜೆಪಿ (BJP),49736,24238,#7f7f7f
1999,81,Chamarajapet,Chamarajapet,chamarajapet,chamarajapet_assembly_constituency,nan,ಸಾಮಾನ್ಯ,R V Devaraj,ಆರ್. ವಿ. Devaraj,INC,ಕಾಂಗ್ರೆಸ್ (INC),30179,54.1,Pramila Nesargi,Pramila Nesargi,BJP,ಬಿಜೆಪಿ (BJP),19636,10543,#1f77b4
1999,82,Basavanagudi,ಬಸವನಗುಡಿ,basavanagudi,basavanagudi_assembly_constituency,nan,ಸಾಮಾನ್ಯ,K.N Subbareddy,ಕೆ. ಎನ್. Subbareddy,BJP,ಬಿಜೆಪಿ (BJP),41430,48.4,K.M Nagaraj,ಕೆ. ಎಂ. Nagaraj,INC,ಕಾಂಗ್ರೆಸ್ (INC),26086,15344,#ff7f0e
1999,83,Jayanagar,ಜಯನಗರ,jayanagar,jayanagar_assembly_constituency,nan,ಸಾಮಾನ್ಯ,Ramalinga Reddy,ರಾಮಲಿಂಗ ರೆಡ್ಡಿ,INC,ಕಾಂಗ್ರೆಸ್ (INC),67604,48.4,B N Viajayakumar,ಬಿ. ಎನ್. Viajayakumar,BJP,ಬಿಜೆಪಿ (BJP),53673,13931,#1f77b4
1999,84,Shanthinagar,ಶಾಂತಿ ನಗರ,shanthinagar,shanthinagar_assembly_constituency,SC,ಪರಿಶಿಷ್ಟ ಜಾತಿ (SC),M Muniswamy,ಎಂ. Muniswamy,INC,ಕಾಂಗ್ರೆಸ್ (INC),35751,45.9,S.Raghu,ಎಸ್. Raghu,BJP,ಬಿಜೆಪಿ (BJP),28418,7333,#1f77b4
1999,85,Shivajinagar,ಶಿವಾಜಿನಗರ,shivajinagar,shivajinagar_assembly_constituency,nan,ಸಾಮಾನ್ಯ,Katta Subramanya Naidu,Katta Subramanya Naidu,BJP,ಬಿಜೆಪಿ (BJP),28756,57.9,K Govindaraj,ಕೆ. Govindaraj,INC,ಕಾಂಗ್ರೆಸ್ (INC),18203,10553,#ff7f0e
1999,86,Bharathinagar,Bharathinagar,bharathinagar,bharathinagar_assembly_constituency,nan,ಸಾಮಾನ್ಯ,J Alexander,ಜೆ. Alexander,INC,ಕಾಂಗ್ರೆಸ್ (INC),23466,36.6,R Pradeep Kumar Reddy,ಆರ್. Pradeep ಕುಮಾರ್ ರೆಡ್ಡಿ,JD(U),JD(U),13067,10399,#1f77b4
1999,87,Jayamahal,Jayamahal,jayamahal,jayamahal_assembly_constituency,nan,ಸಾಮಾನ್ಯ,R Roshan Baig,ಆರ್. Roshan Baig,INC,ಕಾಂಗ್ರೆಸ್ (INC),41990,45.5,Jeevaraj Alva,Jeevaraj Alva,JD(U),JD(U),36070,5920,#1f77b4
1999,88,Yelahanka,ಯಲಹಂಕ,yelahanka,yelahanka_assembly_constituency,nan,ಸಾಮಾನ್ಯ,B Prasanna Kumar,ಬಿ. Prasanna ಕುಮಾರ್,INC,ಕಾಂಗ್ರೆಸ್ (INC),124593,50.6,C Muniyappa,ಸಿ. Muniyappa,BJP,ಬಿಜೆಪಿ (BJP),85108,39485,#1f77b4
1999,89,Uttarahalli,Uttarahalli,uttarahalli,uttarahalli_assembly_constituency,nan,ಸಾಮಾನ್ಯ,R Ashoka,ಆರ್. Ashoka,BJP,ಬಿಜೆಪಿ (BJP),230914,49.8,S Ramesh,ಎಸ್. ರಮೇಶ್,INC,ಕಾಂಗ್ರೆಸ್ (INC),207009,23905,#ff7f0e
1999,90,Varthur,Varthur,varthur,varthur_assembly_constituency,nan,ಸಾಮಾನ್ಯ,A Krishnappa,ಎ. Krishnappa,INC,ಕಾಂಗ್ರೆಸ್ (INC),109076,51.1,Ashwathnarayana Reddy,Ashwathnarayana ರೆಡ್ಡಿ,JD(U),JD(U),82975,26101,#1f77b4
1999,91,Kanakapura,ಕನಕಪುರ,kanakapura,kanakapura_assembly_constituency,nan,ಸಾಮಾನ್ಯ,Pgr Sindhia,Pgr Sindhia,JD(U),JD(U),48164,48.4,Narayanagowda,Narayanagowda,JD(S),ಜೆಡಿಎಸ್ (JD-S),24436,23728,#64748b
1999,92,Sathanur,Sathanur,sathanur,sathanur_assembly_constituency,nan,ಸಾಮಾನ್ಯ,Dk Shivakumar,Dk ಶಿವಕುಮಾರ್,INC,ಕಾಂಗ್ರೆಸ್ (INC),56050,54.6,H D Kumaraswamy,ಎಚ್. ಡಿ. Kumaraswamy,JD(S),ಜೆಡಿಎಸ್ (JD-S),41663,14387,#1f77b4
1999,93,Channapatna,ಚನ್ನಪಟ್ಟಣ,channapatna,channapatna_assembly_constituency,nan,ಸಾಮಾನ್ಯ,Cp Yogeshwar,Cp Yogeshwar,IND,ಪಕ್ಷೇತರ (IND),50716,46.0,Sadath Ali Khan,Sadath Ali Khan,INC,ಕಾಂಗ್ರೆಸ್ (INC),31888,18828,#7f7f7f
1999,94,Ramanagaram,Ramanagaram,ramanagaram,ramanagaram_assembly_constituency,nan,ಸಾಮಾನ್ಯ,C.M. Lingappa,ಸಿ. ಎಂ. Lingappa,INC,ಕಾಂಗ್ರೆಸ್ (INC),46553,42.1,D. Girigowda,ಡಿ. Girigowda,BJP,ಬಿಜೆಪಿ (BJP),26400,20153,#1f77b4
1999,95,Magadi,ಮಾಗಡಿ,magadi,magadi_assembly_constituency,nan,ಸಾಮಾನ್ಯ,H.M. Revanna,ಎಚ್. ಎಂ. Revanna,INC,ಕಾಂಗ್ರೆಸ್ (INC),52802,48.2,H.C. Balakrishna S/O H.G. Channappa,ಎಚ್. ಸಿ. Balakrishna ಎಸ್. ಓ. ಎಚ್. ಜಿ. Channappa,BJP,ಬಿಜೆಪಿ (BJP),47707,5095,#1f77b4
1999,96,Doddaballapur,ದೊಡ್ಡಬಳ್ಳಾಪುರ,doddaballapur,doddaballapur_assembly_constituency,nan,ಸಾಮಾನ್ಯ,V.Krishnappa,ವಿ. Krishnappa,BJP,ಬಿಜೆಪಿ (BJP),62096,55.3,R.G.Venkatachalaiah S/O R. Girirao,ಆರ್. ಜಿ. Venkatachalaiah ಎಸ್. ಓ. ಆರ್. Girirao,INC,ಕಾಂಗ್ರೆಸ್ (INC),47966,14130,#ff7f0e
1999,97,Nelamangala,ನೆಲಮಂಗಲ,nelamangala,nelamangala_assembly_constituency,SC,ಪರಿಶಿಷ್ಟ ಜಾತಿ (SC),Anjana Murthy,Anjana Murthy,INC,ಕಾಂಗ್ರೆಸ್ (INC),64682,65.1,Dr.M.Shankaranayak,ಡಾ. ಎಂ. Shankaranayak,JD(U),JD(U),30925,33757,#1f77b4
1999,98,Devanahalli,ದೇವನಹಳ್ಳಿ,devanahalli,devanahalli_assembly_constituency,SC,ಪರಿಶಿಷ್ಟ ಜಾತಿ (SC),Muninarasimhaiah,Muninarasimhaiah,INC,ಕಾಂಗ್ರೆಸ್ (INC),61655,46.1,G. Chandranna,ಜಿ. Chandranna,JD(S),ಜೆಡಿಎಸ್ (JD-S),42211,19444,#1f77b4
1999,99,Hosakote,ಹೊಸಕೋಟೆ,hosakote,hosakote_assembly_constituency,nan,ಸಾಮಾನ್ಯ,Bachegowda Bn,Bachegowda Bn,JD(U),JD(U),73055,48.1,Munegowda,Munegowda,INC,ಕಾಂಗ್ರೆಸ್ (INC),65752,7303,#64748b
1999,100,Anekal,ಆನೇಕಲ್,anekal,anekal_assembly_constituency,SC,ಪರಿಶಿಷ್ಟ ಜಾತಿ (SC),A. Narayanaswamy,ಎ. Narayanaswamy,BJP,ಬಿಜೆಪಿ (BJP),63713,45.0,M.P Keshavamurthy S/O Palappa,ಎಂ. ಪಿ. Keshavamurthy ಎಸ್. ಓ. Palappa,INC,ಕಾಂಗ್ರೆಸ್ (INC),62152,1561,#ff7f0e
1999,101,Nagamangala,ನಾಗಮಂಗಲ,nagamangala,nagamangala_assembly_constituency,nan,ಸಾಮಾನ್ಯ,N Chaluvaraya Swamy @ Swamy Gowda,ಎನ್. Chaluvaraya ಸ್ವಾಮಿ ಸ್ವಾಮಿ ಗೌಡ,JD(S),ಜೆಡಿಎಸ್ (JD-S),55643,54.0,Lr Shivaramegowda,Lr Shivaramegowda,INC,ಕಾಂಗ್ರೆಸ್ (INC),40484,15159,#31a354
1999,102,Maddur,ಮದ್ದೂರು,maddur,maddur_assembly_constituency,nan,ಸಾಮಾನ್ಯ,Sm Krishna,Sm Krishna,INC,ಕಾಂಗ್ರೆಸ್ (INC),56907,59.2,M Maheshchand,ಎಂ. Maheshchand,JD(U),JD(U),27448,29459,#1f77b4
1999,103,Kiragaval,Kiragaval,kiragaval,kiragaval_assembly_constituency,nan,ಸಾಮಾನ್ಯ,Dc Thammanna,Dc Thammanna,INC,ಕಾಂಗ್ರೆಸ್ (INC),44523,44.6,Kn Nagegowda,Kn Nagegowda,JD(U),JD(U),43799,724,#1f77b4
1999,104,Malavalli,ಮಳವಳ್ಳಿ,malavalli,malavalli_assembly_constituency,SC,ಪರಿಶಿಷ್ಟ ಜಾತಿ (SC),B.Somashekar,ಬಿ. Somashekar,JD(U),JD(U),27335,29.4,P.M.Narendra Swamy S/O P.L.Mallanna,ಪಿ. ಎಂ. Narendra ಸ್ವಾಮಿ ಎಸ್. ಓ. ಪಿ. ಎಲ್. Mallanna,INC,ಕಾಂಗ್ರೆಸ್ (INC),22054,5281,#64748b
1999,105,Mandya,ಮಂಡ್ಯ,mandya,mandya_assembly_constituency,nan,ಸಾಮಾನ್ಯ,M.S. Athmananda,ಎಂ. ಎಸ್. Athmananda,INC,ಕಾಂಗ್ರೆಸ್ (INC),52703,55.8,M. Srinivas,ಎಂ. ಶ್ರೀನಿವಾಸ್,JD(U),JD(U),34647,18056,#1f77b4
1999,106,Keragodu,Keragodu,keragodu,keragodu_assembly_constituency,nan,ಸಾಮಾನ್ಯ,H.D. Choudaiah,ಎಚ್. ಡಿ. Choudaiah,IND,ಪಕ್ಷೇತರ (IND),35579,42.9,D.B. Ramu,ಡಿ. ಬಿ. Ramu,INC,ಕಾಂಗ್ರೆಸ್ (INC),34543,1036,#7f7f7f
1999,107,Srirangapatna,ಶ್ರೀರಂಗಪಟ್ಟಣ,srirangapatna,srirangapatna_assembly_constituency,nan,ಸಾಮಾನ್ಯ,Parvathamma Srikantaiah,Parvathamma Srikantaiah,INC,ಕಾಂಗ್ರೆಸ್ (INC),47866,47.4,K.S. Nanjundegowda,ಕೆ. ಎಸ್. Nanjundegowda,KRRS,KRRS,25273,22593,#1f77b4
1999,108,Pandavapura,Pandavapura,pandavapura,pandavapura_assembly_constituency,nan,ಸಾಮಾನ್ಯ,K. Kempegowda,ಕೆ. Kempegowda,INC,ಕಾಂಗ್ರೆಸ್ (INC),41661,38.3,K.S. Puttaramaih,ಕೆ. ಎಸ್. Puttaramaih,KRRS,KRRS,33803,7858,#1f77b4
1999,109,Krishnarajapete,Krishnarajapete,krishnarajapete,krishnarajapete_assembly_constituency,nan,ಸಾಮಾನ್ಯ,K.B. Chandrashekar,ಕೆ. ಬಿ. Chandrashekar,INC,ಕಾಂಗ್ರೆಸ್ (INC),45683,43.3,B.L. Devaraju,ಬಿ. ಎಲ್. Devaraju,JD(S),ಜೆಡಿಎಸ್ (JD-S),28802,16881,#1f77b4
1999,110,Hanur,ಹನೂರು,hanur,hanur_assembly_constituency,nan,ಸಾಮಾನ್ಯ,G. Rajugowda,ಜಿ. Rajugowda,INC,ಕಾಂಗ್ರೆಸ್ (INC),62314,56.3,H Nagappa,ಎಚ್. Nagappa,JD(U),JD(U),46102,16212,#1f77b4
1999,111,Kollegal,ಕೊಳ್ಳೇಗಾಲ,kollegal,kollegal_assembly_constituency,SC,ಪರಿಶಿಷ್ಟ ಜಾತಿ (SC),G.N.Nanjunda Swamy,ಜಿ. ಎನ್. Nanjunda ಸ್ವಾಮಿ,INC,ಕಾಂಗ್ರೆಸ್ (INC),29671,35.2,S.Balaraj,ಎಸ್. Balaraj,BJP,ಬಿಜೆಪಿ (BJP),24250,5421,#1f77b4
1999,112,Bannur,Bannur,bannur,bannur_assembly_constituency,nan,ಸಾಮಾನ್ಯ,K.M.Chikkamada Naik,ಕೆ. ಎಂ. Chikkamada ನಾಯಕ್,INC,ಕಾಂಗ್ರೆಸ್ (INC),45706,49.0,S.Krishnappa,ಎಸ್. Krishnappa,JD(S),ಜೆಡಿಎಸ್ (JD-S),19060,26646,#1f77b4
1999,113,T.Narasipur,ಟಿ. Narasipur,tnarasipur,tnarasipur_assembly_constituency,SC,ಪರಿಶಿಷ್ಟ ಜಾತಿ (SC),Dr.Bharathi Shankar,ಡಾ. Bharathi Shankar,BJP,ಬಿಜೆಪಿ (BJP),28858,34.3,H.C. Mahadevappa,ಎಚ್. ಸಿ. ಮಹಾದೇವಪ್ಪ,JD(S),ಜೆಡಿಎಸ್ (JD-S),21372,7486,#ff7f0e
1999,114,Krishnaraja,Krishnaraja,krishnaraja,krishnaraja_assembly_constituency,nan,ಸಾಮಾನ್ಯ,A.Ramadas,ಎ. Ramadas,BJP,ಬಿಜೆಪಿ (BJP),29813,45.7,M. K.Somashekar,ಎಂ. ಕೆ. Somashekar,JD(S),ಜೆಡಿಎಸ್ (JD-S),20061,9752,#ff7f0e
1999,115,Chamaraja,ಚಾಮರಾಜ,chamaraja,chamaraja_assembly_constituency,nan,ಸಾಮಾನ್ಯ,H.S. Shankaralinge Gowda,ಎಚ್. ಎಸ್. Shankaralinge ಗೌಡ,BJP,ಬಿಜೆಪಿ (BJP),48733,55.7,Vasu,Vasu,INC,ಕಾಂಗ್ರೆಸ್ (INC),26412,22321,#ff7f0e
1999,116,Narasimharaja,ನರಸಿಂಹರಾಜ,narasimharaja,narasimharaja_assembly_constituency,nan,ಸಾಮಾನ್ಯ,Azeez Sait,Azeez ಸೇಟ್,INC,ಕಾಂಗ್ರೆಸ್ (INC),56485,50.5,E.Maruthi Rao Pawar,ಇ. Maruthi ರಾವ್ Pawar,BJP,ಬಿಜೆಪಿ (BJP),42516,13969,#1f77b4
1999,117,Chamundeswari,Chamundeswari,chamundeswari,chamundeswari_assembly_constituency,nan,ಸಾಮಾನ್ಯ,A.S. Guruswamy,ಎ. ಎಸ್. Guruswamy,INC,ಕಾಂಗ್ರೆಸ್ (INC),57107,34.4,Siddaramaiah,ಸಿದ್ದರಾಮಯ್ಯ,JD(S),ಜೆಡಿಎಸ್ (JD-S),50907,6200,#1f77b4
1999,118,Nanjangud,ನಂಜನಗೂಡು,nanjangud,nanjangud_assembly_constituency,SC,ಪರಿಶಿಷ್ಟ ಜಾತಿ (SC),M. Mahadev,ಎಂ. Mahadev,INC,ಕಾಂಗ್ರೆಸ್ (INC),34701,36.8,D.T.Jayakumar,ಡಿ. ಟಿ. Jayakumar,JD(S),ಜೆಡಿಎಸ್ (JD-S),26703,7998,#1f77b4
1999,119,Santhemarahalli,Santhemarahalli,santhemarahalli,santhemarahalli_assembly_constituency,SC,ಪರಿಶಿಷ್ಟ ಜಾತಿ (SC),A.R.Krishnamurthy,ಎ. ಆರ್. Krishnamurthy,JD(U),JD(U),33977,41.9,R.Dhruvananarayana,ಆರ್. Dhruvananarayana,BJP,ಬಿಜೆಪಿ (BJP),28071,5906,#64748b
1999,120,Chamarajanagar,ಚಾಮರಾಜನಗರ,chamarajanagar,chamarajanagar_assembly_constituency,nan,ಸಾಮಾನ್ಯ,C Guruswamy,ಸಿ. Guruswamy,BJP,ಬಿಜೆಪಿ (BJP),46300,43.8,Vatal Nagaraj,Vatal Nagaraj,KCVP,KCVP,28781,17519,#ff7f0e
1999,121,Gundlupet,ಗುಂಡ್ಲುಪೇಟೆ,gundlupet,gundlupet_assembly_constituency,nan,ಸಾಮಾನ್ಯ,Hs Mahadeva Prasad,Hs Mahadeva Prasad,JD(U),JD(U),46757,45.3,Hs Nanjappa,Hs Nanjappa,INC,ಕಾಂಗ್ರೆಸ್ (INC),21776,24981,#64748b
1999,122,Heggadadevanakote,Heggadadevanakote,heggadadevanakote,heggadadevanakote_assembly_constituency,SC,ಪರಿಶಿಷ್ಟ ಜಾತಿ (SC),M Shivanna,ಎಂ. ಶಿವಣ್ಣ,INC,ಕಾಂಗ್ರೆಸ್ (INC),45136,39.6,M P Venkatesh,ಎಂ. ಪಿ. Venkatesh,IND,ಪಕ್ಷೇತರ (IND),29268,15868,#1f77b4
1999,123,Hunasuru,Hunasuru,hunasuru,hunasuru_assembly_constituency,nan,ಸಾಮಾನ್ಯ,V Papanna,ವಿ. Papanna,BJP,ಬಿಜೆಪಿ (BJP),35046,28.6,Chikkamadu S,Chikkamadu ಎಸ್.,IND,ಪಕ್ಷೇತರ (IND),32256,2790,#ff7f0e
1999,124,Krishnarajanagara,Krishnarajanagara,krishnarajanagara,krishnarajanagara_assembly_constituency,nan,ಸಾಮಾನ್ಯ,H Vishwanatha,ಎಚ್. Vishwanatha,INC,ಕಾಂಗ್ರೆಸ್ (INC),58161,53.9,Mahadeva,Mahadeva,JD(S),ಜೆಡಿಎಸ್ (JD-S),25168,32993,#1f77b4
1999,125,Periyapatna,ಪಿರಿಯಾಪಟ್ಟಣ,periyapatna,periyapatna_assembly_constituency,nan,ಸಾಮಾನ್ಯ,H C Basavaraju,ಎಚ್. ಸಿ. Basavaraju,BJP,ಬಿಜೆಪಿ (BJP),43399,34.9,K S Kalamarigowda,ಕೆ. ಎಸ್. Kalamarigowda,INC,ಕಾಂಗ್ರೆಸ್ (INC),40320,3079,#ff7f0e
1999,126,Virajpet,ವಿರಾಜಪೇಟೆ,virajpet,virajpet_assembly_constituency,nan,ಸಾಮಾನ್ಯ,Suma Vasantha,Suma Vasantha,INC,ಕಾಂಗ್ರೆಸ್ (INC),29136,49.0,Basavaraju Md,Basavaraju Md,BJP,ಬಿಜೆಪಿ (BJP),24867,4269,#1f77b4
1999,127,Madikere,Madikere,madikere,madikere_assembly_constituency,nan,ಸಾಮಾನ್ಯ,Mundanda M Nanaiah,Mundanda ಎಂ. Nanaiah,INC,ಕಾಂಗ್ರೆಸ್ (INC),26052,34.5,Dambekodi S Madappa,Dambekodi ಎಸ್. Madappa,IND,ಪಕ್ಷೇತರ (IND),21432,4620,#1f77b4
1999,128,Somwarpet,Somwarpet,somwarpet,somwarpet_assembly_constituency,nan,ಸಾಮಾನ್ಯ,Appachu Ranjan M.P.,Appachu Ranjan ಎಂ. ಪಿ.,BJP,ಬಿಜೆಪಿ (BJP),35768,39.1,Jeevijaya,Jeevijaya,IND,ಪಕ್ಷೇತರ (IND),32195,3573,#ff7f0e
1999,129,Belur,ಬೇಲೂರು,belur,belur_assembly_constituency,nan,ಸಾಮಾನ್ಯ,Sh Puttaranganath,Sh Puttaranganath,BJP,ಬಿಜೆಪಿ (BJP),32770,37.9,D Mallesh,ಡಿ. Mallesh,INC,ಕಾಂಗ್ರೆಸ್ (INC),31724,1046,#ff7f0e
1999,130,Arsikere,ಅರಸೀಕೆರೆ,arsikere,arsikere_assembly_constituency,nan,ಸಾಮಾನ್ಯ,Gv Siddappa,Gv Siddappa,INC,ಕಾಂಗ್ರೆಸ್ (INC),43224,42.9,Basavaraju As,Basavaraju As,BJP,ಬಿಜೆಪಿ (BJP),32235,10989,#1f77b4
1999,131,Gandsi,Gandsi,gandsi,gandsi_assembly_constituency,nan,ಸಾಮಾನ್ಯ,B Shivaramu,ಬಿ. Shivaramu,INC,ಕಾಂಗ್ರೆಸ್ (INC),62530,62.4,Rajeshakarappa,Rajeshakarappa,JD(S),ಜೆಡಿಎಸ್ (JD-S),21455,41075,#1f77b4
1999,132,Sravanabelagola,Sravanabelagola,sravanabelagola,sravanabelagola_assembly_constituency,nan,ಸಾಮಾನ್ಯ,Hc Srikantaiah @ Annaiah,Hc Srikantaiah Annaiah,INC,ಕಾಂಗ್ರೆಸ್ (INC),65624,51.1,Cs Putte Gowda,Cs Putte ಗೌಡ,JD(S),ಜೆಡಿಎಸ್ (JD-S),42576,23048,#1f77b4
1999,133,Holenarasipur,ಹೊಳೆನರಸೀಪುರ,holenarasipur,holenarasipur_assembly_constituency,nan,ಸಾಮಾನ್ಯ,A Doddegowda,ಎ. Doddegowda,INC,ಕಾಂಗ್ರೆಸ್ (INC),67151,57.5,Hd Revanna,Hd Revanna,JD(S),ಜೆಡಿಎಸ್ (JD-S),44964,22187,#1f77b4
1999,134,Arkalgud,ಅರಕಲಗೂಡು,arkalgud,arkalgud_assembly_constituency,nan,ಸಾಮಾನ್ಯ,A Manju,ಎ. ಮಂಜು,BJP,ಬಿಜೆಪಿ (BJP),53732,53.1,At Ramaswamy,At Ramaswamy,INC,ಕಾಂಗ್ರೆಸ್ (INC),38187,15545,#ff7f0e
1999,135,Hassan,ಹಾಸನ,hassan,hassan_assembly_constituency,nan,ಸಾಮಾನ್ಯ,K.H.Hanumegowda,ಕೆ. ಎಚ್. Hanumegowda,BJP,ಬಿಜೆಪಿ (BJP),40378,34.1,K.M.Rajegowda,ಕೆ. ಎಂ. Rajegowda,INC,ಕಾಂಗ್ರೆಸ್ (INC),34774,5604,#ff7f0e
1999,136,Sakleshpur,ಸಕಲೇಶಪುರ,sakleshpur,sakleshpur_assembly_constituency,SC,ಪರಿಶಿಷ್ಟ ಜಾತಿ (SC),B.B.Shivappa,ಬಿ. ಬಿ. Shivappa,BJP,ಬಿಜೆಪಿ (BJP),31702,30.8,B.R.Gurudev,ಬಿ. ಆರ್. Gurudev,INC,ಕಾಂಗ್ರೆಸ್ (INC),30358,1344,#ff7f0e
1999,137,Sullia,ಸುಳ್ಯ,sullia,sullia_assembly_constituency,SC,ಪರಿಶಿಷ್ಟ ಜಾತಿ (SC),Angara.S,Angara ಎಸ್.,BJP,ಬಿಜೆಪಿ (BJP),54814,52.5,K Kushala,ಕೆ. Kushala,INC,ಕಾಂಗ್ರೆಸ್ (INC),47817,6997,#ff7f0e
1999,138,Puttur,ಪುತ್ತೂರು,puttur,puttur_assembly_constituency,nan,ಸಾಮಾನ್ಯ,Dv Sadananda Gowda,Dv Sadananda ಗೌಡ,BJP,ಬಿಜೆಪಿ (BJP),62306,52.9,N Sudhakar Shetty,ಎನ್. Sudhakar Shetty,INC,ಕಾಂಗ್ರೆಸ್ (INC),55013,7293,#ff7f0e
1999,139,Vittal,Vittal,vittal,vittal_assembly_constituency,nan,ಸಾಮಾನ್ಯ,Km Ibrahim,Km Ibrahim,INC,ಕಾಂಗ್ರೆಸ್ (INC),54268,50.2,A Rukmaya Poojari,ಎ. Rukmaya Poojari,BJP,ಬಿಜೆಪಿ (BJP),52093,2175,#1f77b4
1999,140,Belthangady,ಬೆಳ್ತಂಗಡಿ,belthangady,belthangady_assembly_constituency,nan,ಸಾಮಾನ್ಯ,K Prabhakara Bangera,ಕೆ. Prabhakara Bangera,BJP,ಬಿಜೆಪಿ (BJP),45042,41.5,K Gangadharagowda,ಕೆ. Gangadharagowda,INC,ಕಾಂಗ್ರೆಸ್ (INC),39781,5261,#ff7f0e
1999,141,Bantwal,Bantwal,bantwal,bantwal_assembly_constituency,nan,ಸಾಮಾನ್ಯ,B Ramanath Rai,ಬಿ. Ramanath Rai,INC,ಕಾಂಗ್ರೆಸ್ (INC),49905,57.0,Shakunthala T Shetty,Shakunthala ಟಿ. Shetty,BJP,ಬಿಜೆಪಿ (BJP),36084,13821,#1f77b4
1999,142,Mangalore,ಮಂಗಳೂರು,mangalore,mangalore_assembly_constituency,nan,ಸಾಮಾನ್ಯ,N Yogish Bhat,ಎನ್. Yogish Bhat,BJP,ಬಿಜೆಪಿ (BJP),34628,54.8,Blasius M.Dsouza,Blasius ಎಂ. Dsouza,INC,ಕಾಂಗ್ರೆಸ್ (INC),28116,6512,#ff7f0e
1999,143,Ullal,Ullal,ullal,ullal_assembly_constituency,nan,ಸಾಮಾನ್ಯ,Ut Fareed,Ut Fareed,INC,ಕಾಂಗ್ರೆಸ್ (INC),50134,53.8,K Jayarama Shetty,ಕೆ. Jayarama Shetty,BJP,ಬಿಜೆಪಿ (BJP),34881,15253,#1f77b4
1999,144,Surathkal,Surathkal,surathkal,surathkal_assembly_constituency,nan,ಸಾಮಾನ್ಯ,Vijaya Kumar Shetty,Vijaya ಕುಮಾರ್ Shetty,INC,ಕಾಂಗ್ರೆಸ್ (INC),53749,52.7,Kumble Sundararao,Kumble Sundararao,BJP,ಬಿಜೆಪಿ (BJP),46760,6989,#1f77b4
1999,145,Kaup,ಕಾಪು,kaup,kaup_assembly_constituency,nan,ಸಾಮಾನ್ಯ,Vasanth V Salian,Vasanth ವಿ. Salian,INC,ಕಾಂಗ್ರೆಸ್ (INC),31151,47.5,Lalaji R Mendon,Lalaji ಆರ್. Mendon,BJP,ಬಿಜೆಪಿ (BJP),27653,3498,#1f77b4
1999,146,Udupi,ಉಡುಪಿ,udupi,udupi_assembly_constituency,nan,ಸಾಮಾನ್ಯ,Sabhapathi Ur,Sabhapathi Ur,INC,ಕಾಂಗ್ರೆಸ್ (INC),41018,49.0,B Sudhakar Shetty,ಬಿ. Sudhakar Shetty,BJP,ಬಿಜೆಪಿ (BJP),40308,710,#1f77b4
1999,147,Brahmavar,Brahmavar,brahmavar,brahmavar_assembly_constituency,nan,ಸಾಮಾನ್ಯ,"Jayaprakash Hegde, K.",Jayaprakash ಹೆಗಡೆ ಕೆ.,IND,ಪಕ್ಷೇತರ (IND),32429,38.1,Sarala B Kanchan,Sarala ಬಿ. Kanchan,INC,ಕಾಂಗ್ರೆಸ್ (INC),27666,4763,#7f7f7f
1999,148,Coondapur,Coondapur,coondapur,coondapur_assembly_constituency,nan,ಸಾಮಾನ್ಯ,Halady Srinivasa Shetty,Halady ಶ್ರೀನಿವಾಸ Shetty,BJP,ಬಿಜೆಪಿ (BJP),48051,50.1,K Prathapchandra Shetty,ಕೆ. Prathapchandra Shetty,INC,ಕಾಂಗ್ರೆಸ್ (INC),47030,1021,#ff7f0e
1999,149,Baindur,Baindur,baindur,baindur_assembly_constituency,nan,ಸಾಮಾನ್ಯ,K Gopala Poojary,ಕೆ. Gopala ಪೂಜಾರಿ,INC,ಕಾಂಗ್ರೆಸ್ (INC),46075,52.8,K Laxminarayana,ಕೆ. Laxminarayana,BJP,ಬಿಜೆಪಿ (BJP),40693,5382,#1f77b4
1999,150,Karkala,ಕಾರ್ಕಳ,karkala,karkala_assembly_constituency,nan,ಸಾಮಾನ್ಯ,H Gopala Bhandary,ಎಚ್. Gopala Bhandary,INC,ಕಾಂಗ್ರೆಸ್ (INC),49591,62.7,Kp Shenoy,Kp Shenoy,BJP,ಬಿಜೆಪಿ (BJP),28857,20734,#1f77b4
1999,151,Moodabidri,ಮೂಡಬಿದಿರೆ,moodabidri,moodabidri_assembly_constituency,nan,ಸಾಮಾನ್ಯ,K Abhayachandra,ಕೆ. Abhayachandra,INC,ಕಾಂಗ್ರೆಸ್ (INC),35588,50.8,Amarnatha Shetty K,Amarnatha Shetty ಕೆ.,JD(U),JD(U),31398,4190,#1f77b4
1999,152,Sringeri,ಶೃಂಗೇರಿ,sringeri,sringeri_assembly_constituency,nan,ಸಾಮಾನ್ಯ,Db Chandre Gowda,Db Chandre ಗೌಡ,INC,ಕಾಂಗ್ರೆಸ್ (INC),46579,51.1,Dn Jeevaraj,Dn Jeevaraj,BJP,ಬಿಜೆಪಿ (BJP),42008,4571,#1f77b4
1999,153,Mudigere,ಮೂಡಿಗೆರೆ,mudigere,mudigere_assembly_constituency,SC,ಪರಿಶಿಷ್ಟ ಜಾತಿ (SC),Motamma,Motamma,INC,ಕಾಂಗ್ರೆಸ್ (INC),40574,51.8,Mp Kumaraswamy,Mp Kumaraswamy,BJP,ಬಿಜೆಪಿ (BJP),24258,16316,#1f77b4
1999,154,Chikmagalur,ಚಿಕ್ಕಮಗಳೂರು,chikmagalur,chikmagalur_assembly_constituency,nan,ಸಾಮಾನ್ಯ,Cr Sageer Ahmed,Cr Sageer Ahmed,INC,ಕಾಂಗ್ರೆಸ್ (INC),25707,30.9,Ct Ravi,Ct Ravi,BJP,ಬಿಜೆಪಿ (BJP),24725,982,#1f77b4
1999,155,Birur,Birur,birur,birur_assembly_constituency,nan,ಸಾಮಾನ್ಯ,Kb Mallikarjuna,Kb Mallikarjuna,JD(U),JD(U),29864,37.3,Sr Laxmaiah,Sr Laxmaiah,JD(S),ಜೆಡಿಎಸ್ (JD-S),24879,4985,#64748b
1999,156,Kadur,ಕಡೂರು,kadur,kadur_assembly_constituency,nan,ಸಾಮಾನ್ಯ,Km Krishna Murthy,Km Krishna Murthy,JD(S),ಜೆಡಿಎಸ್ (JD-S),31240,35.7,M Marulasiddappa,ಎಂ. Marulasiddappa,IND,ಪಕ್ಷೇತರ (IND),26435,4805,#31a354
1999,157,Tarikere,ತಾರೀಕೆರೆ,tarikere,tarikere_assembly_constituency,nan,ಸಾಮಾನ್ಯ,Br Neelakantappa,Br Neelakantappa,INC,ಕಾಂಗ್ರೆಸ್ (INC),47825,48.4,Sm Nagaraju,Sm Nagaraju,JD(U),JD(U),25390,22435,#1f77b4
1999,158,Channagiri,ಚನ್ನಗಿರಿ,channagiri,channagiri_assembly_constituency,nan,ಸಾಮಾನ್ಯ,Vadanal Rajanna,Vadanal Rajanna,IND,ಪಕ್ಷೇತರ (IND),48778,49.7,Mohibulla Khan,Mohibulla Khan,INC,ಕಾಂಗ್ರೆಸ್ (INC),22239,26539,#7f7f7f
1999,159,Holehonnur,Holehonnur,holehonnur,holehonnur_assembly_constituency,SC,ಪರಿಶಿಷ್ಟ ಜಾತಿ (SC),Kariyanna,Kariyanna,INC,ಕಾಂಗ್ರೆಸ್ (INC),44512,46.1,Basavannappa,Basavannappa,JD(U),JD(U),29123,15389,#1f77b4
1999,160,Bhadravathi,Bhadravathi,bhadravathi,bhadravathi_assembly_constituency,nan,ಸಾಮಾನ್ಯ,Appaji M.J.,Appaji ಎಂ. ಜೆ.,IND,ಪಕ್ಷೇತರ (IND),43923,44.3,Bk Sangameshwara,Bk Sangameshwara,INC,ಕಾಂಗ್ರೆಸ್ (INC),36537,7386,#7f7f7f
1999,161,Honnali,ಹೊನ್ನಾಳಿ,honnali,honnali_assembly_constituency,nan,ಸಾಮಾನ್ಯ,D.G. Shantana Gowda,ಡಿ. ಜಿ. Shantana ಗೌಡ,IND,ಪಕ್ಷೇತರ (IND),56149,52.2,H.B. Krishnamurthy,ಎಚ್. ಬಿ. Krishnamurthy,INC,ಕಾಂಗ್ರೆಸ್ (INC),27156,28993,#7f7f7f
1999,162,Shimoga,ಶಿವಮೊಗ್ಗ,shimoga,shimoga_assembly_constituency,nan,ಸಾಮಾನ್ಯ,Chandrashekarappa H.M,Chandrashekarappa ಎಚ್. ಎಂ.,INC,ಕಾಂಗ್ರೆಸ್ (INC),59490,50.0,Eshwarappa,ಈಶ್ವರಪ್ಪ,BJP,ಬಿಜೆಪಿ (BJP),52916,6574,#1f77b4
1999,163,Tirthahalli,ತೀರ್ಥಹಳ್ಳಿ,tirthahalli,tirthahalli_assembly_constituency,nan,ಸಾಮಾನ್ಯ,Araga Jnanendra,Araga Jnanendra,BJP,ಬಿಜೆಪಿ (BJP),33778,37.9,Kimmane Rathnakar,Kimmane Rathnakar,JD(S),ಜೆಡಿಎಸ್ (JD-S),29676,4102,#ff7f0e
1999,164,Hosanagar,Hosanagar,hosanagar,hosanagar_assembly_constituency,nan,ಸಾಮಾನ್ಯ,Dr. G.D. Narayanappa,ಡಾ. ಜಿ. ಡಿ. Narayanappa,INC,ಕಾಂಗ್ರೆಸ್ (INC),49535,45.8,G. Nanjundappa,ಜಿ. Nanjundappa,JD(U),JD(U),38204,11331,#1f77b4
1999,165,Sagar,ಸಾಗರ,sagar,sagar_assembly_constituency,nan,ಸಾಮಾನ್ಯ,Kagodu Thimmappa,Kagodu Thimmappa,INC,ಕಾಂಗ್ರೆಸ್ (INC),50797,53.1,Lt Thimmappa Hegde,Lt Thimmappa ಹೆಗಡೆ,BJP,ಬಿಜೆಪಿ (BJP),32730,18067,#1f77b4
1999,166,Sorab,ಸೊರಬ,sorab,sorab_assembly_constituency,nan,ಸಾಮಾನ್ಯ,S Kumara Bangarappa,ಎಸ್. Kumara Bangarappa,INC,ಕಾಂಗ್ರೆಸ್ (INC),38773,43.9,K B Prakash,ಕೆ. ಬಿ. ಪ್ರಕಾಶ್,IND,ಪಕ್ಷೇತರ (IND),26278,12495,#1f77b4
1999,167,Shikaripura,ಶಿಕಾರಿಪುರ,shikaripura,shikaripura_assembly_constituency,nan,ಸಾಮಾನ್ಯ,Mahalingappa,ಮಹಾಲಿಂಗಪ್ಪ,INC,ಕಾಂಗ್ರೆಸ್ (INC),55852,52.5,B S Yeddyurappa,ಬಿ. ಎಸ್. Yeddyurappa,BJP,ಬಿಜೆಪಿ (BJP),48291,7561,#1f77b4
1999,168,Sirsi,ಶಿರಸಿ,sirsi,sirsi_assembly_constituency,nan,ಸಾಮಾನ್ಯ,Vivekananda Vaidya,Vivekananda Vaidya,BJP,ಬಿಜೆಪಿ (BJP),42813,44.4,Gopal Mukund Kanade,Gopal Mukund Kanade,INC,ಕಾಂಗ್ರೆಸ್ (INC),30301,12512,#ff7f0e
1999,169,Bhatkal,ಭಟ್ಕಳ,bhatkal,bhatkal_assembly_constituency,nan,ಸಾಮಾನ್ಯ,J.D.Naik,ಜೆ. ಡಿ. ನಾಯಕ್,INC,ಕಾಂಗ್ರೆಸ್ (INC),42004,47.0,Shivananda Naik,Shivananda ನಾಯಕ್,BJP,ಬಿಜೆಪಿ (BJP),39567,2437,#1f77b4
1999,170,Kumta,ಕುಮಟಾ,kumta,kumta_assembly_constituency,nan,ಸಾಮಾನ್ಯ,Mohan K Shetty,Mohan ಕೆ. Shetty,INC,ಕಾಂಗ್ರೆಸ್ (INC),45315,51.2,Dr.Karki Mp,ಡಾ. Karki Mp,BJP,ಬಿಜೆಪಿ (BJP),32940,12375,#1f77b4
1999,171,Ankola,Ankola,ankola,ankola_assembly_constituency,nan,ಸಾಮಾನ್ಯ,Vishveshwar Hegde Kageri,Vishveshwar ಹೆಗಡೆ Kageri,BJP,ಬಿಜೆಪಿ (BJP),41500,50.6,Umesh Shankar Bhat,ಉಮೇಶ್ Shankar Bhat,INC,ಕಾಂಗ್ರೆಸ್ (INC),33259,8241,#ff7f0e
1999,172,Karwar,ಕಾರವಾರ,karwar,karwar_assembly_constituency,nan,ಸಾಮಾನ್ಯ,Asnotikar Vasanth Kamalakar,Asnotikar Vasanth Kamalakar,INC,ಕಾಂಗ್ರೆಸ್ (INC),42502,57.2,Prabhakar Rane,Prabhakar Rane,BJP,ಬಿಜೆಪಿ (BJP),28546,13956,#1f77b4
1999,173,Haliyal,ಹಳಿಯಾಳ,haliyal,haliyal_assembly_constituency,nan,ಸಾಮಾನ್ಯ,Rv Deshpande,Rv Deshpande,INC,ಕಾಂಗ್ರೆಸ್ (INC),63207,54.6,Sk Gouda,Sk Gouda,JD(U),JD(U),49483,13724,#1f77b4
1999,174,Dharwad Rural,Dharwad Rural,dharwadrural,dharwad_rural_assembly_constituency,nan,ಸಾಮಾನ್ಯ,Ambadagatti Shivanand Rudrappa,Ambadagatti Shivanand Rudrappa,IND,ಪಕ್ಷೇತರ (IND),30375,34.9,Shivanand Shivagoud Holehadagali,Shivanand Shivagoud Holehadagali,BJP,ಬಿಜೆಪಿ (BJP),27473,2902,#7f7f7f
1999,175,Dharwad,ಧಾರವಾಡ,dharwad,dharwad_assembly_constituency,nan,ಸಾಮಾನ್ಯ,Bellad Chandrakant Gurappa,Bellad Chandrakant Gurappa,BJP,ಬಿಜೆಪಿ (BJP),47638,47.2,Sr Morey,Sr Morey,INC,ಕಾಂಗ್ರೆಸ್ (INC),46650,988,#ff7f0e
1999,176,Hubli,Hubli,hubli,hubli_assembly_constituency,nan,ಸಾಮಾನ್ಯ,Honnalli Jabarkhan Haiyat Khan,Honnalli Jabarkhan Haiyat Khan,INC,ಕಾಂಗ್ರೆಸ್ (INC),34019,40.8,Ashok Katwe,Ashok Katwe,BJP,ಬಿಜೆಪಿ (BJP),32270,1749,#1f77b4
1999,177,Hubli Rural,Hubli Rural,hublirural,hubli_rural_assembly_constituency,nan,ಸಾಮಾನ್ಯ,Jagadish Shettar,Jagadish ಶೆಟ್ಟರ್,BJP,ಬಿಜೆಪಿ (BJP),62691,53.5,Gopinath Rangaswamy Sandra,Gopinath Rangaswamy Sandra,INC,ಕಾಂಗ್ರೆಸ್ (INC),37437,25254,#ff7f0e
1999,178,Kalghatgi,ಕಲಘಟಗಿ,kalghatgi,kalghatgi_assembly_constituency,nan,ಸಾಮಾನ್ಯ,Chikkanagoudra Siddana Gouda Ishwara Gouda,Chikkanagoudra Siddana Gouda Ishwara Gouda,BJP,ಬಿಜೆಪಿ (BJP),32977,36.1,Babusab Kashimasab Kashimanavar,Babusab Kashimasab Kashimanavar,IND,ಪಕ್ಷೇತರ (IND),29265,3712,#ff7f0e
1999,179,Kundgol,ಕುಂದಗೋಳ,kundgol,kundgol_assembly_constituency,nan,ಸಾಮಾನ್ಯ,Shivalli Channabasappa Satyappa,Shivalli Channabasappa Satyappa,IND,ಪಕ್ಷೇತರ (IND),30692,35.3,Akkimallikarjun Sahadevappa,Akkimallikarjun Sahadevappa,JD(U),JD(U),20184,10508,#7f7f7f
1999,180,Shiggaon,ಶಿಗ್ಗಾಂವಿ,shiggaon,shiggaon_assembly_constituency,nan,ಸಾಮಾನ್ಯ,Khadri Syed Azempeer Syed Kadar Basha,Khadri Syed Azempeer Syed Kadar Basha,JD(S),ಜೆಡಿಎಸ್ (JD-S),28725,29.6,Shankaragouda Basannagouda Patil,Shankaragouda Basannagouda ಪಾಟೀಲ್,BJP,ಬಿಜೆಪಿ (BJP),27084,1641,#31a354
1999,181,Hanagal,Hanagal,hanagal,hanagal_assembly_constituency,nan,ಸಾಮಾನ್ಯ,Manohar H Tahasildar,Manohar ಎಚ್. Tahasildar,INC,ಕಾಂಗ್ರೆಸ್ (INC),59628,55.4,Udasi Cm,Udasi Cm,JD(U),JD(U),44370,15258,#1f77b4
1999,182,Hirekerur,ಹಿರೇಕೆರೂರು,hirekerur,hirekerur_assembly_constituency,nan,ಸಾಮಾನ್ಯ,Bh Rannikod,Bh Rannikod,IND,ಪಕ್ಷೇತರ (IND),34160,35.5,Ub Banakar,Ub Banakar,BJP,ಬಿಜೆಪಿ (BJP),30232,3928,#7f7f7f
1999,183,Ranibennur,ರಾಣೆಬೆನ್ನೂರು,ranibennur,ranibennur_assembly_constituency,nan,ಸಾಮಾನ್ಯ,Koliwadi Krishnappa Bhimappa,Koliwadi Krishnappa Bhimappa,INC,ಕಾಂಗ್ರೆಸ್ (INC),50958,50.2,Tilavalli Shivanna Gurappa,Tilavalli ಶಿವಣ್ಣ Gurappa,JD(U),JD(U),45460,5498,#1f77b4
1999,184,Byadgi,ಬ್ಯಾಡಗಿ,byadgi,byadgi_assembly_constituency,nan,ಸಾಮಾನ್ಯ,Lamani Rudrappa Manappa,Lamani Rudrappa Manappa,INC,ಕಾಂಗ್ರೆಸ್ (INC),37712,44.9,Neharu Channabasappa Olekar,Neharu Channabasappa Olekar,IND,ಪಕ್ಷೇತರ (IND),19976,17736,#1f77b4
1999,185,Haveri,ಹಾವೇರಿ,haveri,haveri_assembly_constituency,SC,ಪರಿಶಿಷ್ಟ ಜಾತಿ (SC),Shivannavar Basavaraj Neelappa,Shivannavar ಬಸವರಾಜ್ Neelappa,JD(S),ಜೆಡಿಎಸ್ (JD-S),35399,35.8,Dr. Chittaranjan Kalkoti,ಡಾ. Chittaranjan Kalkoti,IND,ಪಕ್ಷೇತರ (IND),32704,2695,#31a354
1999,186,Shirahatti,ಶಿರಹಟ್ಟಿ,shirahatti,shirahatti_assembly_constituency,SC,ಪರಿಶಿಷ್ಟ ಜಾತಿ (SC),Gaddadevarmath Geddayya Shivamurthayya,Gaddadevarmath Geddayya Shivamurthayya,INC,ಕಾಂಗ್ರೆಸ್ (INC),34547,42.8,Ganganna Malleshappa Mahantashettar,Ganganna Malleshappa Mahantashettar,JD(U),JD(U),12659,21888,#1f77b4
1999,187,Mundargi,Mundargi,mundargi,mundargi_assembly_constituency,nan,ಸಾಮಾನ್ಯ,Patil Shidlinganagouda Shiddanagouda,ಪಾಟೀಲ್ Shidlinganagouda Shiddanagouda,JD(U),JD(U),41032,49.9,Kuradagi Vasappa Kuberappa,Kuradagi Vasappa Kuberappa,INC,ಕಾಂಗ್ರೆಸ್ (INC),39188,1844,#64748b
1999,188,Gadag,ಗದಗ,gadag,gadag_assembly_constituency,nan,ಸಾಮಾನ್ಯ,D R Patil,ಡಿ. ಆರ್. ಪಾಟೀಲ್,INC,ಕಾಂಗ್ರೆಸ್ (INC),53425,58.8,Channaveerayya Shantayya Muttinpendimath,Channaveerayya Shantayya Muttinpendimath,JD(U),JD(U),32794,20631,#1f77b4
1999,189,Ron,ರೋಣ,ron,ron_assembly_constituency,nan,ಸಾಮಾನ್ಯ,Gurupadagouda Sanganagouda Patil,Gurupadagouda Sanganagouda ಪಾಟೀಲ್,INC,ಕಾಂಗ್ರೆಸ್ (INC),47957,56.9,Bidarur Sri Shailappa Virupakshappa,Bidarur Sri Shailappa Virupakshappa,JD(S),ಜೆಡಿಎಸ್ (JD-S),18802,29155,#1f77b4
1999,190,Naragund,Naragund,naragund,naragund_assembly_constituency,nan,ಸಾಮಾನ್ಯ,B R Yavagal,ಬಿ. ಆರ್. Yavagal,INC,ಕಾಂಗ್ರೆಸ್ (INC),34870,51.9,Patil Cc,ಪಾಟೀಲ್ Cc,JD(S),ಜೆಡಿಎಸ್ (JD-S),23734,11136,#1f77b4
1999,191,Navalgund,ನವಲಗುಂದ,navalgund,navalgund_assembly_constituency,nan,ಸಾಮಾನ್ಯ,Gaddi Kallappa Nagappa,Gaddi ಕಲ್ಲಪ್ಪ Nagappa,INC,ಕಾಂಗ್ರೆಸ್ (INC),20396,26.6,Dr. Siriyannavar,ಡಾ. Siriyannavar,BJP,ಬಿಜೆಪಿ (BJP),13761,6635,#1f77b4
1999,192,Ramdurg,ರಾಮದುರ್ಗ,ramdurg,ramdurg_assembly_constituency,nan,ಸಾಮಾನ್ಯ,Patil N V,ಪಾಟೀಲ್ ಎನ್. ವಿ.,INC,ಕಾಂಗ್ರೆಸ್ (INC),33779,37.9,Yadawad Mahadevappa Shivalingappa,ಯಾದವಾಡ ಮಹಾದೇವಪ್ಪ ಶಿವಲಿಂಗಪ್ಪ,JD(U),JD(U),31485,2294,#1f77b4
1999,193,Parasgad,Parasgad,parasgad,parasgad_assembly_constituency,nan,ಸಾಮಾನ್ಯ,Koujalagi Subhas Siddaramappa,Koujalagi Subhas Siddaramappa,IND,ಪಕ್ಷೇತರ (IND),39846,39.3,Mamani Gangutai Chandrashekhar,ಮಾಮನಿ Gangutai ಚಂದ್ರಶೇಖರ್,IND,ಪಕ್ಷೇತರ (IND),22239,17607,#7f7f7f
1999,194,Bailhongal,ಬೈಲಹೊಂಗಲ,bailhongal,bailhongal_assembly_constituency,nan,ಸಾಮಾನ್ಯ,Koujalagi Manhantesh Shivanand,Koujalagi Manhantesh Shivanand,JD(U),JD(U),25856,30.6,Sidnal Shanmukhappa Basappa,Sidnal Shanmukhappa Basappa,INC,ಕಾಂಗ್ರೆಸ್ (INC),20309,5547,#64748b
1999,195,Kittur,ಕಿತ್ತೂರು,kittur,kittur_assembly_constituency,nan,ಸಾಮಾನ್ಯ,Inamdar D.B,Inamdar ಡಿ. ಬಿ.,INC,ಕಾಂಗ್ರೆಸ್ (INC),53051,54.2,Viraktayya Shivabasayya Salimath,Viraktayya Shivabasayya Salimath,BJP,ಬಿಜೆಪಿ (BJP),41321,11730,#1f77b4
1999,196,Khanapur,ಖಾನಾಪುರ,khanapur,khanapur_assembly_constituency,nan,ಸಾಮಾನ್ಯ,Ashok Narayan Patil,Ashok Narayan ಪಾಟೀಲ್,IND,ಪಕ್ಷೇತರ (IND),36930,40.3,Desai Narayan Yeshwantrao,ದೇಸಾಯಿ Narayan Yeshwantrao,IND,ಪಕ್ಷೇತರ (IND),20419,16511,#7f7f7f
1999,197,Belgaum,Belgaum,belgaum,belgaum_assembly_constituency,nan,ಸಾಮಾನ್ಯ,Kudachi Ramesh Laxman,Kudachi ರಮೇಶ್ ಲಕ್ಷ್ಮಣ್,INC,ಕಾಂಗ್ರೆಸ್ (INC),37664,40.9,Ashtekar Malojirao Shantaram,Ashtekar Malojirao Shantaram,IND,ಪಕ್ಷೇತರ (IND),30004,7660,#1f77b4
1999,198,Uchagaon,Uchagaon,uchagaon,uchagaon_assembly_constituency,nan,ಸಾಮಾನ್ಯ,Manohar Punnappa Kadolkar,Manohar Punnappa Kadolkar,BJP,ಬಿಜೆಪಿ (BJP),33990,34.1,Basavant Iroli Patil,Basavant Iroli ಪಾಟೀಲ್,IND,ಪಕ್ಷೇತರ (IND),32086,1904,#ff7f0e
1999,199,Bagewadi,Bagewadi,bagewadi,bagewadi_assembly_constituency,nan,ಸಾಮಾನ್ಯ,Malagi Shivaputrappa Chanabasappa,Malagi Shivaputrappa Chanabasappa,JD(U),JD(U),24439,24.4,Pingat Yallojirao Sidarai,Pingat Yallojirao Sidarai,IND,ಪಕ್ಷೇತರ (IND),24166,273,#64748b
1999,200,Gokak,ಗೋಕಾಕ್,gokak,gokak_assembly_constituency,nan,ಸಾಮಾನ್ಯ,Ramesha Laxmanarao Jarakiholi,Ramesha Laxmanarao Jarakiholi,INC,ಕಾಂಗ್ರೆಸ್ (INC),72888,72.6,Naik Chandrashekhar Sadashiva,ನಾಯಕ್ ಚಂದ್ರಶೇಖರ್ Sadashiva,JD(U),JD(U),15932,56956,#1f77b4
1999,201,Arabhavi,ಅರಭಾವಿ,arabhavi,arabhavi_assembly_constituency,nan,ಸಾಮಾನ್ಯ,Koujalgi Veeranna Shivalingappa,Koujalgi Veeranna ಶಿವಲಿಂಗಪ್ಪ,INC,ಕಾಂಗ್ರೆಸ್ (INC),51094,47.5,Tammanna Siddappa Parsi,Tammanna Siddappa Parsi,BJP,ಬಿಜೆಪಿ (BJP),32844,18250,#1f77b4
1999,202,Hukkeri,ಹುಕ್ಕೇರಿ,hukkeri,hukkeri_assembly_constituency,nan,ಸಾಮಾನ್ಯ,Umesh Vishwanath Katti,ಉಮೇಶ್ Vishwanath ಕತ್ತಿ,JD(U),JD(U),49699,54.6,Patil D.T.,ಪಾಟೀಲ್ ಡಿ. ಟಿ.,INC,ಕಾಂಗ್ರೆಸ್ (INC),39717,9982,#64748b
1999,203,Sankeshwar,Sankeshwar,sankeshwar,sankeshwar_assembly_constituency,nan,ಸಾಮಾನ್ಯ,Appayyagouda Basagouda Patil,Appayyagouda Basagouda ಪಾಟೀಲ್,JD(U),JD(U),58699,66.3,Patil Melhargouda Shankargouda,ಪಾಟೀಲ್ Melhargouda Shankargouda,INC,ಕಾಂಗ್ರೆಸ್ (INC),27650,31049,#64748b
1999,204,Nippani,ನಿಪ್ಪಾಣಿ,nippani,nippani_assembly_constituency,nan,ಸಾಮಾನ್ಯ,Patil Kakasaheb Pandurang,ಪಾಟೀಲ್ Kakasaheb ಪಾಂಡುರಂಗ,INC,ಕಾಂಗ್ರೆಸ್ (INC),48270,54.7,Joshi Subhash Sridhar,Joshi Subhash Sridhar,JD(U),JD(U),37721,10549,#1f77b4
1999,205,Sadalga,Sadalga,sadalga,sadalga_assembly_constituency,nan,ಸಾಮಾನ್ಯ,Hukkeri Prakash Babana,ಹುಕ್ಕೇರಿ ಪ್ರಕಾಶ್ Babana,INC,ಕಾಂಗ್ರೆಸ್ (INC),57394,59.8,Kallappa Parisha Magennavar,ಕಲ್ಲಪ್ಪ Parisha Magennavar,JD(U),JD(U),37132,20262,#1f77b4
1999,206,Chikkodi,ಚಿಕ್ಕೋಡಿ,chikkodi,chikkodi_assembly_constituency,SC,ಪರಿಶಿಷ್ಟ ಜಾತಿ (SC),Kattimani Manohar Shivaputra,Kattimani Manohar Shivaputra,JD(U),JD(U),41375,52.1,Rathnamala Savanoor,Rathnamala Savanoor,INC,ಕಾಂಗ್ರೆಸ್ (INC),30528,10847,#64748b
1999,207,Raibag,Raibag,raibag,raibag_assembly_constituency,SC,ಪರಿಶಿಷ್ಟ ಜಾತಿ (SC),Ghatage Shama Bhima,Ghatage Shama Bhima,INC,ಕಾಂಗ್ರೆಸ್ (INC),52728,50.1,Parashuram Yallappa Jaganur,Parashuram Yallappa Jaganur,JD(U),JD(U),45720,7008,#1f77b4
1999,208,Kagwad,ಕಾಗವಾಡ,kagwad,kagwad_assembly_constituency,nan,ಸಾಮಾನ್ಯ,Pasagouda Urf Popat Appagoda Patil,Pasagouda Urf Popat Appagoda ಪಾಟೀಲ್,INC,ಕಾಂಗ್ರೆಸ್ (INC),31462,35.4,Bharamgouda (Raju) Alagouda Kage,ಭರಮಗೌಡ ( ರಾಜು ) ಆಲಗೌಡ ಕಾගේ,IND,ಪಕ್ಷೇತರ (IND),22593,8869,#1f77b4
1999,209,Athani,ಅಥಣಿ,athani,athani_assembly_constituency,nan,ಸಾಮಾನ್ಯ,Dongaragaon Shahajan Ismail,Dongaragaon Shahajan Ismail,INC,ಕಾಂಗ್ರೆಸ್ (INC),29020,28.7,Laxman Sangappa Savadi,ಲಕ್ಷ್ಮಣ್ ಸಂಗ್ಲಪ್ಪ ಸವದಿ,IND,ಪಕ್ಷೇತರ (IND),25911,3109,#1f77b4
1999,210,Jamkhandi,ಜಮಖಂಡಿ,jamkhandi,jamkhandi_assembly_constituency,nan,ಸಾಮಾನ್ಯ,Kaluti Ramappa Maleppa,Kaluti Ramappa Maleppa,INC,ಕಾಂಗ್ರೆಸ್ (INC),66018,54.5,Shah Arunkumar Manikchand,Shah Arunkumar Manikchand,JD(U),JD(U),50964,15054,#1f77b4
1999,211,Bilgi,Bilgi,bilgi,bilgi_assembly_constituency,nan,ಸಾಮಾನ್ಯ,J.T.Patil,ಜೆ. ಟಿ. ಪಾಟೀಲ್,INC,ಕಾಂಗ್ರೆಸ್ (INC),51313,47.6,Shrikant Kulkarni,Shrikant Kulkarni,BJP,ಬಿಜೆಪಿ (BJP),38604,12709,#1f77b4
1999,212,Mudhol,ಮುಧೋಳ,mudhol,mudhol_assembly_constituency,SC,ಪರಿಶಿಷ್ಟ ಜಾತಿ (SC),Timmapur Ramappa Balappa,Timmapur Ramappa ಬಾಳಪ್ಪ,INC,ಕಾಂಗ್ರೆಸ್ (INC),53097,48.9,Karjol Govind Maktappa,Karjol Govind Maktappa,JD(U),JD(U),52658,439,#1f77b4
1999,213,Bagalkot,ಬಾಗಲಕೋಟೆ,bagalkot,bagalkot_assembly_constituency,nan,ಸಾಮಾನ್ಯ,Ph Pujar,Ph Pujar,BJP,ಬಿಜೆಪಿ (BJP),40418,47.8,Dr Kanthi Rajshekhar Kidiyappa,ಡಾ. Kanthi Rajshekhar Kidiyappa,INC,ಕಾಂಗ್ರೆಸ್ (INC),40280,138,#ff7f0e
1999,214,Badami,ಬಾದಾಮಿ,badami,badami_assembly_constituency,nan,ಸಾಮಾನ್ಯ,Chimmanakatti Balappa Bheemappa,Chimmanakatti ಬಾಳಪ್ಪ Bheemappa,INC,ಕಾಂಗ್ರೆಸ್ (INC),42962,49.2,Pattanashetty Mahagundappa Kallappa,Pattanashetty Mahagundappa ಕಲ್ಲಪ್ಪ,JD(U),JD(U),42565,397,#1f77b4
1999,215,Guledgud,Guledgud,guledgud,guledgud_assembly_constituency,nan,ಸಾಮಾನ್ಯ,Nanjayyanamath Sg,Nanjayyanamath Sg,INC,ಕಾಂಗ್ರೆಸ್ (INC),37029,46.8,Meti Hullappa Yamanappa,Meti Hullappa Yamanappa,JD(S),ಜೆಡಿಎಸ್ (JD-S),20326,16703,#1f77b4
1999,216,Hungund,ಹುನಗುಂದ,hungund,hungund_assembly_constituency,nan,ಸಾಮಾನ್ಯ,Kashappanavar Shivashankarappa Rachappa,Kashappanavar Shivashankarappa Rachappa,INC,ಕಾಂಗ್ರೆಸ್ (INC),29307,37.8,Patil Gavishidhanagouda Paranagouda,ಪಾಟೀಲ್ Gavishidhanagouda Paranagouda,JD(U),JD(U),28371,936,#1f77b4
1999,217,Muddebihal,Muddebihal,muddebihal,muddebihal_assembly_constituency,nan,ಸಾಮಾನ್ಯ,Appaji S Nadagoudra,Appaji ಎಸ್. Nadagoudra,INC,ಕಾಂಗ್ರೆಸ್ (INC),43662,57.2,Deshmukh Vimalabai Jagadevarao,Deshmukh Vimalabai Jagadevarao,JD(U),JD(U),32632,11030,#1f77b4
1999,218,Huvin-Hippargi,Huvin Hippargi,huvinhippargi,huvinhippargi_assembly_constituency,nan,ಸಾಮಾನ್ಯ,Bs Patil (Sasnur),Bs ಪಾಟೀಲ್ ( Sasnur ),INC,ಕಾಂಗ್ರೆಸ್ (INC),46088,56.1,Desai Shivaputrappa Madivalappa,ದೇಸಾಯಿ Shivaputrappa Madivalappa,JD(U),JD(U),28492,17596,#1f77b4
1999,219,Basavana Bagevadi,Basavana Bagevadi,basavanabagevadi,basavana_bagevadi_assembly_constituency,nan,ಸಾಮಾನ್ಯ,Bellubbi Sangappa Kallappa,Bellubbi ಸಂಗ್ಲಪ್ಪ ಕಲ್ಲಪ್ಪ,BJP,ಬಿಜೆಪಿ (BJP),50543,53.9,Patil Basana Gouda Somanagouda,ಪಾಟೀಲ್ Basana Gouda Somanagouda,INC,ಕಾಂಗ್ರೆಸ್ (INC),40487,10056,#ff7f0e
1999,220,Tikota,Tikota,tikota,tikota_assembly_constituency,nan,ಸಾಮಾನ್ಯ,Patil Shivanand Sidrama Gouda,ಪಾಟೀಲ್ Shivanand Sidrama Gouda,BJP,ಬಿಜೆಪಿ (BJP),49080,53.2,Patil Mallanagouda Basanagouda,ಪಾಟೀಲ್ Mallanagouda Basanagouda,INC,ಕಾಂಗ್ರೆಸ್ (INC),41649,7431,#ff7f0e
1999,221,Bijapur,Bijapur,bijapur,bijapur_assembly_constituency,nan,ಸಾಮಾನ್ಯ,Ustad Mahabubpatel Ladle Patel,Ustad Mahabubpatel Ladle Patel,INC,ಕಾಂಗ್ರೆಸ್ (INC),42902,39.8,Appasaheb Mallappa Pattan Shetty,Appasaheb Mallappa Pattan Shetty,BJP,ಬಿಜೆಪಿ (BJP),39749,3153,#1f77b4
1999,222,Ballolli,Ballolli,ballolli,ballolli_assembly_constituency,SC,ಪರಿಶಿಷ್ಟ ಜಾತಿ (SC),Hr Algur,Hr Algur,INC,ಕಾಂಗ್ರೆಸ್ (INC),27194,33.9,Rk Rathod,Rk Rathod,JD(S),ಜೆಡಿಎಸ್ (JD-S),24667,2527,#1f77b4
1999,223,Indi,Indi,indi,indi_assembly_constituency,nan,ಸಾಮಾನ್ಯ,Patil Ravikant Shankareppa,ಪಾಟೀಲ್ Ravikant Shankareppa,IND,ಪಕ್ಷೇತರ (IND),44523,51.8,Br Patil (Anjutagi),Br ಪಾಟೀಲ್ ( Anjutagi ),INC,ಕಾಂಗ್ರೆಸ್ (INC),25203,19320,#7f7f7f
1999,224,Sindgi,Sindgi,sindgi,sindgi_assembly_constituency,nan,ಸಾಮಾನ್ಯ,Sunagar Sharanappa Tippanna,Sunagar Sharanappa Tippanna,INC,ಕಾಂಗ್ರೆಸ್ (INC),30432,33.3,Managuli Mallappa Channaveerappa,Managuli Mallappa Channaveerappa,IND,ಪಕ್ಷೇತರ (IND),19675,10757,#1f77b4
1994,1,Aurad,ಔರಾದ್,aurad,aurad_assembly_constituency,SC,ಪರಿಶಿಷ್ಟ ಜಾತಿ (SC),Gurupadappa Nagmar Palli,Gurupadappa Nagmar Palli,JD,ಜನತಾ ದಳ (JD),29479,30.2,Shekhar Patil,Shekhar ಪಾಟೀಲ್,INC,ಕಾಂಗ್ರೆಸ್ (INC),28800,679,#2ca02c
1994,2,Bhalki,ಭಾಲ್ಕಿ,bhalki,bhalki_assembly_constituency,nan,ಸಾಮಾನ್ಯ,Vijay Kumar Bheemanna Khandre,Vijay ಕುಮಾರ್ Bheemanna Khandre,INC,ಕಾಂಗ್ರೆಸ್ (INC),35739,45.1,Baburao Madkatti,Baburao Madkatti,BJP,ಬಿಜೆಪಿ (BJP),18100,17639,#1f77b4
1994,3,Hulsoor,Hulsoor,hulsoor,hulsoor_assembly_constituency,SC,ಪರಿಶಿಷ್ಟ ಜಾತಿ (SC),L.K. Chavan,ಎಲ್. ಕೆ. ಚವಾಣ್,BJP,ಬಿಜೆಪಿ (BJP),28402,39.5,Manikrao Samhaji Paranjepe,Manikrao Samhaji Paranjepe,JD,ಜನತಾ ದಳ (JD),24034,4368,#ff7f0e
1994,4,Bidar,ಬೀದರ್,bidar,bidar_assembly_constituency,nan,ಸಾಮಾನ್ಯ,Syed Zulfekar Hashmi (Baba Patel),Syed Zulfekar Hashmi ( Baba Patel ),BSP,BSP,25433,26.2,Amruth Rao Chimkode,Amruth ರಾವ್ Chimkode,JD,ಜನತಾ ದಳ (JD),21881,3552,#64748b
1994,5,Humnabad,ಹುಮ್ನಾಬಾದ್,humnabad,humnabad_assembly_constituency,nan,ಸಾಮಾನ್ಯ,M. Merajuddin Nizamuddin Patel,ಎಂ. Merajuddin Nizamuddin Patel,JD,ಜನತಾ ದಳ (JD),25704,30.6,Basawaraj Hawgeppa Patil,Basawaraj Hawgeppa ಪಾಟೀಲ್,INC,ಕಾಂಗ್ರೆಸ್ (INC),21816,3888,#2ca02c
1994,6,Basavakalyan,ಬಸವಕಲ್ಯಾಣ,basavakalyan,basavakalyan_assembly_constituency,nan,ಸಾಮಾನ್ಯ,Baswarai Patil Attur,Baswarai ಪಾಟೀಲ್ Attur,JD,ಜನತಾ ದಳ (JD),34728,40.1,Muley Maruthirao Govindrao,Muley Maruthirao Govindrao,INC,ಕಾಂಗ್ರೆಸ್ (INC),28299,6429,#2ca02c
1994,7,Chincholi,ಚಿಂಚೋಳಿ,chincholi,chincholi_assembly_constituency,SC,ಪರಿಶಿಷ್ಟ ಜಾತಿ (SC),Vaijanath Patil,Vaijanath ಪಾಟೀಲ್,JD,ಜನತಾ ದಳ (JD),56373,69.1,Kailashnath Patil,Kailashnath ಪಾಟೀಲ್,INC,ಕಾಂಗ್ರೆಸ್ (INC),17320,39053,#2ca02c
1994,8,Kamalapur,Kamalapur,kamalapur,kamalapur_assembly_constituency,SC,ಪರಿಶಿಷ್ಟ ಜಾತಿ (SC),Revu Naik Belambgi,Revu ನಾಯಕ್ Belambgi,BJP,ಬಿಜೆಪಿ (BJP),19389,29.8,G. Ramakrishna,ಜಿ. Ramakrishna,INC,ಕಾಂಗ್ರೆಸ್ (INC),13818,5571,#ff7f0e
1994,9,Alland,ಆಳಂದ,alland,alland_assembly_constituency,nan,ಸಾಮಾನ್ಯ,Guttedar Subhash Rukmayya,ಗುತ್ತೇದಾರ್ Subhash Rukmayya,KCP,KCP,35549,47.5,B.R. Patil,ಬಿ. ಆರ್. ಪಾಟೀಲ್,JD,ಜನತಾ ದಳ (JD),17225,18324,#64748b
1994,10,Gulbarga,Gulbarga,gulbarga,gulbarga_assembly_constituency,nan,ಸಾಮಾನ್ಯ,Qamarul Islam,Qamarul Islam,INL,INL,58719,44.4,Shashil G. Namoshi,Shashil ಜಿ. Namoshi,BJP,ಬಿಜೆಪಿ (BJP),40829,17890,#64748b
1994,11,Shahabad,Shahabad,shahabad,shahabad_assembly_constituency,SC,ಪರಿಶಿಷ್ಟ ಜಾತಿ (SC),C. Gurunath,ಸಿ. Gurunath,JD,ಜನತಾ ದಳ (JD),32937,40.3,Babu Rao Chavan,Babu ರಾವ್ ಚವಾಣ್,INC,ಕಾಂಗ್ರೆಸ್ (INC),16086,16851,#2ca02c
1994,12,Afzalpur,ಅಫ್ಜಲ್ ಪುರ,afzalpur,afzalpur_assembly_constituency,nan,ಸಾಮಾನ್ಯ,Malikayya Venkayya Guttedar,Malikayya Venkayya ಗುತ್ತೇದಾರ್,KCP,KCP,39924,49.3,M.Y. Patil,ಎಂ. ವೈ. ಪಾಟೀಲ್,INC,ಕಾಂಗ್ರೆಸ್ (INC),35703,4221,#64748b
1994,13,Chittapur,Chittapur,chittapur,chittapur_assembly_constituency,SC,ಪರಿಶಿಷ್ಟ ಜಾತಿ (SC),Baburao B. Chinchansur,Baburao ಬಿ. Chinchansur,INC,ಕಾಂಗ್ರೆಸ್ (INC),25355,36.3,Vishawanath Patil Hebbal,Vishawanath ಪಾಟೀಲ್ Hebbal,IND,ಪಕ್ಷೇತರ (IND),24529,826,#1f77b4
1994,14,Sedam,ಸೇಡಂ,sedam,sedam_assembly_constituency,nan,ಸಾಮಾನ್ಯ,Chandrasekharreddy Deshmukh Madna,Chandrasekharreddy Deshmukh Madna,JD,ಜನತಾ ದಳ (JD),37118,47.1,Baswanthreddy Motakpalli,Baswanthreddy Motakpalli,INC,ಕಾಂಗ್ರೆಸ್ (INC),24485,12633,#2ca02c
1994,15,Jewargi,ಜೇವರ್ಗಿ,jewargi,jewargi_assembly_constituency,nan,ಸಾಮಾನ್ಯ,Dharmsingh Narayansingh,Dharmsingh Narayansingh,INC,ಕಾಂಗ್ರೆಸ್ (INC),30840,40.9,Shivalingappa Patil Naribol,ಶಿವಲಿಂಗಪ್ಪ ಪಾಟೀಲ್ Naribol,KCP,KCP,26785,4055,#1f77b4
1994,16,Gurmitkal,ಗುರಮಿಟ್ಕಲ್,gurmitkal,gurmitkal_assembly_constituency,nan,ಸಾಮಾನ್ಯ,Mallikarjun Kharge,ಮಲ್ಲಿಕಾರ್ಜುನ್ ಖರ್ಗೆ,INC,ಕಾಂಗ್ರೆಸ್ (INC),42588,58.8,K.B. Shanappa,ಕೆ. ಬಿ. Shanappa,JD,ಜನತಾ ದಳ (JD),23252,19336,#1f77b4
1994,17,Yadgir,ಯಾದಗಿರಿ,yadgir,yadgir_assembly_constituency,nan,ಸಾಮಾನ್ಯ,Malakaraddy Lakshmareddy,Malakaraddy Lakshmareddy,INC,ಕಾಂಗ್ರೆಸ್ (INC),26359,38.7,Sadashivaraddy Kandakur,Sadashivaraddy Kandakur,JD,ಜನತಾ ದಳ (JD),19635,6724,#1f77b4
1994,18,Shahapur,ಶಹಾಪುರ,shahapur,shahapur_assembly_constituency,nan,ಸಾಮಾನ್ಯ,Sharanabassappa Darshanapur,Sharanabassappa Darshanapur,JD,ಜನತಾ ದಳ (JD),40984,46.4,Shivashekareppa Gouda,Shivashekareppa Gouda,INC,ಕಾಂಗ್ರೆಸ್ (INC),27158,13826,#2ca02c
1994,19,Shorapur,ಶೋರಾಪುರ,shorapur,shorapur_assembly_constituency,ST,ಪರಿಶಿಷ್ಟ ಪಂಗಡ (ST),Raja Venkatappa Naik Raja Kumar Naik,Raja Venkatappa ನಾಯಕ್ Raja ಕುಮಾರ್ ನಾಯಕ್,KCP,KCP,34078,38.2,Diwan Shivanna Mangihal,Diwan ಶಿವಣ್ಣ Mangihal,JD,ಜನತಾ ದಳ (JD),28419,5659,#64748b
1994,20,Devadurga,ದೇವದುರ್ಗ,devadurga,devadurga_assembly_constituency,ST,ಪರಿಶಿಷ್ಟ ಪಂಗಡ (ST),B.T. Lalitha Naik,ಬಿ. ಟಿ. Lalitha ನಾಯಕ್,JD,ಜನತಾ ದಳ (JD),20946,37.7,Yellappa,Yellappa,KCP,KCP,14943,6003,#2ca02c
1994,21,Raichur,ರಾಯಚೂರು,raichur,raichur_assembly_constituency,nan,ಸಾಮಾನ್ಯ,M.S. Patil,ಎಂ. ಎಸ್. ಪಾಟೀಲ್,JD,ಜನತಾ ದಳ (JD),28776,37.3,Syed Yaseen,Syed Yaseen,INC,ಕಾಂಗ್ರೆಸ್ (INC),23715,5061,#2ca02c
1994,22,Kalmala,Kalmala,kalmala,kalmala_assembly_constituency,nan,ಸಾಮಾನ್ಯ,Muniyappa,Muniyappa,JD,ಜನತಾ ದಳ (JD),32332,39.0,Basavaraj Patel Sirwar,ಬಸವರಾಜ್ Patel Sirwar,INC,ಕಾಂಗ್ರೆಸ್ (INC),20244,12088,#2ca02c
1994,23,Manvi,ಮಾನ್ವಿ,manvi,manvi_assembly_constituency,ST,ಪರಿಶಿಷ್ಟ ಪಂಗಡ (ST),Gangadhar Naik,Gangadhar ನಾಯಕ್,JD,ಜನತಾ ದಳ (JD),22130,30.5,Basavana Gouda A. Patil Byagwat,Basavana Gouda ಎ. ಪಾಟೀಲ್ Byagwat,INC,ಕಾಂಗ್ರೆಸ್ (INC),20420,1710,#2ca02c
1994,24,Lingsugur,Lingsugur,lingsugur,lingsugur_assembly_constituency,SC,ಪರಿಶಿಷ್ಟ ಜಾತಿ (SC),Amaregouda Linganagouda Patil,Amaregouda Linganagouda ಪಾಟೀಲ್,JD,ಜನತಾ ದಳ (JD),32487,42.7,Raja Amareshwar Naik,Raja Amareshwar ನಾಯಕ್,INC,ಕಾಂಗ್ರೆಸ್ (INC),19799,12688,#2ca02c
1994,25,Sindhnoor,Sindhnoor,sindhnoor,sindhnoor_assembly_constituency,nan,ಸಾಮಾನ್ಯ,K. Virupakshappa,ಕೆ. Virupakshappa,INC,ಕಾಂಗ್ರೆಸ್ (INC),51415,42.0,Badarli Hampanagouda,Badarli Hampanagouda,JD,ಜನತಾ ದಳ (JD),50968,447,#1f77b4
1994,26,Kushtagi,ಕುಷ್ಟಗಿ,kushtagi,kushtagi_assembly_constituency,nan,ಸಾಮಾನ್ಯ,K. Sharnappa Advocate,ಕೆ. Sharnappa Advocate,JD,ಜನತಾ ದಳ (JD),41972,48.8,Hanamagouda Shekhar Gouda Patil,Hanamagouda Shekhar Gouda ಪಾಟೀಲ್,INC,ಕಾಂಗ್ರೆಸ್ (INC),24838,17134,#2ca02c
1994,27,Yelburga,ಯಲಬುರ್ಗಾ,yelburga,yelburga_assembly_constituency,nan,ಸಾಮಾನ್ಯ,Basavaraj Rayareddy,ಬಸವರಾಜ್ Rayareddy,JD,ಜನತಾ ದಳ (JD),47215,60.1,Jayshree Subhashachandra Patil,Jayshree Subhashachandra ಪಾಟೀಲ್,INC,ಕಾಂಗ್ರೆಸ್ (INC),15347,31868,#2ca02c
1994,28,Kanakagiri,ಕನಕಗಿರಿ,kanakagiri,kanakagiri_assembly_constituency,SC,ಪರಿಶಿಷ್ಟ ಜಾತಿ (SC),Nagappa Bheemappa Saloni,Nagappa Bheemappa Saloni,JD,ಜನತಾ ದಳ (JD),32238,38.4,M. Mallikarjuna Nagappa,ಎಂ. Mallikarjuna Nagappa,INC,ಕಾಂಗ್ರೆಸ್ (INC),32045,193,#2ca02c
1994,29,Gangavathi,ಗಂಗಾವತಿ,gangavathi,gangavathi_assembly_constituency,nan,ಸಾಮಾನ್ಯ,Srirangadevarayalu,Srirangadevarayalu,INC,ಕಾಂಗ್ರೆಸ್ (INC),25478,31.0,Gunjalli Rajaseekharappa Basappa,Gunjalli Rajaseekharappa Basappa,JD,ಜನತಾ ದಳ (JD),21152,4326,#1f77b4
1994,30,Koppal,ಕೊಪ್ಪಳ,koppal,koppal_assembly_constituency,nan,ಸಾಮಾನ್ಯ,Karadi Sanganna Amarappa,Karadi Sanganna Amarappa,IND,ಪಕ್ಷೇತರ (IND),19850,23.1,Angadi Hanumanthappa,Angadi Hanumanthappa,JD,ಜನತಾ ದಳ (JD),12596,7254,#7f7f7f
1994,31,Siruguppa,ಸಿರುಗುಪ್ಪ,siruguppa,siruguppa_assembly_constituency,ST,ಪರಿಶಿಷ್ಟ ಪಂಗಡ (ST),T.N. Chandrashekaraiah,ಟಿ. ಎನ್. Chandrashekaraiah,JD,ಜನತಾ ದಳ (JD),41673,37.6,M. Shankar Reddy,ಎಂ. Shankar ರೆಡ್ಡಿ,INC,ಕಾಂಗ್ರೆಸ್ (INC),31552,10121,#2ca02c
1994,32,Kurugodu,Kurugodu,kurugodu,kurugodu_assembly_constituency,nan,ಸಾಮಾನ್ಯ,Allum Veerabhadrappa,Allum Veerabhadrappa,INC,ಕಾಂಗ್ರೆಸ್ (INC),31341,33.7,M. Ramappa,ಎಂ. Ramappa,KCP,KCP,26400,4941,#1f77b4
1994,33,Bellary,ಬಳ್ಳಾರಿ,bellary,bellary_assembly_constituency,ST,ಪರಿಶಿಷ್ಟ ಪಂಗಡ (ST),M. Divakar Babu,ಎಂ. Divakar Babu,IND,ಪಕ್ಷೇತರ (IND),40156,47.3,Venkat Mahipal,Venkat Mahipal,INC,ಕಾಂಗ್ರೆಸ್ (INC),17280,22876,#7f7f7f
1994,34,Hospet,ಹೊಸಪೇಟೆ,hospet,hospet_assembly_constituency,nan,ಸಾಮಾನ್ಯ,G. Shank Argoud,ಜಿ. Shank Argoud,BJP,ಬಿಜೆಪಿ (BJP),48249,48.1,H. Abdul Wahab,ಎಚ್. Abdul Wahab,INC,ಕಾಂಗ್ರೆಸ್ (INC),29988,18261,#ff7f0e
1994,35,Sandur,ಸಂಡೂರು,sandur,sandur_assembly_constituency,ST,ಪರಿಶಿಷ್ಟ ಪಂಗಡ (ST),M.Y. Ghorpade,ಎಂ. ವೈ. Ghorpade,INC,ಕಾಂಗ್ರೆಸ್ (INC),39176,53.2,Sudhakar Hiremath,Sudhakar Hiremath,KCP,KCP,14797,24379,#1f77b4
1994,36,Kudligi,ಕೂಡ್ಲಿಗಿ,kudligi,kudligi_assembly_constituency,ST,ಪರಿಶಿಷ್ಟ ಪಂಗಡ (ST),N.M. Nabi,ಎನ್. ಎಂ. Nabi,JD,ಜನತಾ ದಳ (JD),34413,38.2,N.T. Bommanna,ಎನ್. ಟಿ. Bommanna,INC,ಕಾಂಗ್ರೆಸ್ (INC),22696,11717,#2ca02c
1994,37,Kottur,Kottur,kottur,kottur_assembly_constituency,nan,ಸಾಮಾನ್ಯ,T. Marulasiddana Goud,ಟಿ. Marulasiddana Goud,INC,ಕಾಂಗ್ರೆಸ್ (INC),29922,35.4,M.M.J. Swaroopananda,ಎಂ. ಎಂ. ಜೆ. Swaroopananda,JD,ಜನತಾ ದಳ (JD),27102,2820,#1f77b4
1994,38,Hadagalli,ಹೂವಿನಹಡಗಲಿ,hadagalli,hadagalli_assembly_constituency,SC,ಪರಿಶಿಷ್ಟ ಜಾತಿ (SC),M.P. Prakash,ಎಂ. ಪಿ. ಪ್ರಕಾಶ್,JD,ಜನತಾ ದಳ (JD),59056,60.6,Kotraiah Guruvina,Kotraiah Guruvina,INC,ಕಾಂಗ್ರೆಸ್ (INC),32345,26711,#2ca02c
1994,39,Harapanahalli,ಹರಪನಹಳ್ಳಿ,harapanahalli,harapanahalli_assembly_constituency,nan,ಸಾಮಾನ್ಯ,D.Naray Ana Das,ಡಿ. Naray Ana Das,IND,ಪಕ್ಷೇತರ (IND),21798,25.8,B.H. Yanka Naik,ಬಿ. ಎಚ್. Yanka ನಾಯಕ್,INC,ಕಾಂಗ್ರೆಸ್ (INC),17514,4284,#7f7f7f
1994,40,Harihar,Harihar,harihar,harihar_assembly_constituency,nan,ಸಾಮಾನ್ಯ,H. Shivappa,ಎಚ್. Shivappa,IND,ಪಕ್ಷೇತರ (IND),39356,37.6,Dr. Y. Nagappa,ಡಾ. ವೈ. Nagappa,INC,ಕಾಂಗ್ರೆಸ್ (INC),37210,2146,#7f7f7f
1994,41,Davangere,Davangere,davangere,davangere_assembly_constituency,nan,ಸಾಮಾನ್ಯ,S. Shivashankarappa,ಎಸ್. Shivashankarappa,IND,ಪಕ್ಷೇತರ (IND),37794,35.8,K.B. Shankaranarayana,ಕೆ. ಬಿ. Shankaranarayana,BJP,ಬಿಜೆಪಿ (BJP),36247,1547,#7f7f7f
1994,42,Mayakonda,ಮಾಯಾಕೊಂಡ,mayakonda,mayakonda_assembly_constituency,SC,ಪರಿಶಿಷ್ಟ ಜಾತಿ (SC),S.A. Ravindranath,ಎಸ್. ಎ. Ravindranath,BJP,ಬಿಜೆಪಿ (BJP),48955,49.0,C. Nagamma Keshavamurthy,ಸಿ. Nagamma Keshavamurthy,INC,ಕಾಂಗ್ರೆಸ್ (INC),22799,26156,#ff7f0e
1994,43,Bharamasagara,Bharamasagara,bharamasagara,bharamasagara_assembly_constituency,SC,ಪರಿಶಿಷ್ಟ ಜಾತಿ (SC),Chandrappa,Chandrappa,JD,ಜನತಾ ದಳ (JD),32617,37.2,K.R. Eswar Naik,ಕೆ. ಆರ್. Eswar ನಾಯಕ್,BJP,ಬಿಜೆಪಿ (BJP),18770,13847,#2ca02c
1994,44,Chitradurga,ಚಿತ್ರದುರ್ಗ,chitradurga,chitradurga_assembly_constituency,nan,ಸಾಮಾನ್ಯ,G.H. Thippa Reddy,ಜಿ. ಎಚ್. Thippa ರೆಡ್ಡಿ,IND,ಪಕ್ಷೇತರ (IND),38332,39.2,H. Ekamthaiah,ಎಚ್. Ekamthaiah,JD,ಜನತಾ ದಳ (JD),30149,8183,#7f7f7f
1994,45,Jagalur,ಜಗಳೂರು,jagalur,jagalur_assembly_constituency,ST,ಪರಿಶಿಷ್ಟ ಪಂಗಡ (ST),M. Basappa,ಎಂ. Basappa,KCP,KCP,33272,35.7,G.H. Aswathareddy,ಜಿ. ಎಚ್. Aswathareddy,INC,ಕಾಂಗ್ರೆಸ್ (INC),30526,2746,#64748b
1994,46,Molakalmuru,ಮೊಳಕಾಲ್ಮೂರು,molakalmuru,molakalmuru_assembly_constituency,ST,ಪರಿಶಿಷ್ಟ ಪಂಗಡ (ST),Purna Muthappa,Purna Muthappa,JD,ಜನತಾ ದಳ (JD),35160,39.3,N.V. Gopalakrishna,ಎನ್. ವಿ. Gopalakrishna,IND,ಪಕ್ಷೇತರ (IND),29492,5668,#2ca02c
1994,47,Challakere,ಚಳ್ಳಕೆರೆ,challakere,challakere_assembly_constituency,ST,ಪರಿಶಿಷ್ಟ ಪಂಗಡ (ST),Thippeswamy,Thippeswamy,JD,ಜನತಾ ದಳ (JD),39560,41.7,N. Jayanna,ಎನ್. Jayanna,INC,ಕಾಂಗ್ರೆಸ್ (INC),25919,13641,#2ca02c
1994,48,Hiriyur,ಹಿರಿಯೂರು,hiriyur,hiriyur_assembly_constituency,nan,ಸಾಮಾನ್ಯ,D. Manjunatgh,ಡಿ. Manjunatgh,JD,ಜನತಾ ದಳ (JD),43911,49.2,K.H. Ranganath,ಕೆ. ಎಚ್. Ranganath,INC,ಕಾಂಗ್ರೆಸ್ (INC),24302,19609,#2ca02c
1994,49,Holalkere,ಹೊಳಲ್ಕೆರೆ,holalkere,holalkere_assembly_constituency,SC,ಪರಿಶಿಷ್ಟ ಜಾತಿ (SC),U.H. Thimmanna,ಯು. ಎಚ್. Thimmanna,JD,ಜನತಾ ದಳ (JD),27026,27.8,A.V. Umapathy,ಎ. ವಿ. Umapathy,IND,ಪಕ್ಷೇತರ (IND),26090,936,#2ca02c
1994,50,Hosadurga,ಹೊಸದುರ್ಗ,hosadurga,hosadurga_assembly_constituency,nan,ಸಾಮಾನ್ಯ,T.H. Basavaraja,ಟಿ. ಎಚ್. Basavaraja,IND,ಪಕ್ಷೇತರ (IND),26453,25.5,E.V. Vijay Kumar,ಇ. ವಿ. Vijay ಕುಮಾರ್,INC,ಕಾಂಗ್ರೆಸ್ (INC),21384,5069,#7f7f7f
1994,51,Pavagada,ಪಾವಗಡ,pavagada,pavagada_assembly_constituency,SC,ಪರಿಶಿಷ್ಟ ಜಾತಿ (SC),Somlanaik,Somlanaik,JD,ಜನತಾ ದಳ (JD),46739,41.5,Venkataravanappa,Venkataravanappa,INC,ಕಾಂಗ್ರೆಸ್ (INC),41543,5196,#2ca02c
1994,52,Sira,ಸಿರಾ,sira,sira_assembly_constituency,nan,ಸಾಮಾನ್ಯ,B. Sathyanarayana,ಬಿ. Sathyanarayana,JD,ಜನತಾ ದಳ (JD),28272,30.4,S.K. Siddanna,ಎಸ್. ಕೆ. Siddanna,KCP,KCP,25513,2759,#2ca02c
1994,53,Kallambella,Kallambella,kallambella,kallambella_assembly_constituency,nan,ಸಾಮಾನ್ಯ,T.B. Jayachandra,ಟಿ. ಬಿ. Jayachandra,INC,ಕಾಂಗ್ರೆಸ್ (INC),28729,32.2,B. Ganganna,ಬಿ. Ganganna,JD,ಜನತಾ ದಳ (JD),20158,8571,#1f77b4
1994,54,Bellavi,Bellavi,bellavi,bellavi_assembly_constituency,nan,ಸಾಮಾನ್ಯ,R. Narayana,ಆರ್. Narayana,INC,ಕಾಂಗ್ರೆಸ್ (INC),22777,24.5,C.N. Bhaskarappa,ಸಿ. ಎನ್. Bhaskarappa,JD,ಜನತಾ ದಳ (JD),20946,1831,#1f77b4
1994,55,Madhugiri,ಮಧುಗಿರಿ,madhugiri,madhugiri_assembly_constituency,nan,ಸಾಮಾನ್ಯ,Gangahanumaiah,Gangahanumaiah,JD,ಜನತಾ ದಳ (JD),45303,43.6,G. Parameshwara,ಜಿ. Parameshwara,INC,ಕಾಂಗ್ರೆಸ್ (INC),42131,3172,#2ca02c
1994,56,Koratagere,ಕೊರಟಗೆರೆ,koratagere,koratagere_assembly_constituency,SC,ಪರಿಶಿಷ್ಟ ಜಾತಿ (SC),C. Channigappa,ಸಿ. Channigappa,JD,ಜನತಾ ದಳ (JD),35672,33.6,G. Venkatachalaiah,ಜಿ. Venkatachalaiah,INC,ಕಾಂಗ್ರೆಸ್ (INC),27937,7735,#2ca02c
1994,57,Tumkur,Tumkur,tumkur,tumkur_assembly_constituency,nan,ಸಾಮಾನ್ಯ,S. Shivanna,ಎಸ್. ಶಿವಣ್ಣ,BJP,ಬಿಜೆಪಿ (BJP),39101,31.6,S. Shafi Ahamed,ಎಸ್. Shafi Ahamed,INC,ಕಾಂಗ್ರೆಸ್ (INC),29997,9104,#ff7f0e
1994,58,Kunigal,ಕುಣಿಗಲ್,kunigal,kunigal_assembly_constituency,nan,ಸಾಮಾನ್ಯ,S.P. Muddahanume Gowda,ಎಸ್. ಪಿ. Muddahanume ಗೌಡ,INC,ಕಾಂಗ್ರೆಸ್ (INC),37823,38.9,Y.K. Ramaiah,ವೈ. ಕೆ. Ramaiah,SP,SP,28666,9157,#1f77b4
1994,59,Huliyurdurga,Huliyurdurga,huliyurdurga,huliyurdurga_assembly_constituency,nan,ಸಾಮಾನ್ಯ,D. Nagarajaiah,ಡಿ. Nagarajaiah,JD,ಜನತಾ ದಳ (JD),41993,51.5,Ramachandra Prasad,Ramachandra Prasad,INC,ಕಾಂಗ್ರೆಸ್ (INC),23128,18865,#2ca02c
1994,60,Gubbi,ಗುಬ್ಬಿ,gubbi,gubbi_assembly_constituency,nan,ಸಾಮಾನ್ಯ,G.S. Shivananjappa,ಜಿ. ಎಸ್. Shivananjappa,IND,ಪಕ್ಷೇತರ (IND),37374,40.6,G.S. Basavaraj,ಜಿ. ಎಸ್. ಬಸವರಾಜ್,INC,ಕಾಂಗ್ರೆಸ್ (INC),28684,8690,#7f7f7f
1994,61,Turuvekere,ತುರುವೇಕೆರೆ,turuvekere,turuvekere_assembly_constituency,nan,ಸಾಮಾನ್ಯ,H.B. Nanjegowda Alias Murthy,ಎಚ್. ಬಿ. Nanjegowda Alias Murthy,JD,ಜನತಾ ದಳ (JD),44384,47.0,M.D. Lakshminarayana,ಎಂ. ಡಿ. Lakshminarayana,BJP,ಬಿಜೆಪಿ (BJP),29780,14604,#2ca02c
1994,62,Tiptur,ತಿಪಟೂರು,tiptur,tiptur_assembly_constituency,nan,ಸಾಮಾನ್ಯ,B. Nanjamari,ಬಿ. Nanjamari,BJP,ಬಿಜೆಪಿ (BJP),43769,47.1,Annapurnamma Manjunath,Annapurnamma Manjunath,INC,ಕಾಂಗ್ರೆಸ್ (INC),27708,16061,#ff7f0e
1994,63,Chiknaikanahalli,Chiknaikanahalli,chiknaikanahalli,chiknaikanahalli_assembly_constituency,nan,ಸಾಮಾನ್ಯ,N.Basavaiah,ಎನ್. Basavaiah,KCP,KCP,38025,43.5,J.C. Madhu Swamy,ಜೆ. ಸಿ. Madhu ಸ್ವಾಮಿ,JD,ಜನತಾ ದಳ (JD),24140,13885,#64748b
1994,64,Gauribidanur,ಗೌರಿಬಿದನೂರು,gauribidanur,gauribidanur_assembly_constituency,nan,ಸಾಮಾನ್ಯ,N. Jyothi Reddy,ಎನ್. Jyothi ರೆಡ್ಡಿ,JD,ಜನತಾ ದಳ (JD),42159,43.4,S.V. Aswathanarayana Reddy,ಎಸ್. ವಿ. Aswathanarayana ರೆಡ್ಡಿ,IND,ಪಕ್ಷೇತರ (IND),34274,7885,#2ca02c
1994,65,Chikballapur,Chikballapur,chikballapur,chikballapur_assembly_constituency,SC,ಪರಿಶಿಷ್ಟ ಜಾತಿ (SC),M. Shivananda,ಎಂ. Shivananda,IND,ಪಕ್ಷೇತರ (IND),39520,40.9,K.M. Muniyappa,ಕೆ. ಎಂ. Muniyappa,JD,ಜನತಾ ದಳ (JD),20544,18976,#7f7f7f
1994,66,Sidlaghatta,ಶಿಡ್ಲಘಟ್ಟ,sidlaghatta,sidlaghatta_assembly_constituency,nan,ಸಾಮಾನ್ಯ,Muniyappa V.,Muniyappa ವಿ.,INC,ಕಾಂಗ್ರೆಸ್ (INC),45679,43.2,Munishamappa S.,Munishamappa ಎಸ್.,JD,ಜನತಾ ದಳ (JD),38692,6987,#1f77b4
1994,67,Bagepalli,ಬಾಗೇಪಲ್ಲಿ,bagepalli,bagepalli_assembly_constituency,nan,ಸಾಮಾನ್ಯ,G.V. Srirama Reddy,ಜಿ. ವಿ. Srirama ರೆಡ್ಡಿ,CPM,ಸಿಪಿಎಂ (CPM),35851,40.3,P.N. Padmanabha Rao,ಪಿ. ಎನ್. Padmanabha ರಾವ್,INC,ಕಾಂಗ್ರೆಸ್ (INC),29405,6446,#a50f15
1994,68,Chintamani,ಚಿಂತಾಮಣಿ,chintamani,chintamani_assembly_constituency,nan,ಸಾಮಾನ್ಯ,K.M. Krishnareddy,ಕೆ. ಎಂ. Krishnareddy,JD,ಜನತಾ ದಳ (JD),52293,47.6,Chowdareddy,Chowdareddy,INC,ಕಾಂಗ್ರೆಸ್ (INC),51395,898,#2ca02c
1994,69,Srinivasapur,ಶ್ರೀನಿವಾಸಪುರ,srinivasapur,srinivasapur_assembly_constituency,nan,ಸಾಮಾನ್ಯ,Rameshkumar,Rameshkumar,JD,ಜನತಾ ದಳ (JD),52304,51.1,G.K. Venkatashivareddy,ಜಿ. ಕೆ. Venkatashivareddy,INC,ಕಾಂಗ್ರೆಸ್ (INC),48157,4147,#2ca02c
1994,70,Mulbagal,ಮುಳಬಾಗಿಲು,mulbagal,mulbagal_assembly_constituency,SC,ಪರಿಶಿಷ್ಟ ಜಾತಿ (SC),R. Srinivasa,ಆರ್. ಶ್ರೀನಿವಾಸ,JD,ಜನತಾ ದಳ (JD),44297,41.4,M.V. Venkatappa,ಎಂ. ವಿ. Venkatappa,INC,ಕಾಂಗ್ರೆಸ್ (INC),39954,4343,#2ca02c
1994,71,Kolar Gold Fields,Kolar Gold Fields,kolargoldfields,kolar_gold_fields_assembly_constituency,SC,ಪರಿಶಿಷ್ಟ ಜಾತಿ (SC),S. Rajendiran,ಎಸ್. Rajendiran,BRP,BRP,27271,42.9,M. Bakthavatchalam,ಎಂ. Bakthavatchalam,ADMK,ADMK,17862,9409,#64748b
1994,72,Bethamangala,Bethamangala,bethamangala,bethamangala_assembly_constituency,SC,ಪರಿಶಿಷ್ಟ ಜಾತಿ (SC),M. Narayanaswamy,ಎಂ. Narayanaswamy,JD,ಜನತಾ ದಳ (JD),43157,42.1,C. Venkateshappa,ಸಿ. Venkateshappa,IND,ಪಕ್ಷೇತರ (IND),38483,4674,#2ca02c
1994,73,Kolar,ಕೋಲಾರ,kolar,kolar_assembly_constituency,nan,ಸಾಮಾನ್ಯ,K. Srinivasa Gowda,ಕೆ. ಶ್ರೀನಿವಾಸ ಗೌಡ,JD,ಜನತಾ ದಳ (JD),40612,43.9,K.A. Nisar Ahamed,ಕೆ. ಎ. Nisar Ahamed,INC,ಕಾಂಗ್ರೆಸ್ (INC),27790,12822,#2ca02c
1994,74,Vemgal,Vemgal,vemgal,vemgal_assembly_constituency,nan,ಸಾಮಾನ್ಯ,C. Byre Gowda,ಸಿ. Byre ಗೌಡ,JD,ಜನತಾ ದಳ (JD),66049,63.5,V. Venkatamuniyappa,ವಿ. Venkatamuniyappa,INC,ಕಾಂಗ್ರೆಸ್ (INC),33001,33048,#2ca02c
1994,75,Malur,ಮಲೂರು,malur,malur_assembly_constituency,nan,ಸಾಮಾನ್ಯ,H.B. Dyavarappa,ಎಚ್. ಬಿ. Dyavarappa,JD,ಜನತಾ ದಳ (JD),40828,43.0,A. Nagaraju,ಎ. Nagaraju,INC,ಕಾಂಗ್ರೆಸ್ (INC),37194,3634,#2ca02c
1994,76,Malleshwaram,ಮಲ್ಲೇಶ್ವರಂ,malleshwaram,malleshwaram_assembly_constituency,nan,ಸಾಮಾನ್ಯ,Ananthanag,Ananthanag,JD,ಜನತಾ ದಳ (JD),43772,49.1,H.N. Chandrashekara,ಎಚ್. ಎನ್. Chandrashekara,BJP,ಬಿಜೆಪಿ (BJP),19142,24630,#2ca02c
1994,77,Rajajinagar,ರಾಜಾಜಿ ನಗರ,rajajinagar,rajajinagar_assembly_constituency,nan,ಸಾಮಾನ್ಯ,S. Suresh Kumar,ಎಸ್. Suresh ಕುಮಾರ್,BJP,ಬಿಜೆಪಿ (BJP),67175,47.5,R.V. Hareesh,ಆರ್. ವಿ. Hareesh,JD,ಜನತಾ ದಳ (JD),47677,19498,#ff7f0e
1994,78,Gandhinagar,ಗಾಂಧಿ ನಗರ,gandhinagar,gandhinagar_assembly_constituency,nan,ಸಾಮಾನ್ಯ,B. Muniyappa,ಬಿ. Muniyappa,ADMK,ADMK,16893,27.3,R. Dayananda Rao,ಆರ್. Dayananda ರಾವ್,INC,ಕಾಂಗ್ರೆಸ್ (INC),14227,2666,#64748b
1994,79,Chickpet,ಚಿಕ್ಕಪೇಟೆ,chickpet,chickpet_assembly_constituency,nan,ಸಾಮಾನ್ಯ,Dr. Jeevaraj Alva,ಡಾ. Jeevaraj Alva,BJP,ಬಿಜೆಪಿ (BJP),14761,28.3,Perikal M. Mallappa,Perikal ಎಂ. Mallappa,INC,ಕಾಂಗ್ರೆಸ್ (INC),13801,960,#ff7f0e
1994,80,Binnypet,Binnypet,binnypet,binnypet_assembly_constituency,nan,ಸಾಮಾನ್ಯ,V. Somanna,ವಿ. Somanna,JD,ಜನತಾ ದಳ (JD),82354,49.4,Naseer Ahmed,Naseer Ahmed,KCP,KCP,32369,49985,#2ca02c
1994,81,Chamarajapet,Chamarajapet,chamarajapet,chamarajapet_assembly_constituency,nan,ಸಾಮಾನ್ಯ,Pramila Nesargi,Pramila Nesargi,BJP,ಬಿಜೆಪಿ (BJP),15665,28.3,R.V. Devaraj,ಆರ್. ವಿ. Devaraj,KCP,KCP,14488,1177,#ff7f0e
1994,82,Basavanagudi,ಬಸವನಗುಡಿ,basavanagudi,basavanagudi_assembly_constituency,nan,ಸಾಮಾನ್ಯ,H.N.Nanje Gowda,ಎಚ್. ಎನ್. Nanje ಗೌಡ,BJP,ಬಿಜೆಪಿ (BJP),40013,46.1,Vajramuni,Vajramuni,INC,ಕಾಂಗ್ರೆಸ್ (INC),23077,16936,#ff7f0e
1994,83,Jayanagar,ಜಯನಗರ,jayanagar,jayanagar_assembly_constituency,nan,ಸಾಮಾನ್ಯ,Ramalinga Reddy,ರಾಮಲಿಂಗ ರೆಡ್ಡಿ,INC,ಕಾಂಗ್ರೆಸ್ (INC),43215,37.4,K.N. Subba Reddy,ಕೆ. ಎನ್. Subba ರೆಡ್ಡಿ,BJP,ಬಿಜೆಪಿ (BJP),40656,2559,#1f77b4
1994,84,Shanthinagar,ಶಾಂತಿ ನಗರ,shanthinagar,shanthinagar_assembly_constituency,SC,ಪರಿಶಿಷ್ಟ ಜಾತಿ (SC),D.G. Hemavathy,ಡಿ. ಜಿ. Hemavathy,JD,ಜನತಾ ದಳ (JD),21722,31.3,M. Muniswamy,ಎಂ. Muniswamy,INC,ಕಾಂಗ್ರೆಸ್ (INC),21001,721,#2ca02c
1994,85,Shivajinagar,ಶಿವಾಜಿನಗರ,shivajinagar,shivajinagar_assembly_constituency,nan,ಸಾಮಾನ್ಯ,R. Roshan Baig,ಆರ್. Roshan Baig,JD,ಜನತಾ ದಳ (JD),22752,50.5,K. Subramanyam Naidu,ಕೆ. Subramanyam Naidu,BJP,ಬಿಜೆಪಿ (BJP),14074,8678,#2ca02c
1994,86,Bharathinagar,Bharathinagar,bharathinagar,bharathinagar_assembly_constituency,nan,ಸಾಮಾನ್ಯ,N. Rajanna,ಎನ್. Rajanna,JD,ಜನತಾ ದಳ (JD),20232,33.7,M.J. Victor,ಎಂ. ಜೆ. Victor,INC,ಕಾಂಗ್ರೆಸ್ (INC),11086,9146,#2ca02c
1994,87,Jayamahal,Jayamahal,jayamahal,jayamahal_assembly_constituency,nan,ಸಾಮಾನ್ಯ,R. Krishnappa,ಆರ್. Krishnappa,JD,ಜನತಾ ದಳ (JD),29011,38.1,S.M. Yahya,ಎಸ್. ಎಂ. Yahya,INC,ಕಾಂಗ್ರೆಸ್ (INC),26163,2848,#2ca02c
1994,88,Yelahanka,ಯಲಹಂಕ,yelahanka,yelahanka_assembly_constituency,nan,ಸಾಮಾನ್ಯ,M.H.Jayaprakash Narayan,ಎಂ. ಎಚ್. Jayaprakash Narayan,JD,ಜನತಾ ದಳ (JD),63776,33.0,B. Prasannakumar,ಬಿ. Prasannakumar,INC,ಕಾಂಗ್ರೆಸ್ (INC),61755,2021,#2ca02c
1994,89,Uttarahalli,Uttarahalli,uttarahalli,uttarahalli_assembly_constituency,nan,ಸಾಮಾನ್ಯ,Srinivas M.,ಶ್ರೀನಿವಾಸ್ ಎಂ.,BJP,ಬಿಜೆಪಿ (BJP),144193,43.0,Ramesh S.,ರಮೇಶ್ ಎಸ್.,INC,ಕಾಂಗ್ರೆಸ್ (INC),98315,45878,#ff7f0e
1994,90,Varthur,Varthur,varthur,varthur_assembly_constituency,nan,ಸಾಮಾನ್ಯ,Aswathanarayana Reddy,Aswathanarayana ರೆಡ್ಡಿ,JD,ಜನತಾ ದಳ (JD),87295,51.2,A. Krishnappa,ಎ. Krishnappa,INC,ಕಾಂಗ್ರೆಸ್ (INC),59085,28210,#2ca02c
1994,91,Kanakapura,ಕನಕಪುರ,kanakapura,kanakapura_assembly_constituency,nan,ಸಾಮಾನ್ಯ,P.G.R. Sindhia,ಪಿ. ಜಿ. ಆರ್. Sindhia,JD,ಜನತಾ ದಳ (JD),68561,70.6,K.T. Channabasavegowda,ಕೆ. ಟಿ. Channabasavegowda,INC,ಕಾಂಗ್ರೆಸ್ (INC),19559,49002,#2ca02c
1994,92,Sathanur,Sathanur,sathanur,sathanur_assembly_constituency,nan,ಸಾಮಾನ್ಯ,D.K. Shivakumar,ಡಿ. ಕೆ. ಶಿವಕುಮಾರ್,IND,ಪಕ್ಷೇತರ (IND),48270,46.1,U.K. Swamy,ಯು. ಕೆ. ಸ್ವಾಮಿ,JD,ಜನತಾ ದಳ (JD),47702,568,#7f7f7f
1994,93,Channapatna,ಚನ್ನಪಟ್ಟಣ,channapatna,channapatna_assembly_constituency,nan,ಸಾಮಾನ್ಯ,M.Varade Gowda,ಎಂ. Varade ಗೌಡ,JD,ಜನತಾ ದಳ (JD),67661,58.5,Sadath Ali Khan,Sadath Ali Khan,INC,ಕಾಂಗ್ರೆಸ್ (INC),39428,28233,#2ca02c
1994,94,Ramanagaram,Ramanagaram,ramanagaram,ramanagaram_assembly_constituency,nan,ಸಾಮಾನ್ಯ,H D Devegowda,ಎಚ್. ಡಿ. Devegowda,JD,ಜನತಾ ದಳ (JD),47986,43.2,C.M. Lingappa,ಸಿ. ಎಂ. Lingappa,INC,ಕಾಂಗ್ರೆಸ್ (INC),38392,9594,#2ca02c
1994,95,Magadi,ಮಾಗಡಿ,magadi,magadi_assembly_constituency,nan,ಸಾಮಾನ್ಯ,H.C. Balakrishna,ಎಚ್. ಸಿ. Balakrishna,BJP,ಬಿಜೆಪಿ (BJP),56735,54.0,H.M. Revanna,ಎಚ್. ಎಂ. Revanna,INC,ಕಾಂಗ್ರೆಸ್ (INC),42131,14604,#ff7f0e
1994,96,Doddaballapur,ದೊಡ್ಡಬಳ್ಳಾಪುರ,doddaballapur,doddaballapur_assembly_constituency,nan,ಸಾಮಾನ್ಯ,R.L. Jalappa,ಆರ್. ಎಲ್. Jalappa,JD,ಜನತಾ ದಳ (JD),59764,54.1,V. Krishnappa,ವಿ. Krishnappa,INC,ಕಾಂಗ್ರೆಸ್ (INC),37130,22634,#2ca02c
1994,97,Nelamangala,ನೆಲಮಂಗಲ,nelamangala,nelamangala_assembly_constituency,SC,ಪರಿಶಿಷ್ಟ ಜಾತಿ (SC),M. Shankar Naik,ಎಂ. Shankar ನಾಯಕ್,JD,ಜನತಾ ದಳ (JD),39459,42.6,Anjana Murthy,Anjana Murthy,INC,ಕಾಂಗ್ರೆಸ್ (INC),36408,3051,#2ca02c
1994,98,Devanahalli,ದೇವನಹಳ್ಳಿ,devanahalli,devanahalli_assembly_constituency,SC,ಪರಿಶಿಷ್ಟ ಜಾತಿ (SC),G. Chandranna,ಜಿ. Chandranna,JD,ಜನತಾ ದಳ (JD),67819,57.6,Muninarasimhaiah,Muninarasimhaiah,INC,ಕಾಂಗ್ರೆಸ್ (INC),40160,27659,#2ca02c
1994,99,Hosakote,ಹೊಸಕೋಟೆ,hosakote,hosakote_assembly_constituency,nan,ಸಾಮಾನ್ಯ,B.N. Bachegowda,ಬಿ. ಎನ್. Bachegowda,JD,ಜನತಾ ದಳ (JD),70517,53.2,Munegowda,Munegowda,INC,ಕಾಂಗ್ರೆಸ್ (INC),47467,23050,#2ca02c
1994,100,Anekal,ಆನೇಕಲ್,anekal,anekal_assembly_constituency,SC,ಪರಿಶಿಷ್ಟ ಜಾತಿ (SC),Y. Ramakrishna,ವೈ. Ramakrishna,BJP,ಬಿಜೆಪಿ (BJP),37999,30.5,M. Ganapathiraja,ಎಂ. Ganapathiraja,JD,ಜನತಾ ದಳ (JD),37131,868,#ff7f0e
1994,101,Nagamangala,ನಾಗಮಂಗಲ,nagamangala,nagamangala_assembly_constituency,nan,ಸಾಮಾನ್ಯ,L.R. Shivaramegowda,ಎಲ್. ಆರ್. Shivaramegowda,IND,ಪಕ್ಷೇತರ (IND),44719,45.4,B.V. Dharanendra Babu,ಬಿ. ವಿ. Dharanendra Babu,BJP,ಬಿಜೆಪಿ (BJP),27768,16951,#7f7f7f
1994,102,Maddur,ಮದ್ದೂರು,maddur,maddur_assembly_constituency,nan,ಸಾಮಾನ್ಯ,Dr. M. Mahesh Chand,ಡಾ. ಎಂ. Mahesh Chand,JD,ಜನತಾ ದಳ (JD),40695,40.8,S.M. Krishna,ಎಸ್. ಎಂ. Krishna,INC,ಕಾಂಗ್ರೆಸ್ (INC),37231,3464,#2ca02c
1994,103,Kiragaval,Kiragaval,kiragaval,kiragaval_assembly_constituency,nan,ಸಾಮಾನ್ಯ,K.N. Nagegowda,ಕೆ. ಎನ್. Nagegowda,JD,ಜನತಾ ದಳ (JD),36348,37.2,B. Basavaraju,ಬಿ. Basavaraju,INC,ಕಾಂಗ್ರೆಸ್ (INC),28866,7482,#2ca02c
1994,104,Malavalli,ಮಳವಳ್ಳಿ,malavalli,malavalli_assembly_constituency,SC,ಪರಿಶಿಷ್ಟ ಜಾತಿ (SC),Somasekhar B.,Somasekhar ಬಿ.,JD,ಜನತಾ ದಳ (JD),63808,64.3,Mallajamma,Mallajamma,INC,ಕಾಂಗ್ರೆಸ್ (INC),27435,36373,#2ca02c
1994,105,Mandya,ಮಂಡ್ಯ,mandya,mandya_assembly_constituency,nan,ಸಾಮಾನ್ಯ,S.D. Jayaram,ಎಸ್. ಡಿ. Jayaram,JD,ಜನತಾ ದಳ (JD),57216,57.9,M.S. Athmananda,ಎಂ. ಎಸ್. Athmananda,INC,ಕಾಂಗ್ರೆಸ್ (INC),27183,30033,#2ca02c
1994,106,Keragodu,Keragodu,keragodu,keragodu_assembly_constituency,nan,ಸಾಮಾನ್ಯ,G.B. Shivakumar,ಜಿ. ಬಿ. ಶಿವಕುಮಾರ್,JD,ಜನತಾ ದಳ (JD),48124,57.0,M.D. Ramesh Raju,ಎಂ. ಡಿ. ರಮೇಶ್ ರಾಜು,INC,ಕಾಂಗ್ರೆಸ್ (INC),14838,33286,#2ca02c
1994,107,Srirangapatna,ಶ್ರೀರಂಗಪಟ್ಟಣ,srirangapatna,srirangapatna_assembly_constituency,nan,ಸಾಮಾನ್ಯ,Vijaya Laxmamma Bandisiddegowda,Vijaya Laxmamma Bandisiddegowda,JD,ಜನತಾ ದಳ (JD),43062,41.9,K.S. Nanjundegowda,ಕೆ. ಎಸ್. Nanjundegowda,IND,ಪಕ್ಷೇತರ (IND),19635,23427,#2ca02c
1994,108,Pandavapura,Pandavapura,pandavapura,pandavapura_assembly_constituency,nan,ಸಾಮಾನ್ಯ,K.S. Puttannaiah,ಕೆ. ಎಸ್. Puttannaiah,KRRS,KRRS,43323,40.7,K. Kempegowda,ಕೆ. Kempegowda,IND,ಪಕ್ಷೇತರ (IND),30739,12584,#64748b
1994,109,Krishnarajapete,Krishnarajapete,krishnarajapete,krishnarajapete_assembly_constituency,nan,ಸಾಮಾನ್ಯ,Krishna,Krishna,JD,ಜನತಾ ದಳ (JD),59841,55.1,Kengegowda K.N.,Kengegowda ಕೆ. ಎನ್.,BJP,ಬಿಜೆಪಿ (BJP),22785,37056,#2ca02c
1994,110,Hanur,ಹನೂರು,hanur,hanur_assembly_constituency,nan,ಸಾಮಾನ್ಯ,H. Nagappa,ಎಚ್. Nagappa,JD,ಜನತಾ ದಳ (JD),65851,58.4,G. Rajugowda,ಜಿ. Rajugowda,INC,ಕಾಂಗ್ರೆಸ್ (INC),45209,20642,#2ca02c
1994,111,Kollegal,ಕೊಳ್ಳೇಗಾಲ,kollegal,kollegal_assembly_constituency,SC,ಪರಿಶಿಷ್ಟ ಜಾತಿ (SC),S. Jayanna,ಎಸ್. Jayanna,JD,ಜನತಾ ದಳ (JD),39568,47.0,G.N. Nanjundaswamy,ಜಿ. ಎನ್. Nanjundaswamy,BJP,ಬಿಜೆಪಿ (BJP),13988,25580,#2ca02c
1994,112,Bannur,Bannur,bannur,bannur_assembly_constituency,nan,ಸಾಮಾನ್ಯ,S. Krishnappa,ಎಸ್. Krishnappa,JD,ಜನತಾ ದಳ (JD),46992,49.0,K.M. Chikkamadanaika,ಕೆ. ಎಂ. Chikkamadanaika,INC,ಕಾಂಗ್ರೆಸ್ (INC),34398,12594,#2ca02c
1994,113,T.Narasipur,ಟಿ. Narasipur,tnarasipur,tnarasipur_assembly_constituency,SC,ಪರಿಶಿಷ್ಟ ಜಾತಿ (SC),H.C. Mahadevappa,ಎಚ್. ಸಿ. ಮಹಾದೇವಪ್ಪ,JD,ಜನತಾ ದಳ (JD),51874,58.8,M. Srinivasaiah,ಎಂ. Srinivasaiah,INC,ಕಾಂಗ್ರೆಸ್ (INC),20615,31259,#2ca02c
1994,114,Krishnaraja,Krishnaraja,krishnaraja,krishnaraja_assembly_constituency,nan,ಸಾಮಾನ್ಯ,A. Ramdas,ಎ. Ramdas,BJP,ಬಿಜೆಪಿ (BJP),28190,47.6,M. Vedantha Hemmige,ಎಂ. Vedantha Hemmige,JD,ಜನತಾ ದಳ (JD),18827,9363,#ff7f0e
1994,115,Chamaraja,ಚಾಮರಾಜ,chamaraja,chamaraja_assembly_constituency,nan,ಸಾಮಾನ್ಯ,H.S. Shankaral Ngegowda,ಎಚ್. ಎಸ್. Shankaral Ngegowda,BJP,ಬಿಜೆಪಿ (BJP),32620,40.2,C. Basavegowda,ಸಿ. Basavegowda,JD,ಜನತಾ ದಳ (JD),19937,12683,#ff7f0e
1994,116,Narasimharaja,ನರಸಿಂಹರಾಜ,narasimharaja,narasimharaja_assembly_constituency,nan,ಸಾಮಾನ್ಯ,E. Maruthirao Pawar,ಇ. Maruthirao Pawar,BJP,ಬಿಜೆಪಿ (BJP),31592,32.0,Azeez Sait,Azeez ಸೇಟ್,IND,ಪಕ್ಷೇತರ (IND),30141,1451,#ff7f0e
1994,117,Chamundeswari,Chamundeswari,chamundeswari,chamundeswari_assembly_constituency,nan,ಸಾಮಾನ್ಯ,Siddaramaiah,ಸಿದ್ದರಾಮಯ್ಯ,JD,ಜನತಾ ದಳ (JD),76823,54.5,A.S. Guruswamy,ಎ. ಎಸ್. Guruswamy,INC,ಕಾಂಗ್ರೆಸ್ (INC),44668,32155,#2ca02c
1994,118,Nanjangud,ನಂಜನಗೂಡು,nanjangud,nanjangud_assembly_constituency,SC,ಪರಿಶಿಷ್ಟ ಜಾತಿ (SC),D.T. Jayakumar,ಡಿ. ಟಿ. Jayakumar,JD,ಜನತಾ ದಳ (JD),56513,60.5,M. Mahadev,ಎಂ. Mahadev,INC,ಕಾಂಗ್ರೆಸ್ (INC),27097,29416,#2ca02c
1994,119,Santhemarahalli,Santhemarahalli,santhemarahalli,santhemarahalli_assembly_constituency,SC,ಪರಿಶಿಷ್ಟ ಜಾತಿ (SC),A.R. Krishnamurthy,ಎ. ಆರ್. Krishnamurthy,JD,ಜನತಾ ದಳ (JD),39905,48.1,T. Gopal,ಟಿ. Gopal,BJP,ಬಿಜೆಪಿ (BJP),27652,12253,#2ca02c
1994,120,Chamarajanagar,ಚಾಮರಾಜನಗರ,chamarajanagar,chamarajanagar_assembly_constituency,nan,ಸಾಮಾನ್ಯ,Vatal Nagaraj,Vatal Nagaraj,KCVP,KCVP,28334,26.7,S. Puttaswamy,ಎಸ್. Puttaswamy,INC,ಕಾಂಗ್ರೆಸ್ (INC),22352,5982,#64748b
1994,121,Gundlupet,ಗುಂಡ್ಲುಪೇಟೆ,gundlupet,gundlupet_assembly_constituency,nan,ಸಾಮಾನ್ಯ,H.S. Mahadeva Prasad,ಎಚ್. ಎಸ್. Mahadeva Prasad,JD,ಜನತಾ ದಳ (JD),53724,50.8,C.M. Shivamallappa,ಸಿ. ಎಂ. Shivamallappa,INC,ಕಾಂಗ್ರೆಸ್ (INC),29668,24056,#2ca02c
1994,122,Heggadadevanakote,Heggadadevanakote,heggadadevanakote,heggadadevanakote_assembly_constituency,SC,ಪರಿಶಿಷ್ಟ ಜಾತಿ (SC),N. Nagaraju,ಎನ್. Nagaraju,JD,ಜನತಾ ದಳ (JD),41208,39.6,M. Shivanna,ಎಂ. ಶಿವಣ್ಣ,INC,ಕಾಂಗ್ರೆಸ್ (INC),40182,1026,#2ca02c
1994,123,Hunasuru,Hunasuru,hunasuru,hunasuru_assembly_constituency,nan,ಸಾಮಾನ್ಯ,C.H. Vijayashankar,ಸಿ. ಎಚ್. Vijayashankar,BJP,ಬಿಜೆಪಿ (BJP),35973,31.0,V. Papanna,ವಿ. Papanna,JD,ಜನತಾ ದಳ (JD),33122,2851,#ff7f0e
1994,124,Krishnarajanagara,Krishnarajanagara,krishnarajanagara,krishnarajanagara_assembly_constituency,nan,ಸಾಮಾನ್ಯ,S. Nanjappa,ಎಸ್. Nanjappa,JD,ಜನತಾ ದಳ (JD),51014,48.1,H. Vishwanatha,ಎಚ್. Vishwanatha,INC,ಕಾಂಗ್ರೆಸ್ (INC),49707,1307,#2ca02c
1994,125,Periyapatna,ಪಿರಿಯಾಪಟ್ಟಣ,periyapatna,periyapatna_assembly_constituency,nan,ಸಾಮಾನ್ಯ,K. Venkatesh,ಕೆ. Venkatesh,JD,ಜನತಾ ದಳ (JD),53111,45.9,K.S. Kalamarigowda,ಕೆ. ಎಸ್. Kalamarigowda,INC,ಕಾಂಗ್ರೆಸ್ (INC),34326,18785,#2ca02c
1994,126,Virajpet,ವಿರಾಜಪೇಟೆ,virajpet,virajpet_assembly_constituency,nan,ಸಾಮಾನ್ಯ,Basavarju H.D.,Basavarju ಎಚ್. ಡಿ.,BJP,ಬಿಜೆಪಿ (BJP),21790,35.9,Suma Vasantha,Suma Vasantha,INC,ಕಾಂಗ್ರೆಸ್ (INC),20009,1781,#ff7f0e
1994,127,Madikere,Madikere,madikere,madikere_assembly_constituency,nan,ಸಾಮಾನ್ಯ,Dambekodi Subbaya Madappa,Dambekodi Subbaya Madappa,BJP,ಬಿಜೆಪಿ (BJP),33306,44.1,T.P. Ramesha,ಟಿ. ಪಿ. Ramesha,JD,ಜನತಾ ದಳ (JD),22154,11152,#ff7f0e
1994,128,Somwarpet,Somwarpet,somwarpet,somwarpet_assembly_constituency,nan,ಸಾಮಾನ್ಯ,Appachw Ranjan M.P.,Appachw Ranjan ಎಂ. ಪಿ.,BJP,ಬಿಜೆಪಿ (BJP),33195,35.8,Jeevijaya B.A.,Jeevijaya ಬಿ. ಎ.,JD,ಜನತಾ ದಳ (JD),31267,1928,#ff7f0e
1994,129,Belur,ಬೇಲೂರು,belur,belur_assembly_constituency,nan,ಸಾಮಾನ್ಯ,H.K. Kumara Swamy,ಎಚ್. ಕೆ. Kumara ಸ್ವಾಮಿ,JD,ಜನತಾ ದಳ (JD),24927,30.8,S.H. Puttaranganath,ಎಸ್. ಎಚ್. Puttaranganath,IND,ಪಕ್ಷೇತರ (IND),22974,1953,#2ca02c
1994,130,Arsikere,ಅರಸೀಕೆರೆ,arsikere,arsikere_assembly_constituency,nan,ಸಾಮಾನ್ಯ,G.S. Parameshwarappa,ಜಿ. ಎಸ್. Parameshwarappa,JD,ಜನತಾ ದಳ (JD),31845,32.5,Haranahalli Ramaswamy,Haranahalli Ramaswamy,INC,ಕಾಂಗ್ರೆಸ್ (INC),29113,2732,#2ca02c
1994,131,Gandsi,Gandsi,gandsi,gandsi_assembly_constituency,nan,ಸಾಮಾನ್ಯ,B. Shivaramu,ಬಿ. Shivaramu,IND,ಪಕ್ಷೇತರ (IND),53002,51.7,E. Nanje Gowda,ಇ. Nanje ಗೌಡ,JD,ಜನತಾ ದಳ (JD),42070,10932,#7f7f7f
1994,132,Sravanabelagola,Sravanabelagola,sravanabelagola,sravanabelagola_assembly_constituency,nan,ಸಾಮಾನ್ಯ,C.S. Puttegowda,ಸಿ. ಎಸ್. Puttegowda,JD,ಜನತಾ ದಳ (JD),66906,53.3,H.C. Srikantiah Alias Annaiah,ಎಚ್. ಸಿ. Srikantiah Alias Annaiah,INC,ಕಾಂಗ್ರೆಸ್ (INC),45871,21035,#2ca02c
1994,133,Holenarasipur,ಹೊಳೆನರಸೀಪುರ,holenarasipur,holenarasipur_assembly_constituency,nan,ಸಾಮಾನ್ಯ,H.D. Revanna,ಎಚ್. ಡಿ. Revanna,JD,ಜನತಾ ದಳ (JD),47606,43.0,G. Puttaswamy Gowda,ಜಿ. Puttaswamy ಗೌಡ,INC,ಕಾಂಗ್ರೆಸ್ (INC),47484,122,#2ca02c
1994,134,Arkalgud,ಅರಕಲಗೂಡು,arkalgud,arkalgud_assembly_constituency,nan,ಸಾಮಾನ್ಯ,A.T. Ramaswamy,ಎ. ಟಿ. Ramaswamy,INC,ಕಾಂಗ್ರೆಸ್ (INC),38222,39.2,A. Manju,ಎ. ಮಂಜು,BJP,ಬಿಜೆಪಿ (BJP),32181,6041,#1f77b4
1994,135,Hassan,ಹಾಸನ,hassan,hassan_assembly_constituency,nan,ಸಾಮಾನ್ಯ,H.S. Prakash,ಎಚ್. ಎಸ್. ಪ್ರಕಾಶ್,JD,ಜನತಾ ದಳ (JD),55121,49.5,K.H. Hanumegowda,ಕೆ. ಎಚ್. Hanumegowda,INC,ಕಾಂಗ್ರೆಸ್ (INC),42658,12463,#2ca02c
1994,136,Sakleshpur,ಸಕಲೇಶಪುರ,sakleshpur,sakleshpur_assembly_constituency,SC,ಪರಿಶಿಷ್ಟ ಜಾತಿ (SC),B.B. Shivappa,ಬಿ. ಬಿ. Shivappa,BJP,ಬಿಜೆಪಿ (BJP),40761,40.3,J.D. Somappa,ಜೆ. ಡಿ. Somappa,INC,ಕಾಂಗ್ರೆಸ್ (INC),29852,10909,#ff7f0e
1994,137,Sullia,ಸುಳ್ಯ,sullia,sullia_assembly_constituency,SC,ಪರಿಶಿಷ್ಟ ಜಾತಿ (SC),Angara S.,Angara ಎಸ್.,BJP,ಬಿಜೆಪಿ (BJP),52113,51.2,K. Kushala,ಕೆ. Kushala,INC,ಕಾಂಗ್ರೆಸ್ (INC),37069,15044,#ff7f0e
1994,138,Puttur,ಪುತ್ತೂರು,puttur,puttur_assembly_constituency,nan,ಸಾಮಾನ್ಯ,D.V. Sadananda Gowda,ಡಿ. ವಿ. Sadananda ಗೌಡ,BJP,ಬಿಜೆಪಿ (BJP),53015,48.6,Vinaya Kumar Sorake,Vinaya ಕುಮಾರ್ Sorake,INC,ಕಾಂಗ್ರೆಸ್ (INC),52611,404,#ff7f0e
1994,139,Vittal,Vittal,vittal,vittal_assembly_constituency,nan,ಸಾಮಾನ್ಯ,A. Rukmaya Poojary,ಎ. Rukmaya ಪೂಜಾರಿ,BJP,ಬಿಜೆಪಿ (BJP),41627,43.5,H. Ramayya Naik,ಎಚ್. Ramayya ನಾಯಕ್,JD,ಜನತಾ ದಳ (JD),34507,7120,#ff7f0e
1994,140,Belthangady,ಬೆಳ್ತಂಗಡಿ,belthangady,belthangady_assembly_constituency,nan,ಸಾಮಾನ್ಯ,K. Vasantha Bangera,ಕೆ. Vasantha Bangera,JD,ಜನತಾ ದಳ (JD),39871,38.5,K. Prabhakara Bangera,ಕೆ. Prabhakara Bangera,BJP,ಬಿಜೆಪಿ (BJP),32433,7438,#2ca02c
1994,141,Bantwal,Bantwal,bantwal,bantwal_assembly_constituency,nan,ಸಾಮಾನ್ಯ,B. Ramanatha Rai,ಬಿ. Ramanatha Rai,INC,ಕಾಂಗ್ರೆಸ್ (INC),34027,44.3,Shakunthala T. Shetty,Shakunthala ಟಿ. Shetty,BJP,ಬಿಜೆಪಿ (BJP),29734,4293,#1f77b4
1994,142,Mangalore,ಮಂಗಳೂರು,mangalore,mangalore_assembly_constituency,nan,ಸಾಮಾನ್ಯ,N. Yogisha Bhat,ಎನ್. Yogisha Bhat,BJP,ಬಿಜೆಪಿ (BJP),25106,43.4,Blasius M. D'Souza,Blasius ಎಂ. ಡಿ. Souza,INC,ಕಾಂಗ್ರೆಸ್ (INC),17130,7976,#ff7f0e
1994,143,Ullal,Ullal,ullal,ullal_assembly_constituency,nan,ಸಾಮಾನ್ಯ,K. Jayarama Shetty,ಕೆ. Jayarama Shetty,BJP,ಬಿಜೆಪಿ (BJP),24412,32.3,K.S. Mohammed Massod,ಕೆ. ಎಸ್. Mohammed Massod,INC,ಕಾಂಗ್ರೆಸ್ (INC),18817,5595,#ff7f0e
1994,144,Surathkal,Surathkal,surathkal,surathkal_assembly_constituency,nan,ಸಾಮಾನ್ಯ,Kumble Sundara Rao,Kumble Sundara ರಾವ್,BJP,ಬಿಜೆಪಿ (BJP),29589,35.5,Vijayakumar Shetty,Vijayakumar Shetty,INC,ಕಾಂಗ್ರೆಸ್ (INC),25587,4002,#ff7f0e
1994,145,Kaup,ಕಾಪು,kaup,kaup_assembly_constituency,nan,ಸಾಮಾನ್ಯ,Vasanth V. Salian,Vasanth ವಿ. Salian,INC,ಕಾಂಗ್ರೆಸ್ (INC),17152,27.8,Lalaji R. Memdon,Lalaji ಆರ್. Memdon,BJP,ಬಿಜೆಪಿ (BJP),15578,1574,#1f77b4
1994,146,Udupi,ಉಡುಪಿ,udupi,udupi_assembly_constituency,nan,ಸಾಮಾನ್ಯ,U.R. Sabhapathi,ಯು. ಆರ್. Sabhapathi,KCP,KCP,29649,37.8,Manorama Madhwaraj,Manorama Madhwaraj,INC,ಕಾಂಗ್ರೆಸ್ (INC),24831,4818,#64748b
1994,147,Brahmavar,Brahmavar,brahmavar,brahmavar_assembly_constituency,nan,ಸಾಮಾನ್ಯ,K. Jayaprakash Hegde,ಕೆ. Jayaprakash ಹೆಗಡೆ,JD,ಜನತಾ ದಳ (JD),38633,46.3,P. Basavaraj,ಪಿ. ಬಸವರಾಜ್,INC,ಕಾಂಗ್ರೆಸ್ (INC),25757,12876,#2ca02c
1994,148,Coondapur,Coondapur,coondapur,coondapur_assembly_constituency,nan,ಸಾಮಾನ್ಯ,K. Pratapchandra Shetty,ಕೆ. Pratapchandra Shetty,INC,ಕಾಂಗ್ರೆಸ್ (INC),41209,45.2,A.G. Kodgi,ಎ. ಜಿ. Kodgi,BJP,ಬಿಜೆಪಿ (BJP),37770,3439,#1f77b4
1994,149,Baindur,Baindur,baindur,baindur_assembly_constituency,nan,ಸಾಮಾನ್ಯ,I.M. Jayarma Shetty,ಐ. ಎಂ. Jayarma Shetty,BJP,ಬಿಜೆಪಿ (BJP),29841,37.5,Mani Gopal,Mani Gopal,INC,ಕಾಂಗ್ರೆಸ್ (INC),18541,11300,#ff7f0e
1994,150,Karkala,ಕಾರ್ಕಳ,karkala,karkala_assembly_constituency,nan,ಸಾಮಾನ್ಯ,M. Veerappa Moily,ಎಂ. Veerappa Moily,INC,ಕಾಂಗ್ರೆಸ್ (INC),36068,46.6,K.P. Shenoy,ಕೆ. ಪಿ. Shenoy,BJP,ಬಿಜೆಪಿ (BJP),19558,16510,#1f77b4
1994,151,Moodabidri,ಮೂಡಬಿದಿರೆ,moodabidri,moodabidri_assembly_constituency,nan,ಸಾಮಾನ್ಯ,Amaranatha Shetty K.,Amaranatha Shetty ಕೆ.,JD,ಜನತಾ ದಳ (JD),33319,47.5,K. Somappa Suvarna,ಕೆ. Somappa Suvarna,INC,ಕಾಂಗ್ರೆಸ್ (INC),19620,13699,#2ca02c
1994,152,Sringeri,ಶೃಂಗೇರಿ,sringeri,sringeri_assembly_constituency,nan,ಸಾಮಾನ್ಯ,H.G. Govinda Gowda,ಎಚ್. ಜಿ. Govinda ಗೌಡ,JD,ಜನತಾ ದಳ (JD),35991,41.0,D.N. Jeevaraj,ಡಿ. ಎನ್. Jeevaraj,BJP,ಬಿಜೆಪಿ (BJP),27939,8052,#2ca02c
1994,153,Mudigere,ಮೂಡಿಗೆರೆ,mudigere,mudigere_assembly_constituency,SC,ಪರಿಶಿಷ್ಟ ಜಾತಿ (SC),B.B. Ningaiah,ಬಿ. ಬಿ. Ningaiah,JD,ಜನತಾ ದಳ (JD),31773,41.7,Motamma,Motamma,INC,ಕಾಂಗ್ರೆಸ್ (INC),28604,3169,#2ca02c
1994,154,Chikmagalur,ಚಿಕ್ಕಮಗಳೂರು,chikmagalur,chikmagalur_assembly_constituency,nan,ಸಾಮಾನ್ಯ,C.R. Sageer Ahmad,ಸಿ. ಆರ್. Sageer Ahmad,INC,ಕಾಂಗ್ರೆಸ್ (INC),19823,25.4,B.K. Sundresh,ಬಿ. ಕೆ. Sundresh,CPI,ಸಿಪಿಐ (CPI),18841,982,#1f77b4
1994,155,Birur,Birur,birur,birur_assembly_constituency,nan,ಸಾಮಾನ್ಯ,S.R. Lakshmaiah,ಎಸ್. ಆರ್. Lakshmaiah,JD,ಜನತಾ ದಳ (JD),35535,44.0,N.K. Huchappa,ಎನ್. ಕೆ. Huchappa,INC,ಕಾಂಗ್ರೆಸ್ (INC),21815,13720,#2ca02c
1994,156,Kadur,ಕಡೂರು,kadur,kadur_assembly_constituency,nan,ಸಾಮಾನ್ಯ,K.M. Krishna Murthy,ಕೆ. ಎಂ. Krishna Murthy,JD,ಜನತಾ ದಳ (JD),56018,62.7,M. Veerabhadrappa,ಎಂ. Veerabhadrappa,INC,ಕಾಂಗ್ರೆಸ್ (INC),24762,31256,#2ca02c
1994,157,Tarikere,ತಾರೀಕೆರೆ,tarikere,tarikere_assembly_constituency,nan,ಸಾಮಾನ್ಯ,S.M. Nagaraju,ಎಸ್. ಎಂ. Nagaraju,IND,ಪಕ್ಷೇತರ (IND),33769,35.3,B.R. Neelakantappa,ಬಿ. ಆರ್. Neelakantappa,JD,ಜನತಾ ದಳ (JD),33212,557,#7f7f7f
1994,158,Channagiri,ಚನ್ನಗಿರಿ,channagiri,channagiri_assembly_constituency,nan,ಸಾಮಾನ್ಯ,J.H. Patel,ಜೆ. ಎಚ್. Patel,JD,ಜನತಾ ದಳ (JD),38178,41.0,N.G. Halappa,ಎನ್. ಜಿ. Halappa,INC,ಕಾಂಗ್ರೆಸ್ (INC),19047,19131,#2ca02c
1994,159,Holehonnur,Holehonnur,holehonnur,holehonnur_assembly_constituency,SC,ಪರಿಶಿಷ್ಟ ಜಾತಿ (SC),G. Basavannappa,ಜಿ. Basavannappa,JD,ಜನತಾ ದಳ (JD),24999,26.0,Kariyanna,Kariyanna,INC,ಕಾಂಗ್ರೆಸ್ (INC),23174,1825,#2ca02c
1994,160,Bhadravathi,Bhadravathi,bhadravathi,bhadravathi_assembly_constituency,nan,ಸಾಮಾನ್ಯ,M.J. Appaji,ಎಂ. ಜೆ. Appaji,IND,ಪಕ್ಷೇತರ (IND),41660,44.1,B.P. Shivakumar,ಬಿ. ಪಿ. ಶಿವಕುಮಾರ್,JD,ಜನತಾ ದಳ (JD),20412,21248,#7f7f7f
1994,161,Honnali,ಹೊನ್ನಾಳಿ,honnali,honnali_assembly_constituency,nan,ಸಾಮಾನ್ಯ,Krishnamurthy H.B.,Krishnamurthy ಎಚ್. ಬಿ.,KCP,KCP,34893,32.5,D.G. Basavanagouda,ಡಿ. ಜಿ. Basavanagouda,IND,ಪಕ್ಷೇತರ (IND),32889,2004,#64748b
1994,162,Shimoga,ಶಿವಮೊಗ್ಗ,shimoga,shimoga_assembly_constituency,nan,ಸಾಮಾನ್ಯ,K.S. Eswarappa,ಕೆ. ಎಸ್. Eswarappa,BJP,ಬಿಜೆಪಿ (BJP),57385,52.2,K.H. Srinivasa,ಕೆ. ಎಚ್. ಶ್ರೀನಿವಾಸ,INC,ಕಾಂಗ್ರೆಸ್ (INC),41219,16166,#ff7f0e
1994,163,Tirthahalli,ತೀರ್ಥಹಳ್ಳಿ,tirthahalli,tirthahalli_assembly_constituency,nan,ಸಾಮಾನ್ಯ,Araga Jnanendra,Araga Jnanendra,BJP,ಬಿಜೆಪಿ (BJP),31440,35.6,D.B. Chandre Gowda,ಡಿ. ಬಿ. Chandre ಗೌಡ,JD,ಜನತಾ ದಳ (JD),28488,2952,#ff7f0e
1994,164,Hosanagar,Hosanagar,hosanagar,hosanagar_assembly_constituency,nan,ಸಾಮಾನ್ಯ,Ayanur Manjunath,Ayanur Manjunath,BJP,ಬಿಜೆಪಿ (BJP),25505,24.5,G. Nanjundappa,ಜಿ. Nanjundappa,JD,ಜನತಾ ದಳ (JD),24878,627,#ff7f0e
1994,165,Sagar,ಸಾಗರ,sagar,sagar_assembly_constituency,nan,ಸಾಮಾನ್ಯ,Kagodu Thimmappa,Kagodu Thimmappa,INC,ಕಾಂಗ್ರೆಸ್ (INC),32271,35.2,H.V. Chandrashekar,ಎಚ್. ವಿ. Chandrashekar,JD,ಜನತಾ ದಳ (JD),23059,9212,#1f77b4
1994,166,Sorab,ಸೊರಬ,sorab,sorab_assembly_constituency,nan,ಸಾಮಾನ್ಯ,S. Bangarappa,ಎಸ್. Bangarappa,KCP,KCP,45641,52.0,Basur Chandrappa Gowda,Basur Chandrappa ಗೌಡ,IND,ಪಕ್ಷೇತರ (IND),27171,18470,#64748b
1994,167,Shikaripura,ಶಿಕಾರಿಪುರ,shikaripura,shikaripura_assembly_constituency,nan,ಸಾಮಾನ್ಯ,B S Yeddyurappa,ಬಿ. ಎಸ್. Yeddyurappa,BJP,ಬಿಜೆಪಿ (BJP),50885,50.1,Nagarada Mahadevappa,Nagarada ಮಹಾದೇವಪ್ಪ,INC,ಕಾಂಗ್ರೆಸ್ (INC),22200,28685,#ff7f0e
1994,168,Sirsi,ಶಿರಸಿ,sirsi,sirsi_assembly_constituency,nan,ಸಾಮಾನ್ಯ,Jaiwani Premanand Subray,Jaiwani Premanand Subray,JD,ಜನತಾ ದಳ (JD),26758,27.9,Vivekananda Vaidya,Vivekananda Vaidya,BJP,ಬಿಜೆಪಿ (BJP),24972,1786,#2ca02c
1994,169,Bhatkal,ಭಟ್ಕಳ,bhatkal,bhatkal_assembly_constituency,nan,ಸಾಮಾನ್ಯ,Dr. U. Chittaranjan,ಡಾ. ಯು. Chittaranjan,BJP,ಬಿಜೆಪಿ (BJP),45308,50.6,Naik Laxmi Manjappa,ನಾಯಕ್ Laxmi Manjappa,INC,ಕಾಂಗ್ರೆಸ್ (INC),22931,22377,#ff7f0e
1994,170,Kumta,ಕುಮಟಾ,kumta,kumta_assembly_constituency,nan,ಸಾಮಾನ್ಯ,Karki M.P.,Karki ಎಂ. ಪಿ.,BJP,ಬಿಜೆಪಿ (BJP),29379,34.1,Dinakar Keshav Shetty,Dinakar Keshav Shetty,JD,ಜನತಾ ದಳ (JD),25136,4243,#ff7f0e
1994,171,Ankola,Ankola,ankola,ankola_assembly_constituency,nan,ಸಾಮಾನ್ಯ,Vishwashwar Hegde Kageri,Vishwashwar ಹೆಗಡೆ Kageri,BJP,ಬಿಜೆಪಿ (BJP),28285,34.1,Pramod Hegde,Pramod ಹೆಗಡೆ,JD,ಜನತಾ ದಳ (JD),23683,4602,#ff7f0e
1994,172,Karwar,ಕಾರವಾರ,karwar,karwar_assembly_constituency,nan,ಸಾಮಾನ್ಯ,Asnotikar Vasant Kamalakar,Asnotikar Vasant Kamalakar,KCP,KCP,33367,48.5,Prabhakar S. Rane,Prabhakar ಎಸ್. Rane,INC,ಕಾಂಗ್ರೆಸ್ (INC),22715,10652,#64748b
1994,173,Haliyal,ಹಳಿಯಾಳ,haliyal,haliyal_assembly_constituency,nan,ಸಾಮಾನ್ಯ,R.V. Deshapande,ಆರ್. ವಿ. Deshapande,JD,ಜನತಾ ದಳ (JD),62722,57.7,S.K. Gouda,ಎಸ್. ಕೆ. Gouda,INC,ಕಾಂಗ್ರೆಸ್ (INC),29953,32769,#2ca02c
1994,174,Dharwad Rural,Dharwad Rural,dharwadrural,dharwad_rural_assembly_constituency,nan,ಸಾಮಾನ್ಯ,Ambadagatti Shrikant Rudrappa,Ambadagatti Shrikant Rudrappa,INC,ಕಾಂಗ್ರೆಸ್ (INC),25054,30.2,A.B. Desai,ಎ. ಬಿ. ದೇಸಾಯಿ,JD,ಜನತಾ ದಳ (JD),21812,3242,#1f77b4
1994,175,Dharwad,ಧಾರವಾಡ,dharwad,dharwad_assembly_constituency,nan,ಸಾಮಾನ್ಯ,Bellad Chandrakanth Gurappa,Bellad Chandrakanth Gurappa,BJP,ಬಿಜೆಪಿ (BJP),26630,33.0,Mahadev Horatti,Mahadev Horatti,INC,ಕಾಂಗ್ರೆಸ್ (INC),17114,9516,#ff7f0e
1994,176,Hubli,Hubli,hubli,hubli_assembly_constituency,nan,ಸಾಮಾನ್ಯ,Ashok Katwe,Ashok Katwe,BJP,ಬಿಜೆಪಿ (BJP),42244,51.8,A.M. Hindasgeri,ಎ. ಎಂ. Hindasgeri,INC,ಕಾಂಗ್ರೆಸ್ (INC),34103,8141,#ff7f0e
1994,177,Hubli Rural,Hubli Rural,hublirural,hubli_rural_assembly_constituency,nan,ಸಾಮಾನ್ಯ,Jagdish Shettar,Jagdish ಶೆಟ್ಟರ್,BJP,ಬಿಜೆಪಿ (BJP),42768,39.9,Basavaraj S. Bommai,ಬಸವರಾಜ್ ಎಸ್. ಬೊಮ್ಮಾಯಿ,JD,ಜನತಾ ದಳ (JD),26794,15974,#ff7f0e
1994,178,Kalghatgi,ಕಲಘಟಗಿ,kalghatgi,kalghatgi_assembly_constituency,nan,ಸಾಮಾನ್ಯ,Shiddanagoudra Parvatagouda Chanaveeragouda,Shiddanagoudra Parvatagouda Chanaveeragouda,JD,ಜನತಾ ದಳ (JD),25392,29.6,Khesnarao Marutirao Yadav,Khesnarao Marutirao Yadav,KRRS,KRRS,14718,10674,#2ca02c
1994,179,Kundgol,ಕುಂದಗೋಳ,kundgol,kundgol_assembly_constituency,nan,ಸಾಮಾನ್ಯ,M.S. Akki,ಎಂ. ಎಸ್. Akki,JD,ಜನತಾ ದಳ (JD),32707,42.0,C.S. Shivalli,ಸಿ. ಎಸ್. Shivalli,KCP,KCP,19034,13673,#2ca02c
1994,180,Shiggaon,ಶಿಗ್ಗಾಂವಿ,shiggaon,shiggaon_assembly_constituency,nan,ಸಾಮಾನ್ಯ,Kunnur Manjunath Chennappa,Kunnur Manjunath Chennappa,INC,ಕಾಂಗ್ರೆಸ್ (INC),23552,25.9,Abdulgani Akabarsaheb Koitewale,Abdulgani Akabarsaheb Koitewale,IND,ಪಕ್ಷೇತರ (IND),17778,5774,#1f77b4
1994,181,Hanagal,Hanagal,hanagal,hanagal_assembly_constituency,nan,ಸಾಮಾನ್ಯ,Udasi Chanbasappa Mahlingappa,Udasi Chanbasappa Mahlingappa,JD,ಜನತಾ ದಳ (JD),56348,55.2,Manohar Hanumantappa Tahsildar,Manohar Hanumantappa Tahsildar,INC,ಕಾಂಗ್ರೆಸ್ (INC),38865,17483,#2ca02c
1994,182,Hirekerur,ಹಿರೇಕೆರೂರು,hirekerur,hirekerur_assembly_constituency,nan,ಸಾಮಾನ್ಯ,U.B. Banakar,ಯು. ಬಿ. Banakar,BJP,ಬಿಜೆಪಿ (BJP),32248,35.6,B.H. Bannikod,ಬಿ. ಎಚ್. Bannikod,JD,ಜನತಾ ದಳ (JD),22855,9393,#ff7f0e
1994,183,Ranibennur,ರಾಣೆಬೆನ್ನೂರು,ranibennur,ranibennur_assembly_constituency,nan,ಸಾಮಾನ್ಯ,Karjagi Veerappa Sannatammappa,Karjagi Veerappa Sannatammappa,JD,ಜನತಾ ದಳ (JD),53080,56.8,Koliwad Krishnappa Bhimappa,Koliwad Krishnappa Bhimappa,INC,ಕಾಂಗ್ರೆಸ್ (INC),28542,24538,#2ca02c
1994,184,Byadgi,ಬ್ಯಾಡಗಿ,byadgi,byadgi_assembly_constituency,nan,ಸಾಮಾನ್ಯ,Beelagi Kalloleppa Sabanna,Beelagi Kalloleppa Sabanna,JD,ಜನತಾ ದಳ (JD),29905,38.2,Lamani Rudrappa Manappa,Lamani Rudrappa Manappa,INC,ಕಾಂಗ್ರೆಸ್ (INC),27045,2860,#2ca02c
1994,185,Haveri,ಹಾವೇರಿ,haveri,haveri_assembly_constituency,SC,ಪರಿಶಿಷ್ಟ ಜಾತಿ (SC),Shivannanavar Basavaraj Neelappa,Shivannanavar ಬಸವರಾಜ್ Neelappa,JD,ಜನತಾ ದಳ (JD),55806,59.1,Mahavi Rajashekhar Chanabasappa,Mahavi Rajashekhar Chanabasappa,INC,ಕಾಂಗ್ರೆಸ್ (INC),23086,32720,#2ca02c
1994,186,Shirahatti,ಶಿರಹಟ್ಟಿ,shirahatti,shirahatti_assembly_constituency,SC,ಪರಿಶಿಷ್ಟ ಜಾತಿ (SC),Ganganna Malleshappa Mahantashettar,Ganganna Malleshappa Mahantashettar,JD,ಜನತಾ ದಳ (JD),26449,34.3,Upanal Goolappa Fakkirappa,Upanal Goolappa Fakkirappa,IND,ಪಕ್ಷೇತರ (IND),23637,2812,#2ca02c
1994,187,Mundargi,Mundargi,mundargi,mundargi_assembly_constituency,nan,ಸಾಮಾನ್ಯ,Patil Shidlinganagouda Shiddanagouda,ಪಾಟೀಲ್ Shidlinganagouda Shiddanagouda,JD,ಜನತಾ ದಳ (JD),21145,27.5,Goudar Yallanagouda Ninganagouda,Goudar Yallanagouda Ninganagouda,IND,ಪಕ್ಷೇತರ (IND),14706,6439,#2ca02c
1994,188,Gadag,ಗದಗ,gadag,gadag_assembly_constituency,nan,ಸಾಮಾನ್ಯ,D.R. Patil,ಡಿ. ಆರ್. ಪಾಟೀಲ್,INC,ಕಾಂಗ್ರೆಸ್ (INC),44388,55.5,Dandin Bistappa Fakeerappa,Dandin Bistappa Fakeerappa,JD,ಜನತಾ ದಳ (JD),19971,24417,#1f77b4
1994,189,Ron,ರೋಣ,ron,ron_assembly_constituency,nan,ಸಾಮಾನ್ಯ,Bidarur Shrishailappa Virupaxappa,Bidarur Shrishailappa Virupaxappa,JD,ಜನತಾ ದಳ (JD),39268,51.4,Gurupadgouda Sangangouda Patil,Gurupadgouda Sangangouda ಪಾಟೀಲ್,INC,ಕಾಂಗ್ರೆಸ್ (INC),30664,8604,#2ca02c
1994,190,Naragund,Naragund,naragund,naragund_assembly_constituency,nan,ಸಾಮಾನ್ಯ,B.R. Yavagal,ಬಿ. ಆರ್. Yavagal,JD,ಜನತಾ ದಳ (JD),37154,56.0,V.A. Mattikatti,ವಿ. ಎ. Mattikatti,INC,ಕಾಂಗ್ರೆಸ್ (INC),18502,18652,#2ca02c
1994,191,Navalgund,ನವಲಗುಂದ,navalgund,navalgund_assembly_constituency,nan,ಸಾಮಾನ್ಯ,Gaddi Kallappa Nagappa,Gaddi ಕಲ್ಲಪ್ಪ Nagappa,KCP,KCP,13998,20.5,Kulkarni Mallappa Karaveerappa,Kulkarni Mallappa Karaveerappa,INC,ಕಾಂಗ್ರೆಸ್ (INC),10650,3348,#64748b
1994,192,Ramdurg,ರಾಮದುರ್ಗ,ramdurg,ramdurg_assembly_constituency,nan,ಸಾಮಾನ್ಯ,Hireraddi Basavantappa Basappa,Hireraddi Basavantappa Basappa,JD,ಜನತಾ ದಳ (JD),34063,38.9,Patil Rudragouda Tikangouda,ಪಾಟೀಲ್ Rudragouda Tikangouda,INC,ಕಾಂಗ್ರೆಸ್ (INC),12767,21296,#2ca02c
1994,193,Parasgad,Parasgad,parasgad,parasgad_assembly_constituency,nan,ಸಾಮಾನ್ಯ,C.M. Mamani,ಸಿ. ಎಂ. ಮಾಮನಿ,JD,ಜನತಾ ದಳ (JD),49568,50.4,S.S. Koujalagi,ಎಸ್. ಎಸ್. Koujalagi,INC,ಕಾಂಗ್ರೆಸ್ (INC),39050,10518,#2ca02c
1994,194,Bailhongal,ಬೈಲಹೊಂಗಲ,bailhongal,bailhongal_assembly_constituency,nan,ಸಾಮಾನ್ಯ,Koujalgi Shivanand Hemappa,Koujalgi Shivanand Hemappa,JD,ಜನತಾ ದಳ (JD),43562,52.8,Gadataranavar Shivabasappa Gangappa,Gadataranavar Shivabasappa Gangappa,INC,ಕಾಂಗ್ರೆಸ್ (INC),14751,28811,#2ca02c
1994,195,Kittur,ಕಿತ್ತೂರು,kittur,kittur_assembly_constituency,nan,ಸಾಮಾನ್ಯ,Inamdar Danappagouda Basanagouda,Inamdar Danappagouda Basanagouda,INC,ಕಾಂಗ್ರೆಸ್ (INC),35600,38.6,Babagouda Rudragouda Patil,Babagouda Rudragouda ಪಾಟೀಲ್,KRRS,KRRS,27924,7676,#1f77b4
1994,196,Khanapur,ಖಾನಾಪುರ,khanapur,khanapur_assembly_constituency,nan,ಸಾಮಾನ್ಯ,Ashok Narayan Patil,Ashok Narayan ಪಾಟೀಲ್,IND,ಪಕ್ಷೇತರ (IND),40619,47.0,Wali Mallikarjun B.,Wali ಮಲ್ಲಿಕಾರ್ಜುನ್ ಬಿ.,KRRS,KRRS,13010,27609,#7f7f7f
1994,197,Belgaum,Belgaum,belgaum,belgaum_assembly_constituency,nan,ಸಾಮಾನ್ಯ,Tarale Narayanrao Govind,Tarale Narayanrao Govind,IND,ಪಕ್ಷೇತರ (IND),35515,44.8,Potdar Anil Mohanrao,Potdar Anil Mohanrao,IND,ಪಕ್ಷೇತರ (IND),24689,10826,#7f7f7f
1994,198,Uchagaon,Uchagaon,uchagaon,uchagaon_assembly_constituency,nan,ಸಾಮಾನ್ಯ,Patil Basavant Iroji,ಪಾಟೀಲ್ Basavant Iroji,IND,ಪಕ್ಷೇತರ (IND),41416,48.1,Kadam Yuvaraj Nagoji,Kadam Yuvaraj Nagoji,INC,ಕಾಂಗ್ರೆಸ್ (INC),16096,25320,#7f7f7f
1994,199,Bagewadi,Bagewadi,bagewadi,bagewadi_assembly_constituency,nan,ಸಾಮಾನ್ಯ,Malagi Shivaputrappa Chanabasappa,Malagi Shivaputrappa Chanabasappa,JD,ಜನತಾ ದಳ (JD),26529,29.1,Astekar C.L.,Astekar ಸಿ. ಎಲ್.,IND,ಪಕ್ಷೇತರ (IND),21125,5404,#2ca02c
1994,200,Gokak,ಗೋಕಾಕ್,gokak,gokak_assembly_constituency,nan,ಸಾಮಾನ್ಯ,Nayak Chandrashekhar Sadashiv,Nayak ಚಂದ್ರಶೇಖರ್ Sadashiv,JD,ಜನತಾ ದಳ (JD),37891,44.6,Karaning Shankar Hanamant,Karaning Shankar Hanamant,INC,ಕಾಂಗ್ರೆಸ್ (INC),24741,13150,#2ca02c
1994,201,Arabhavi,ಅರಭಾವಿ,arabhavi,arabhavi_assembly_constituency,nan,ಸಾಮಾನ್ಯ,Koujalagi Veeranna Shivalingappa,Koujalagi Veeranna ಶಿವಲಿಂಗಪ್ಪ,INC,ಕಾಂಗ್ರೆಸ್ (INC),50866,48.6,Patil Pratibha Vasantarao,ಪಾಟೀಲ್ Pratibha Vasantarao,JD,ಜನತಾ ದಳ (JD),32686,18180,#1f77b4
1994,202,Hukkeri,ಹುಕ್ಕೇರಿ,hukkeri,hukkeri_assembly_constituency,nan,ಸಾಮಾನ್ಯ,Umesh Viswanath Katti,ಉಮೇಶ್ Viswanath ಕತ್ತಿ,JD,ಜನತಾ ದಳ (JD),39294,49.6,Shashikant Akkappa Naik,Shashikant Akkappa ನಾಯಕ್,KRRS,KRRS,16231,23063,#2ca02c
1994,203,Sankeshwar,Sankeshwar,sankeshwar,sankeshwar_assembly_constituency,nan,ಸಾಮಾನ್ಯ,Appayyagouda Basagouda Patil,Appayyagouda Basagouda ಪಾಟೀಲ್,JD,ಜನತಾ ದಳ (JD),39885,47.8,Nalawade Madhukar Dattatray,Nalawade Madhukar Dattatray,INC,ಕಾಂಗ್ರೆಸ್ (INC),23172,16713,#2ca02c
1994,204,Nippani,ನಿಪ್ಪಾಣಿ,nippani,nippani_assembly_constituency,nan,ಸಾಮಾನ್ಯ,Joshi Subhash Shridhar,Joshi Subhash Shridhar,JD,ಜನತಾ ದಳ (JD),30612,36.8,Veerkumar Appasaheb Patil,Veerkumar Appasaheb ಪಾಟೀಲ್,INC,ಕಾಂಗ್ರೆಸ್ (INC),29017,1595,#2ca02c
1994,205,Sadalga,Sadalga,sadalga,sadalga_assembly_constituency,nan,ಸಾಮಾನ್ಯ,Hukkeri Prakash Babanna,ಹುಕ್ಕೇರಿ ಪ್ರಕಾಶ್ Babanna,INC,ಕಾಂಗ್ರೆಸ್ (INC),42705,48.2,Kallappa Parisa Magennavar,ಕಲ್ಲಪ್ಪ Parisa Magennavar,JD,ಜನತಾ ದಳ (JD),35591,7114,#1f77b4
1994,206,Chikkodi,ಚಿಕ್ಕೋಡಿ,chikkodi,chikkodi_assembly_constituency,SC,ಪರಿಶಿಷ್ಟ ಜಾತಿ (SC),Waddar Balasaheb Shamarao,Waddar Balasaheb Shamarao,JD,ಜನತಾ ದಳ (JD),44491,60.3,Omprakash Shankaranand Kanagali,Omprakash Shankaranand Kanagali,INC,ಕಾಂಗ್ರೆಸ್ (INC),20378,24113,#2ca02c
1994,207,Raibag,Raibag,raibag,raibag_assembly_constituency,SC,ಪರಿಶಿಷ್ಟ ಜಾತಿ (SC),Ghatage Shama Bhima,Ghatage Shama Bhima,INC,ಕಾಂಗ್ರೆಸ್ (INC),32297,35.8,Murgod Dundappa D.,Murgod Dundappa ಡಿ.,JD,ಜನತಾ ದಳ (JD),25008,7289,#1f77b4
1994,208,Kagwad,ಕಾಗವಾಡ,kagwad,kagwad_assembly_constituency,nan,ಸಾಮಾನ್ಯ,Shaha Mohan Hirachand,Shaha Mohan Hirachand,JD,ಜನತಾ ದಳ (JD),42514,52.4,Annarao Balappa Jakanur,Annarao ಬಾಳಪ್ಪ Jakanur,INC,ಕಾಂಗ್ರೆಸ್ (INC),25670,16844,#2ca02c
1994,209,Athani,ಅಥಣಿ,athani,athani_assembly_constituency,nan,ಸಾಮಾನ್ಯ,Leeladevi A. Prasad,Leeladevi ಎ. Prasad,JD,ಜನತಾ ದಳ (JD),27126,34.4,Irappa Marappa Shedashyal,Irappa Marappa Shedashyal,INC,ಕಾಂಗ್ರೆಸ್ (INC),20313,6813,#2ca02c
1994,210,Jamkhandi,ಜಮಖಂಡಿ,jamkhandi,jamkhandi_assembly_constituency,nan,ಸಾಮಾನ್ಯ,Kaluti Ramappa Meleppa,Kaluti Ramappa Meleppa,INC,ಕಾಂಗ್ರೆಸ್ (INC),42505,41.0,Bagalkot Gurupadappa Shivappa,Bagalkot Gurupadappa Shivappa,JD,ಜನತಾ ದಳ (JD),41011,1494,#1f77b4
1994,211,Bilgi,Bilgi,bilgi,bilgi_assembly_constituency,nan,ಸಾಮಾನ್ಯ,Jagadish Timmanagouda Patil,Jagadish Timmanagouda ಪಾಟೀಲ್,INC,ಕಾಂಗ್ರೆಸ್ (INC),33424,36.0,Gangadhar Gurusiddappa Yalligutti,Gangadhar Gurusiddappa Yalligutti,JD,ಜನತಾ ದಳ (JD),21877,11547,#1f77b4
1994,212,Mudhol,ಮುಧೋಳ,mudhol,mudhol_assembly_constituency,SC,ಪರಿಶಿಷ್ಟ ಜಾತಿ (SC),Karjol Govind Maktappa,Karjol Govind Maktappa,JD,ಜನತಾ ದಳ (JD),43613,47.7,Timmapur Ramappa Balappa,Timmapur Ramappa ಬಾಳಪ್ಪ,INC,ಕಾಂಗ್ರೆಸ್ (INC),20416,23197,#2ca02c
1994,213,Bagalkot,ಬಾಗಲಕೋಟೆ,bagalkot,bagalkot_assembly_constituency,nan,ಸಾಮಾನ್ಯ,Ajay Kumar Sambasadashiv Sarnaik,Ajay ಕುಮಾರ್ Sambasadashiv Sarnaik,JD,ಜನತಾ ದಳ (JD),24895,32.0,P.H. Pujar,ಪಿ. ಎಚ್. Pujar,BJP,ಬಿಜೆಪಿ (BJP),19019,5876,#2ca02c
1994,214,Badami,ಬಾದಾಮಿ,badami,badami_assembly_constituency,nan,ಸಾಮಾನ್ಯ,Chimmankatti Balappa Bhimappa,Chimmankatti ಬಾಳಪ್ಪ Bhimappa,INC,ಕಾಂಗ್ರೆಸ್ (INC),27354,34.2,Mahagundappa Kalbappa Pattanshetti,Mahagundappa Kalbappa Pattanshetti,JD,ಜನತಾ ದಳ (JD),25956,1398,#1f77b4
1994,215,Guledgud,Guledgud,guledgud,guledgud_assembly_constituency,nan,ಸಾಮಾನ್ಯ,Hullappa Yamanappa Meti,Hullappa Yamanappa Meti,JD,ಜನತಾ ದಳ (JD),26549,35.6,Rajsekhar Veeranna Sheelavant,Rajsekhar Veeranna Sheelavant,BJP,ಬಿಜೆಪಿ (BJP),22093,4456,#2ca02c
1994,216,Hungund,ಹುನಗುಂದ,hungund,hungund_assembly_constituency,nan,ಸಾಮಾನ್ಯ,Kashappanawar Shivashankarappa Rachappa,Kashappanawar Shivashankarappa Rachappa,INC,ಕಾಂಗ್ರೆಸ್ (INC),25288,35.6,Patil Gavisiddanagouda Parangouda,ಪಾಟೀಲ್ Gavisiddanagouda Parangouda,JD,ಜನತಾ ದಳ (JD),23108,2180,#1f77b4
1994,217,Muddebihal,Muddebihal,muddebihal,muddebihal_assembly_constituency,nan,ಸಾಮಾನ್ಯ,Deshmukh Vimalabai Jagadevarao,Deshmukh Vimalabai Jagadevarao,JD,ಜನತಾ ದಳ (JD),39149,55.1,Appaji Shankararao Nadagoudara,Appaji Shankararao Nadagoudara,INC,ಕಾಂಗ್ರೆಸ್ (INC),21756,17393,#2ca02c
1994,218,Huvin-Hippargi,Huvin Hippargi,huvinhippargi,huvinhippargi_assembly_constituency,nan,ಸಾಮಾನ್ಯ,Desais.M.,Desais ಎಂ.,JD,ಜನತಾ ದಳ (JD),35849,49.1,Patil B.S.,ಪಾಟೀಲ್ ಬಿ. ಎಸ್.,INC,ಕಾಂಗ್ರೆಸ್ (INC),23422,12427,#2ca02c
1994,219,Basavana Bagevadi,Basavana Bagevadi,basavanabagevadi,basavana_bagevadi_assembly_constituency,nan,ಸಾಮಾನ್ಯ,Patil Basanagoda Somanagouda,ಪಾಟೀಲ್ Basanagoda Somanagouda,INC,ಕಾಂಗ್ರೆಸ್ (INC),27557,35.6,Patil Kumargouda Adiveppagouda,ಪಾಟೀಲ್ Kumargouda Adiveppagouda,JD,ಜನತಾ ದಳ (JD),19270,8287,#1f77b4
1994,220,Tikota,Tikota,tikota,tikota_assembly_constituency,nan,ಸಾಮಾನ್ಯ,Patil Shivanand Sidramappa,ಪಾಟೀಲ್ Shivanand Sidramappa,JD,ಜನತಾ ದಳ (JD),50679,64.0,Patil Mallanagouda Basanagouda,ಪಾಟೀಲ್ Mallanagouda Basanagouda,INC,ಕಾಂಗ್ರೆಸ್ (INC),25897,24782,#2ca02c
1994,221,Bijapur,Bijapur,bijapur,bijapur_assembly_constituency,nan,ಸಾಮಾನ್ಯ,Basanagouda Ramanagouda Patil (Yatnal),Basanagouda Ramanagouda ಪಾಟೀಲ್ ( Yatnal ),BJP,ಬಿಜೆಪಿ (BJP),45286,49.4,Patel Habib Usman Maktumpatel,Patel Habib Usman Maktumpatel,JD,ಜನತಾ ದಳ (JD),29158,16128,#ff7f0e
1994,222,Ballolli,Ballolli,ballolli,ballolli_assembly_constituency,SC,ಪರಿಶಿಷ್ಟ ಜಾತಿ (SC),Jigajingi Ramesh Chandappa,Jigajingi ರಮೇಶ್ Chandappa,JD,ಜನತಾ ದಳ (JD),29018,37.7,Chavan Phoolsing Narayan,ಚವಾಣ್ Phoolsing Narayan,INC,ಕಾಂಗ್ರೆಸ್ (INC),17591,11427,#2ca02c
1994,223,Indi,Indi,indi,indi_assembly_constituency,nan,ಸಾಮಾನ್ಯ,Patil Ravikant Shenkreppa,ಪಾಟೀಲ್ Ravikant Shenkreppa,IND,ಪಕ್ಷೇತರ (IND),23200,30.5,Patil Basagondappa Gurusiddappa,ಪಾಟೀಲ್ Basagondappa Gurusiddappa,JD,ಜನತಾ ದಳ (JD),19469,3731,#7f7f7f
1994,224,Sindgi,Sindgi,sindgi,sindgi_assembly_constituency,nan,ಸಾಮಾನ್ಯ,Managuli Mallappa Chanavirappa,Managuli Mallappa Chanavirappa,JD,ಜನತಾ ದಳ (JD),45356,59.6,Dr. Choudhari Rayagondappa Bhimanna,ಡಾ. Choudhari Rayagondappa Bhimanna,INC,ಕಾಂಗ್ರೆಸ್ (INC),17137,28219,#2ca02c
1989,1,Aurad,ಔರಾದ್,aurad,aurad_assembly_constituency,SC,ಪರಿಶಿಷ್ಟ ಜಾತಿ (SC),Gurupadappa Nagmarpally,Gurupadappa Nagmarpally,JD,ಜನತಾ ದಳ (JD),35508,43.7,Bapurao Patil,Bapurao ಪಾಟೀಲ್,IND,ಪಕ್ಷೇತರ (IND),20994,14514,#2ca02c
1989,2,Bhalki,ಭಾಲ್ಕಿ,bhalki,bhalki_assembly_constituency,nan,ಸಾಮಾನ್ಯ,Vijay Kumar Bhimanna Khandre,Vijay ಕುಮಾರ್ Bhimanna Khandre,IND,ಪಕ್ಷೇತರ (IND),32445,47.7,Vijay Kumar Keshavrao Kanji,Vijay ಕುಮಾರ್ Keshavrao Kanji,JD,ಜನತಾ ದಳ (JD),20438,12007,#7f7f7f
1989,3,Hulsoor,Hulsoor,hulsoor,hulsoor_assembly_constituency,SC,ಪರಿಶಿಷ್ಟ ಜಾತಿ (SC),Mahendra Kumar Kallappa,ಮಹೇಂದ್ರ ಕುಮಾರ್ ಕಲ್ಲಪ್ಪ,INC,ಕಾಂಗ್ರೆಸ್ (INC),16709,29.6,Manik Rao Sambhaji Pranjape,Manik ರಾವ್ Sambhaji Pranjape,JD,ಜನತಾ ದಳ (JD),15842,867,#1f77b4
1989,4,Bidar,ಬೀದರ್,bidar,bidar_assembly_constituency,nan,ಸಾಮಾನ್ಯ,Narayan Rao,Narayan ರಾವ್,BJP,ಬಿಜೆಪಿ (BJP),24922,31.8,Mohammed Laiquddin,Mohammed Laiquddin,INC,ಕಾಂಗ್ರೆಸ್ (INC),23330,1592,#ff7f0e
1989,5,Humnabad,ಹುಮ್ನಾಬಾದ್,humnabad,humnabad_assembly_constituency,nan,ಸಾಮಾನ್ಯ,Basawraj Hawgeppa Patil,Basawraj Hawgeppa ಪಾಟೀಲ್,INC,ಕಾಂಗ್ರೆಸ್ (INC),29610,42.2,Basheeruddin Yousufoddin,Basheeruddin Yousufoddin,JD,ಜನತಾ ದಳ (JD),20801,8809,#1f77b4
1989,6,Basavakalyan,ಬಸವಕಲ್ಯಾಣ,basavakalyan,basavakalyan_assembly_constituency,nan,ಸಾಮಾನ್ಯ,Baswaraj Patil Attur,Baswaraj ಪಾಟೀಲ್ Attur,JD,ಜನತಾ ದಳ (JD),32404,41.2,Marutirao Muley,Marutirao Muley,INC,ಕಾಂಗ್ರೆಸ್ (INC),29705,2699,#2ca02c
1989,7,Chincholi,ಚಿಂಚೋಳಿ,chincholi,chincholi_assembly_constituency,SC,ಪರಿಶಿಷ್ಟ ಜಾತಿ (SC),Veerendra Patil,Veerendra ಪಾಟೀಲ್,INC,ಕಾಂಗ್ರೆಸ್ (INC),29762,41.0,Vaijanath Patil,Vaijanath ಪಾಟೀಲ್,JNP(JP),JNP(JP),27717,2045,#1f77b4
1989,8,Kamalapur,Kamalapur,kamalapur,kamalapur_assembly_constituency,SC,ಪರಿಶಿಷ್ಟ ಜಾತಿ (SC),G. Rama Krishna,ಜಿ. Rama Krishna,INC,ಕಾಂಗ್ರೆಸ್ (INC),19496,37.3,Vithal Doddamani,Vithal Doddamani,IND,ಪಕ್ಷೇತರ (IND),14159,5337,#1f77b4
1989,9,Alland,ಆಳಂದ,alland,alland_assembly_constituency,nan,ಸಾಮಾನ್ಯ,Sharnabassappa Mali Patil,Sharnabassappa Mali ಪಾಟೀಲ್,INC,ಕಾಂಗ್ರೆಸ್ (INC),28375,46.5,Basawaraj Malkajappa,Basawaraj Malkajappa,JD,ಜನತಾ ದಳ (JD),18596,9779,#1f77b4
1989,10,Gulbarga,Gulbarga,gulbarga,gulbarga_assembly_constituency,nan,ಸಾಮಾನ್ಯ,Qamurul Islam,Qamurul Islam,MUL,MUL,55801,43.2,S. K. Kanta,ಎಸ್. ಕೆ. Kanta,JD,ಜನತಾ ದಳ (JD),51204,4597,#3182bd
1989,11,Shahabad,Shahabad,shahabad,shahabad_assembly_constituency,SC,ಪರಿಶಿಷ್ಟ ಜಾತಿ (SC),Baburao Chawan,Baburao Chawan,INC,ಕಾಂಗ್ರೆಸ್ (INC),26189,38.7,Gurunath Chandram,Gurunath Chandram,JNP(JP),JNP(JP),19104,7085,#1f77b4
1989,12,Afzalpur,ಅಫ್ಜಲ್ ಪುರ,afzalpur,afzalpur_assembly_constituency,nan,ಸಾಮಾನ್ಯ,Malikayya Venkayya Guttedar,Malikayya Venkayya ಗುತ್ತೇದಾರ್,INC,ಕಾಂಗ್ರೆಸ್ (INC),38810,55.6,Goudappa Sangram Rao,Goudappa Sangram ರಾವ್,JNP(JP),JNP(JP),25964,12846,#1f77b4
1989,13,Chittapur,Chittapur,chittapur,chittapur_assembly_constituency,SC,ಪರಿಶಿಷ್ಟ ಜಾತಿ (SC),Babu Rao Chinchansur,Babu ರಾವ್ Chinchansur,INC,ಕಾಂಗ್ರೆಸ್ (INC),30786,50.4,Vishwanath Patil Hebbal,Vishwanath ಪಾಟೀಲ್ Hebbal,JNP(JP),JNP(JP),19717,11069,#1f77b4
1989,14,Sedam,ಸೇಡಂ,sedam,sedam_assembly_constituency,nan,ಸಾಮಾನ್ಯ,Basavanathareddy Motakpalli,Basavanathareddy Motakpalli,INC,ಕಾಂಗ್ರೆಸ್ (INC),39641,56.4,Chandrashekhar Reddy Deshmukh,ಚಂದ್ರಶೇಖರ್ ರೆಡ್ಡಿ Deshmukh,JD,ಜನತಾ ದಳ (JD),20925,18716,#1f77b4
1989,15,Jewargi,ಜೇವರ್ಗಿ,jewargi,jewargi_assembly_constituency,nan,ಸಾಮಾನ್ಯ,Dharmasingh Narayan Singh,Dharmasingh Narayan Singh,INC,ಕಾಂಗ್ರೆಸ್ (INC),30751,47.1,Appasaheb Baswantrao Patil,Appasaheb Baswantrao ಪಾಟೀಲ್,JNP(JP),JNP(JP),19087,11664,#1f77b4
1989,16,Gurmitkal,ಗುರಮಿಟ್ಕಲ್,gurmitkal,gurmitkal_assembly_constituency,nan,ಸಾಮಾನ್ಯ,Mallikarjun Kharge,ಮಲ್ಲಿಕಾರ್ಜುನ್ ಖರ್ಗೆ,INC,ಕಾಂಗ್ರೆಸ್ (INC),39608,64.2,Arvind Guruji,Arvind Guruji,JD,ಜನತಾ ದಳ (JD),19639,19969,#1f77b4
1989,17,Yadgir,ಯಾದಗಿರಿ,yadgir,yadgir_assembly_constituency,nan,ಸಾಮಾನ್ಯ,Malakreddy Laxmanreddy,Malakreddy Laxmanreddy,INC,ಕಾಂಗ್ರೆಸ್ (INC),36053,59.7,Sadsivreddy,Sadsivreddy,JNP(JP),JNP(JP),16238,19815,#1f77b4
1989,18,Shahapur,ಶಹಾಪುರ,shahapur,shahapur_assembly_constituency,nan,ಸಾಮಾನ್ಯ,Shivashe Kharappagouda Sirwal,Shivashe Kharappagouda Sirwal,INC,ಕಾಂಗ್ರೆಸ್ (INC),35067,48.4,Ningangouda Desai Hadnoor,Ningangouda ದೇಸಾಯಿ Hadnoor,JNP(JP),JNP(JP),15982,19085,#1f77b4
1989,19,Shorapur,ಶೋರಾಪುರ,shorapur,shorapur_assembly_constituency,ST,ಪರಿಶಿಷ್ಟ ಪಂಗಡ (ST),Raja Madan Gopal Nayak,Raja Madan Gopal Nayak,INC,ಕಾಂಗ್ರೆಸ್ (INC),30545,40.4,Shivanna Mangyal,ಶಿವಣ್ಣ Mangyal,JNP(JP),JNP(JP),18156,12389,#1f77b4
1989,20,Devadurga,ದೇವದುರ್ಗ,devadurga,devadurga_assembly_constituency,ST,ಪರಿಶಿಷ್ಟ ಪಂಗಡ (ST),B. Syivanna,ಬಿ. Syivanna,INC,ಕಾಂಗ್ರೆಸ್ (INC),21705,48.0,Chandrakanth,Chandrakanth,JNP(JP),JNP(JP),9644,12061,#1f77b4
1989,21,Raichur,ರಾಯಚೂರು,raichur,raichur_assembly_constituency,nan,ಸಾಮಾನ್ಯ,M. S. Patil,ಎಂ. ಎಸ್. ಪಾಟೀಲ್,JD,ಜನತಾ ದಳ (JD),22818,42.1,Mohammed Omer,Mohammed Omer,INC,ಕಾಂಗ್ರೆಸ್ (INC),19692,3126,#2ca02c
1989,22,Kalmala,Kalmala,kalmala,kalmala_assembly_constituency,nan,ಸಾಮಾನ್ಯ,K. Bheemanna,ಕೆ. Bheemanna,IND,ಪಕ್ಷೇತರ (IND),20094,32.7,Muniyappa,Muniyappa,JD,ಜನತಾ ದಳ (JD),19909,185,#7f7f7f
1989,23,Manvi,ಮಾನ್ವಿ,manvi,manvi_assembly_constituency,ST,ಪರಿಶಿಷ್ಟ ಪಂಗಡ (ST),Basangouda Amaregouda,Basangouda Amaregouda,IND,ಪಕ್ಷೇತರ (IND),23500,40.5,S. B. Amarkhed,ಎಸ್. ಬಿ. Amarkhed,INC,ಕಾಂಗ್ರೆಸ್ (INC),17998,5502,#7f7f7f
1989,24,Lingsugur,Lingsugur,lingsugur,lingsugur_assembly_constituency,SC,ಪರಿಶಿಷ್ಟ ಜಾತಿ (SC),Raja Amareshwar Naik,Raja Amareshwar ನಾಯಕ್,INC,ಕಾಂಗ್ರೆಸ್ (INC),28450,45.1,M. A. Patil,ಎಂ. ಎ. ಪಾಟೀಲ್,JD,ಜನತಾ ದಳ (JD),25051,3399,#1f77b4
1989,25,Sindhnoor,Sindhnoor,sindhnoor,sindhnoor_assembly_constituency,nan,ಸಾಮಾನ್ಯ,Badarli Hampanagouda,Badarli Hampanagouda,JD,ಜನತಾ ದಳ (JD),59285,59.8,R. Narayanappa,ಆರ್. Narayanappa,INC,ಕಾಂಗ್ರೆಸ್ (INC),30940,28345,#2ca02c
1989,26,Kushtagi,ಕುಷ್ಟಗಿ,kushtagi,kushtagi_assembly_constituency,nan,ಸಾಮಾನ್ಯ,Hanamagouda Sekhkargouda,Hanamagouda Sekhkargouda,INC,ಕಾಂಗ್ರೆಸ್ (INC),36246,48.5,K. Sharanappa,ಕೆ. Sharanappa,JD,ಜನತಾ ದಳ (JD),33847,2399,#1f77b4
1989,27,Yelburga,ಯಲಬುರ್ಗಾ,yelburga,yelburga_assembly_constituency,nan,ಸಾಮಾನ್ಯ,Basavaraj Rayreddy,ಬಸವರಾಜ್ Rayreddy,JD,ಜನತಾ ದಳ (JD),37692,50.6,Shivasharanappa Gouda Adiveppa Gouda Patil,Shivasharanappa Gouda Adiveppa Gouda ಪಾಟೀಲ್,INC,ಕಾಂಗ್ರೆಸ್ (INC),35271,2421,#2ca02c
1989,28,Kanakagiri,ಕನಕಗಿರಿ,kanakagiri,kanakagiri_assembly_constituency,SC,ಪರಿಶಿಷ್ಟ ಜಾತಿ (SC),M. Mallikarjuna,ಎಂ. Mallikarjuna,INC,ಕಾಂಗ್ರೆಸ್ (INC),39812,54.1,Nagappa,Nagappa,JD,ಜನತಾ ದಳ (JD),30279,9533,#1f77b4
1989,29,Gangavathi,ಗಂಗಾವತಿ,gangavathi,gangavathi_assembly_constituency,nan,ಸಾಮಾನ್ಯ,Srirangadevarayalu,Srirangadevarayalu,INC,ಕಾಂಗ್ರೆಸ್ (INC),50174,63.5,Gouli Mahadevappa,Gouli ಮಹಾದೇವಪ್ಪ,JD,ಜನತಾ ದಳ (JD),22125,28049,#1f77b4
1989,30,Koppal,ಕೊಪ್ಪಳ,koppal,koppal_assembly_constituency,nan,ಸಾಮಾನ್ಯ,Diwatar Mallikarajun Basappa,Diwatar Mallikarajun Basappa,IND,ಪಕ್ಷೇತರ (IND),32163,43.5,Shantanna Pampanna Mudagal,Shantanna Pampanna Mudagal,INC,ಕಾಂಗ್ರೆಸ್ (INC),24334,7829,#7f7f7f
1989,31,Siruguppa,ಸಿರುಗುಪ್ಪ,siruguppa,siruguppa_assembly_constituency,ST,ಪರಿಶಿಷ್ಟ ಪಂಗಡ (ST),M. Shankar Reddy,ಎಂ. Shankar ರೆಡ್ಡಿ,INC,ಕಾಂಗ್ರೆಸ್ (INC),53324,55.7,T. M. Chandrasekharayya,ಟಿ. ಎಂ. Chandrasekharayya,JD,ಜನತಾ ದಳ (JD),38967,14357,#1f77b4
1989,32,Kurugodu,Kurugodu,kurugodu,kurugodu_assembly_constituency,nan,ಸಾಮಾನ್ಯ,Allum Veerabhadrappa,Allum Veerabhadrappa,INC,ಕಾಂಗ್ರೆಸ್ (INC),43189,52.7,B. Shivaramma Reddy,ಬಿ. Shivaramma ರೆಡ್ಡಿ,JD,ಜನತಾ ದಳ (JD),28640,14549,#1f77b4
1989,33,Bellary,ಬಳ್ಳಾರಿ,bellary,bellary_assembly_constituency,ST,ಪರಿಶಿಷ್ಟ ಪಂಗಡ (ST),M. Ramappa,ಎಂ. Ramappa,INC,ಕಾಂಗ್ರೆಸ್ (INC),26802,34.8,Pannaraj,Pannaraj,IND,ಪಕ್ಷೇತರ (IND),21869,4933,#1f77b4
1989,34,Hospet,ಹೊಸಪೇಟೆ,hospet,hospet_assembly_constituency,nan,ಸಾಮಾನ್ಯ,Gujjala Hanumanthappa,Gujjala Hanumanthappa,JD,ಜನತಾ ದಳ (JD),63805,63.8,H. Abdul Wahab,ಎಚ್. Abdul Wahab,INC,ಕಾಂಗ್ರೆಸ್ (INC),31603,32202,#2ca02c
1989,35,Sandur,ಸಂಡೂರು,sandur,sandur_assembly_constituency,ST,ಪರಿಶಿಷ್ಟ ಪಂಗಡ (ST),M. Y. Ghropade,ಎಂ. ವೈ. Ghropade,INC,ಕಾಂಗ್ರೆಸ್ (INC),42475,58.2,Ayyalu Thimmappa,Ayyalu Thimmappa,JD,ಜನತಾ ದಳ (JD),27605,14870,#1f77b4
1989,36,Kudligi,ಕೂಡ್ಲಿಗಿ,kudligi,kudligi_assembly_constituency,ST,ಪರಿಶಿಷ್ಟ ಪಂಗಡ (ST),N. T. Bommanna,ಎನ್. ಟಿ. Bommanna,INC,ಕಾಂಗ್ರೆಸ್ (INC),36728,47.8,N. M. Nabi,ಎನ್. ಎಂ. Nabi,JD,ಜನತಾ ದಳ (JD),28561,8167,#1f77b4
1989,37,Kottur,Kottur,kottur,kottur_assembly_constituency,nan,ಸಾಮಾನ್ಯ,K. V. Ravindranath Babu,ಕೆ. ವಿ. Ravindranath Babu,INC,ಕಾಂಗ್ರೆಸ್ (INC),34161,45.1,H. Chidanandappa,ಎಚ್. Chidanandappa,JD,ಜನತಾ ದಳ (JD),27145,7016,#1f77b4
1989,38,Hadagalli,ಹೂವಿನಹಡಗಲಿ,hadagalli,hadagalli_assembly_constituency,SC,ಪರಿಶಿಷ್ಟ ಜಾತಿ (SC),E. T. Shambunatha,ಇ. ಟಿ. Shambunatha,INC,ಕಾಂಗ್ರೆಸ್ (INC),42518,49.3,M. P. Prakash,ಎಂ. ಪಿ. ಪ್ರಕಾಶ್,JD,ಜನತಾ ದಳ (JD),39989,2529,#1f77b4
1989,39,Harapanahalli,ಹರಪನಹಳ್ಳಿ,harapanahalli,harapanahalli_assembly_constituency,nan,ಸಾಮಾನ್ಯ,B. H. Yanka Naik,ಬಿ. ಎಚ್. Yanka ನಾಯಕ್,INC,ಕಾಂಗ್ರೆಸ್ (INC),36818,50.1,Chandra Naik,Chandra ನಾಯಕ್,JD,ಜನತಾ ದಳ (JD),32492,4326,#1f77b4
1989,40,Harihar,Harihar,harihar,harihar_assembly_constituency,nan,ಸಾಮಾನ್ಯ,Y. Nagappa,ವೈ. Nagappa,INC,ಕಾಂಗ್ರೆಸ್ (INC),41513,44.4,Harish P. Basavanagowda,Harish ಪಿ. Basavanagowda,JD,ಜನತಾ ದಳ (JD),24439,17074,#1f77b4
1989,41,Davangere,Davangere,davangere,davangere_assembly_constituency,nan,ಸಾಮಾನ್ಯ,Y. M. Veeranna,ವೈ. ಎಂ. Veeranna,INC,ಕಾಂಗ್ರೆಸ್ (INC),44167,49.7,Pampapathi,Pampapathi,CPI,ಸಿಪಿಐ (CPI),21408,22759,#1f77b4
1989,42,Mayakonda,ಮಾಯಾಕೊಂಡ,mayakonda,mayakonda_assembly_constituency,SC,ಪರಿಶಿಷ್ಟ ಜಾತಿ (SC),Nagamma Keshavamurthy,Nagamma Keshavamurthy,INC,ಕಾಂಗ್ರೆಸ್ (INC),31869,36.7,K. Mallappa Bin Mallappa,ಕೆ. Mallappa Bin Mallappa,JD,ಜನತಾ ದಳ (JD),21141,10728,#1f77b4
1989,43,Bharamasagara,Bharamasagara,bharamasagara,bharamasagara_assembly_constituency,SC,ಪರಿಶಿಷ್ಟ ಜಾತಿ (SC),K. Shiva Murthy,ಕೆ. Shiva Murthy,INC,ಕಾಂಗ್ರೆಸ್ (INC),36103,49.2,M. Chandrappa,ಎಂ. Chandrappa,JD,ಜನತಾ ದಳ (JD),27330,8773,#1f77b4
1989,44,Chitradurga,ಚಿತ್ರದುರ್ಗ,chitradurga,chitradurga_assembly_constituency,nan,ಸಾಮಾನ್ಯ,H. Ekanthaiah,ಎಚ್. Ekanthaiah,JD,ಜನತಾ ದಳ (JD),31923,38.5,C. Md. Noorulla Shariff,ಸಿ. Md Noorulla Shariff,INC,ಕಾಂಗ್ರೆಸ್ (INC),31313,610,#2ca02c
1989,45,Jagalur,ಜಗಳೂರು,jagalur,jagalur_assembly_constituency,ST,ಪರಿಶಿಷ್ಟ ಪಂಗಡ (ST),G. H. Ashwath Reddy,ಜಿ. ಎಚ್. Ashwath ರೆಡ್ಡಿ,INC,ಕಾಂಗ್ರೆಸ್ (INC),45085,53.0,M. Basappa,ಎಂ. Basappa,JD,ಜನತಾ ದಳ (JD),37068,8017,#1f77b4
1989,46,Molakalmuru,ಮೊಳಕಾಲ್ಮೂರು,molakalmuru,molakalmuru_assembly_constituency,ST,ಪರಿಶಿಷ್ಟ ಪಂಗಡ (ST),N. G. Naik,ಎನ್. ಜಿ. ನಾಯಕ್,INC,ಕಾಂಗ್ರೆಸ್ (INC),40802,50.9,Purna Muthappa,Purna Muthappa,JD,ಜನತಾ ದಳ (JD),23188,17614,#1f77b4
1989,47,Challakere,ಚಳ್ಳಕೆರೆ,challakere,challakere_assembly_constituency,ST,ಪರಿಶಿಷ್ಟ ಪಂಗಡ (ST),N. Jayanna,ಎನ್. Jayanna,INC,ಕಾಂಗ್ರೆಸ್ (INC),32274,40.7,Thippeswamy,Thippeswamy,JNP(JP),JNP(JP),19426,12848,#1f77b4
1989,48,Hiriyur,ಹಿರಿಯೂರು,hiriyur,hiriyur_assembly_constituency,nan,ಸಾಮಾನ್ಯ,K. H. Ranganath,ಕೆ. ಎಚ್. Ranganath,INC,ಕಾಂಗ್ರೆಸ್ (INC),33717,43.6,B. Basappa,ಬಿ. Basappa,JD,ಜನತಾ ದಳ (JD),21479,12238,#1f77b4
1989,49,Holalkere,ಹೊಳಲ್ಕೆರೆ,holalkere,holalkere_assembly_constituency,SC,ಪರಿಶಿಷ್ಟ ಜಾತಿ (SC),A. V. Umapathy,ಎ. ವಿ. Umapathy,INC,ಕಾಂಗ್ರೆಸ್ (INC),45978,54.6,G. Shivalingappa,ಜಿ. ಶಿವಲಿಂಗಪ್ಪ,JD,ಜನತಾ ದಳ (JD),33056,12922,#1f77b4
1989,50,Hosadurga,ಹೊಸದುರ್ಗ,hosadurga,hosadurga_assembly_constituency,nan,ಸಾಮಾನ್ಯ,E. Vijayakumar,ಇ. Vijayakumar,IND,ಪಕ್ಷೇತರ (IND),41703,44.8,B. S. Dyamappa,ಬಿ. ಎಸ್. Dyamappa,IND,ಪಕ್ಷೇತರ (IND),18615,23088,#7f7f7f
1989,51,Pavagada,ಪಾವಗಡ,pavagada,pavagada_assembly_constituency,SC,ಪರಿಶಿಷ್ಟ ಜಾತಿ (SC),Venkataravanappa,Venkataravanappa,INC,ಕಾಂಗ್ರೆಸ್ (INC),45626,52.2,Thippeswamy,Thippeswamy,JNP(JP),JNP(JP),20863,24763,#1f77b4
1989,52,Sira,ಸಿರಾ,sira,sira_assembly_constituency,nan,ಸಾಮಾನ್ಯ,S. K. Dasappa,ಎಸ್. ಕೆ. Dasappa,INC,ಕಾಂಗ್ರೆಸ್ (INC),29699,39.3,B. Satya Narayana,ಬಿ. Satya Narayana,JD,ಜನತಾ ದಳ (JD),22146,7553,#1f77b4
1989,53,Kallambella,Kallambella,kallambella,kallambella_assembly_constituency,nan,ಸಾಮಾನ್ಯ,T. B. Jayachandra,ಟಿ. ಬಿ. Jayachandra,IND,ಪಕ್ಷೇತರ (IND),37844,50.2,B. Ganganna,ಬಿ. Ganganna,JD,ಜನತಾ ದಳ (JD),14089,23755,#7f7f7f
1989,54,Bellavi,Bellavi,bellavi,bellavi_assembly_constituency,nan,ಸಾಮಾನ್ಯ,R. Narayana,ಆರ್. Narayana,INC,ಕಾಂಗ್ರೆಸ್ (INC),32846,41.6,C. N. Bhaskarappa,ಸಿ. ಎನ್. Bhaskarappa,JD,ಜನತಾ ದಳ (JD),14560,18286,#1f77b4
1989,55,Madhugiri,ಮಧುಗಿರಿ,madhugiri,madhugiri_assembly_constituency,nan,ಸಾಮಾನ್ಯ,G. Parameswara,ಜಿ. Parameswara,INC,ಕಾಂಗ್ರೆಸ್ (INC),47477,52.2,Rajavardhan,Rajavardhan,JD,ಜನತಾ ದಳ (JD),29670,17807,#1f77b4
1989,56,Koratagere,ಕೊರಟಗೆರೆ,koratagere,koratagere_assembly_constituency,SC,ಪರಿಶಿಷ್ಟ ಜಾತಿ (SC),C. Veerabhadraiah,ಸಿ. Veerabhadraiah,INC,ಕಾಂಗ್ರೆಸ್ (INC),35684,37.8,Veeranna,Veeranna,JD,ಜನತಾ ದಳ (JD),32044,3640,#1f77b4
1989,57,Tumkur,Tumkur,tumkur,tumkur_assembly_constituency,nan,ಸಾಮಾನ್ಯ,S. Shafi Ahmed,ಎಸ್. Shafi Ahmed,INC,ಕಾಂಗ್ರೆಸ್ (INC),44786,43.9,Lakshmi Narasimhaiah,ಲಕ್ಷ್ಮಿ Narasimhaiah,JD,ಜನತಾ ದಳ (JD),39646,5140,#1f77b4
1989,58,Kunigal,ಕುಣಿಗಲ್,kunigal,kunigal_assembly_constituency,nan,ಸಾಮಾನ್ಯ,K. Lakkappa,ಕೆ. Lakkappa,INC,ಕಾಂಗ್ರೆಸ್ (INC),34942,40.9,Y. K. Ramaiah,ವೈ. ಕೆ. Ramaiah,JNP(JP),JNP(JP),33796,1146,#1f77b4
1989,59,Huliyurdurga,Huliyurdurga,huliyurdurga,huliyurdurga_assembly_constituency,nan,ಸಾಮಾನ್ಯ,N. Huchamasti Gowda,ಎನ್. Huchamasti ಗೌಡ,INC,ಕಾಂಗ್ರೆಸ್ (INC),32272,43.7,D. Nagarajaiah,ಡಿ. Nagarajaiah,JNP(JP),JNP(JP),31553,719,#1f77b4
1989,60,Gubbi,ಗುಬ್ಬಿ,gubbi,gubbi_assembly_constituency,nan,ಸಾಮಾನ್ಯ,G. S. Shivananjappa,ಜಿ. ಎಸ್. Shivananjappa,INC,ಕಾಂಗ್ರೆಸ್ (INC),33524,42.8,K. R. Thathaiah,ಕೆ. ಆರ್. Thathaiah,JD,ಜನತಾ ದಳ (JD),17339,16185,#1f77b4
1989,61,Turuvekere,ತುರುವೇಕೆರೆ,turuvekere,turuvekere_assembly_constituency,nan,ಸಾಮಾನ್ಯ,S. Rudrappa,ಎಸ್. Rudrappa,INC,ಕಾಂಗ್ರೆಸ್ (INC),43803,54.2,H. B. Nanjegowda,ಎಚ್. ಬಿ. Nanjegowda,JNP(JP),JNP(JP),15586,28217,#1f77b4
1989,62,Tiptur,ತಿಪಟೂರು,tiptur,tiptur_assembly_constituency,nan,ಸಾಮಾನ್ಯ,T. M. Manjunath,ಟಿ. ಎಂ. Manjunath,INC,ಕಾಂಗ್ರೆಸ್ (INC),61052,68.8,B. S. Chandrashekaraiah,ಬಿ. ಎಸ್. Chandrashekaraiah,JD,ಜನತಾ ದಳ (JD),12783,48269,#1f77b4
1989,63,Chiknaikanahalli,Chiknaikanahalli,chiknaikanahalli,chiknaikanahalli_assembly_constituency,nan,ಸಾಮಾನ್ಯ,J. C. Madhuswamy,ಜೆ. ಸಿ. Madhuswamy,JD,ಜನತಾ ದಳ (JD),26291,33.0,B. Lakkappa,ಬಿ. Lakkappa,INC,ಕಾಂಗ್ರೆಸ್ (INC),25663,628,#2ca02c
1989,64,Gauribidanur,ಗೌರಿಬಿದನೂರು,gauribidanur,gauribidanur_assembly_constituency,nan,ಸಾಮಾನ್ಯ,Aswathanarayana Reddy S. V.,Aswathanarayana ರೆಡ್ಡಿ ಎಸ್. ವಿ.,INC,ಕಾಂಗ್ರೆಸ್ (INC),40911,49.4,Jyothi Reddy N.,Jyothi ರೆಡ್ಡಿ ಎನ್.,JD,ಜನತಾ ದಳ (JD),30020,10891,#1f77b4
1989,65,Chikballapur,Chikballapur,chikballapur,chikballapur_assembly_constituency,SC,ಪರಿಶಿಷ್ಟ ಜಾತಿ (SC),Renuka Rajendran,Renuka Rajendran,INC,ಕಾಂಗ್ರೆಸ್ (INC),39958,48.6,K. M. Muniyappa,ಕೆ. ಎಂ. Muniyappa,JNP(JP),JNP(JP),25646,14312,#1f77b4
1989,66,Sidlaghatta,ಶಿಡ್ಲಘಟ್ಟ,sidlaghatta,sidlaghatta_assembly_constituency,nan,ಸಾಮಾನ್ಯ,V. Muniyappa,ವಿ. Muniyappa,INC,ಕಾಂಗ್ರೆಸ್ (INC),52870,56.5,S. Munishamappa,ಎಸ್. Munishamappa,JD,ಜನತಾ ದಳ (JD),27798,25072,#1f77b4
1989,67,Bagepalli,ಬಾಗೇಪಲ್ಲಿ,bagepalli,bagepalli_assembly_constituency,nan,ಸಾಮಾನ್ಯ,C. V. Venkatarayappa,ಸಿ. ವಿ. Venkatarayappa,INC,ಕಾಂಗ್ರೆಸ್ (INC),37265,47.2,G. V. Sreeramareddy,ಜಿ. ವಿ. Sreeramareddy,CPM,ಸಿಪಿಎಂ (CPM),35639,1626,#1f77b4
1989,68,Chintamani,ಚಿಂತಾಮಣಿ,chintamani,chintamani_assembly_constituency,nan,ಸಾಮಾನ್ಯ,Ghowda Reddy,Ghowda ರೆಡ್ಡಿ,INC,ಕಾಂಗ್ರೆಸ್ (INC),57139,59.2,Krishna Reddy K. M.,Krishna ರೆಡ್ಡಿ ಕೆ. ಎಂ.,JD,ಜನತಾ ದಳ (JD),37206,19933,#1f77b4
1989,69,Srinivasapur,ಶ್ರೀನಿವಾಸಪುರ,srinivasapur,srinivasapur_assembly_constituency,nan,ಸಾಮಾನ್ಯ,G. K. Venkatasivareddy,ಜಿ. ಕೆ. Venkatasivareddy,INC,ಕಾಂಗ್ರೆಸ್ (INC),48231,54.9,Ramesh Kumar,ರಮೇಶ್ ಕುಮಾರ್,JD,ಜನತಾ ದಳ (JD),38938,9293,#1f77b4
1989,70,Mulbagal,ಮುಳಬಾಗಿಲು,mulbagal,mulbagal_assembly_constituency,SC,ಪರಿಶಿಷ್ಟ ಜಾತಿ (SC),M. V. Venkatappa,ಎಂ. ವಿ. Venkatappa,INC,ಕಾಂಗ್ರೆಸ್ (INC),33285,36.8,K. V. Shankarappa,ಕೆ. ವಿ. Shankarappa,JNP(JP),JNP(JP),20787,12498,#1f77b4
1989,71,Kolar Gold Fields,Kolar Gold Fields,kolargoldfields,kolar_gold_fields_assembly_constituency,SC,ಪರಿಶಿಷ್ಟ ಜಾತಿ (SC),M. Bhakthavachalam,ಎಂ. Bhakthavachalam,ADK,ADK,32928,51.1,T. S. Mani,ಟಿ. ಎಸ್. Mani,CPM,ಸಿಪಿಎಂ (CPM),12192,20736,#64748b
1989,72,Bethamangala,Bethamangala,bethamangala,bethamangala_assembly_constituency,SC,ಪರಿಶಿಷ್ಟ ಜಾತಿ (SC),M. Narayana Swamy,ಎಂ. Narayana ಸ್ವಾಮಿ,JD,ಜನತಾ ದಳ (JD),28162,36.2,C. Venkateshappa,ಸಿ. Venkateshappa,IND,ಪಕ್ಷೇತರ (IND),23281,4881,#2ca02c
1989,73,Kolar,ಕೋಲಾರ,kolar,kolar_assembly_constituency,nan,ಸಾಮಾನ್ಯ,K. A. Nisar Ahmed,ಕೆ. ಎ. Nisar Ahmed,INC,ಕಾಂಗ್ರೆಸ್ (INC),39860,45.5,K. R. Shrinivasaiah,ಕೆ. ಆರ್. Shrinivasaiah,JD,ಜನತಾ ದಳ (JD),33796,6064,#1f77b4
1989,74,Vemgal,Vemgal,vemgal,vemgal_assembly_constituency,nan,ಸಾಮಾನ್ಯ,C. Byregowda,ಸಿ. Byregowda,JNP(JP),JNP(JP),42687,48.9,K. R. Erappa,ಕೆ. ಆರ್. Erappa,IND,ಪಕ್ಷೇತರ (IND),23347,19340,#64748b
1989,75,Malur,ಮಲೂರು,malur,malur_assembly_constituency,nan,ಸಾಮಾನ್ಯ,A. Nagaraju,ಎ. Nagaraju,INC,ಕಾಂಗ್ರೆಸ್ (INC),42788,53.4,B. M. Krishnappa,ಬಿ. ಎಂ. Krishnappa,JD,ಜನತಾ ದಳ (JD),17680,25108,#1f77b4
1989,76,Malleshwaram,ಮಲ್ಲೇಶ್ವರಂ,malleshwaram,malleshwaram_assembly_constituency,nan,ಸಾಮಾನ್ಯ,Jeevaraj Alva,Jeevaraj Alva,JD,ಜನತಾ ದಳ (JD),34955,42.5,P. Ramdev,ಪಿ. Ramdev,IND,ಪಕ್ಷೇತರ (IND),31285,3670,#2ca02c
1989,77,Rajajinagar,ರಾಜಾಜಿ ನಗರ,rajajinagar,rajajinagar_assembly_constituency,nan,ಸಾಮಾನ್ಯ,K. Lakkanna,ಕೆ. Lakkanna,INC,ಕಾಂಗ್ರೆಸ್ (INC),50707,38.0,R. V. Hareesh,ಆರ್. ವಿ. Hareesh,JD,ಜನತಾ ದಳ (JD),32196,18511,#1f77b4
1989,78,Gandhinagar,ಗಾಂಧಿ ನಗರ,gandhinagar,gandhinagar_assembly_constituency,nan,ಸಾಮಾನ್ಯ,R. Dayananda Rao,ಆರ್. Dayananda ರಾವ್,INC,ಕಾಂಗ್ರೆಸ್ (INC),32767,53.8,Leeladevi R. Prasad,Leeladevi ಆರ್. Prasad,JD,ಜನತಾ ದಳ (JD),12617,20150,#1f77b4
1989,79,Chickpet,ಚಿಕ್ಕಪೇಟೆ,chickpet,chickpet_assembly_constituency,nan,ಸಾಮಾನ್ಯ,Perikal M. Mallappa,Perikal ಎಂ. Mallappa,INC,ಕಾಂಗ್ರೆಸ್ (INC),28167,55.3,Prof. A. Lakshmisagar,ಪ್ರೊ. ಎ. Lakshmisagar,JD,ಜನತಾ ದಳ (JD),10237,17930,#1f77b4
1989,80,Binnypet,Binnypet,binnypet,binnypet_assembly_constituency,nan,ಸಾಮಾನ್ಯ,Naseer Ahmed,Naseer Ahmed,INC,ಕಾಂಗ್ರೆಸ್ (INC),61285,43.7,V. Somanna,ವಿ. Somanna,JNP(JP),JNP(JP),46322,14963,#1f77b4
1989,81,Chamarajapet,Chamarajapet,chamarajapet,chamarajapet_assembly_constituency,nan,ಸಾಮಾನ್ಯ,R. V. Devaraju,ಆರ್. ವಿ. Devaraju,INC,ಕಾಂಗ್ರೆಸ್ (INC),27526,51.1,Mohammad Moienuddin,Mohammad Moienuddin,JD,ಜನತಾ ದಳ (JD),15482,12044,#1f77b4
1989,82,Basavanagudi,ಬಸವನಗುಡಿ,basavanagudi,basavanagudi_assembly_constituency,nan,ಸಾಮಾನ್ಯ,Ramakrishna Hegde,Ramakrishna ಹೆಗಡೆ,JD,ಜನತಾ ದಳ (JD),35342,38.8,Haranahalli Ramaswamy,Haranahalli Ramaswamy,INC,ಕಾಂಗ್ರೆಸ್ (INC),26924,8418,#2ca02c
1989,83,Jayanagar,ಜಯನಗರ,jayanagar,jayanagar_assembly_constituency,nan,ಸಾಮಾನ್ಯ,Ramalinga Reddy,ರಾಮಲಿಂಗ ರೆಡ್ಡಿ,INC,ಕಾಂಗ್ರೆಸ್ (INC),37836,48.6,M. Chandrasekhar,ಎಂ. Chandrasekhar,JD,ಜನತಾ ದಳ (JD),20655,17181,#1f77b4
1989,84,Shanthinagar,ಶಾಂತಿ ನಗರ,shanthinagar,shanthinagar_assembly_constituency,SC,ಪರಿಶಿಷ್ಟ ಜಾತಿ (SC),M. Muniswamy,ಎಂ. Muniswamy,INC,ಕಾಂಗ್ರೆಸ್ (INC),42828,61.2,D. G. Hemavathy,ಡಿ. ಜಿ. Hemavathy,JD,ಜನತಾ ದಳ (JD),17788,25040,#1f77b4
1989,85,Shivajinagar,ಶಿವಾಜಿನಗರ,shivajinagar,shivajinagar_assembly_constituency,nan,ಸಾಮಾನ್ಯ,A. K. Anatha Krishna,ಎ. ಕೆ. Anatha Krishna,INC,ಕಾಂಗ್ರೆಸ್ (INC),21857,48.4,R. Roshan Baig,ಆರ್. Roshan Baig,JD,ಜನತಾ ದಳ (JD),21766,91,#1f77b4
1989,86,Bharathinagar,Bharathinagar,bharathinagar,bharathinagar_assembly_constituency,nan,ಸಾಮಾನ್ಯ,K. J. George,ಕೆ. ಜೆ. George,INC,ಕಾಂಗ್ರೆಸ್ (INC),36198,57.5,S. Suryanarayana Rao,ಎಸ್. Suryanarayana ರಾವ್,CPM,ಸಿಪಿಎಂ (CPM),12387,23811,#1f77b4
1989,87,Jayamahal,Jayamahal,jayamahal,jayamahal_assembly_constituency,nan,ಸಾಮಾನ್ಯ,S. M. Yahya,ಎಸ್. ಎಂ. Yahya,INC,ಕಾಂಗ್ರೆಸ್ (INC),41884,52.6,T. Prabhakar,ಟಿ. Prabhakar,JD,ಜನತಾ ದಳ (JD),26159,15725,#1f77b4
1989,88,Yelahanka,ಯಲಹಂಕ,yelahanka,yelahanka_assembly_constituency,nan,ಸಾಮಾನ್ಯ,B. Basavalingappa,ಬಿ. Basavalingappa,INC,ಕಾಂಗ್ರೆಸ್ (INC),70882,49.9,V. Shivaraj,ವಿ. Shivaraj,JD,ಜನತಾ ದಳ (JD),47520,23362,#1f77b4
1989,89,Uttarahalli,Uttarahalli,uttarahalli,uttarahalli_assembly_constituency,nan,ಸಾಮಾನ್ಯ,S. Ramesh,ಎಸ್. ರಮೇಶ್,INC,ಕಾಂಗ್ರೆಸ್ (INC),125065,54.4,M. Srinivas,ಎಂ. ಶ್ರೀನಿವಾಸ್,JD,ಜನತಾ ದಳ (JD),71523,53542,#1f77b4
1989,90,Varthur,Varthur,varthur,varthur_assembly_constituency,nan,ಸಾಮಾನ್ಯ,A. Krishnappa,ಎ. Krishnappa,INC,ಕಾಂಗ್ರೆಸ್ (INC),69586,48.3,Ashwathnarayana Reddy,Ashwathnarayana ರೆಡ್ಡಿ,JD,ಜನತಾ ದಳ (JD),62375,7211,#1f77b4
1989,91,Kanakapura,ಕನಕಪುರ,kanakapura,kanakapura_assembly_constituency,nan,ಸಾಮಾನ್ಯ,P. G. R. Sindhia,ಪಿ. ಜಿ. ಆರ್. Sindhia,JD,ಜನತಾ ದಳ (JD),36614,40.7,Marilinge Gowda,Marilinge ಗೌಡ,INC,ಕಾಂಗ್ರೆಸ್ (INC),32245,4369,#2ca02c
1989,92,Sathanur,Sathanur,sathanur,sathanur_assembly_constituency,nan,ಸಾಮಾನ್ಯ,Shivakumar D. K.,ಶಿವಕುಮಾರ್ ಡಿ. ಕೆ.,INC,ಕಾಂಗ್ರೆಸ್ (INC),44595,49.8,U. K. Swamy,ಯು. ಕೆ. ಸ್ವಾಮಿ,JNP(JP),JNP(JP),30945,13650,#1f77b4
1989,93,Channapatna,ಚನ್ನಪಟ್ಟಣ,channapatna,channapatna_assembly_constituency,nan,ಸಾಮಾನ್ಯ,Sadat Ali Khan,Sadat Ali Khan,INC,ಕಾಂಗ್ರೆಸ್ (INC),51010,50.5,M. Varada Gowda (Raju),ಎಂ. Varada ಗೌಡ ( ರಾಜು ),JNP(JP),JNP(JP),42912,8098,#1f77b4
1989,94,Ramanagaram,Ramanagaram,ramanagaram,ramanagaram_assembly_constituency,nan,ಸಾಮಾನ್ಯ,C. M. Lingappa,ಸಿ. ಎಂ. Lingappa,INC,ಕಾಂಗ್ರೆಸ್ (INC),60275,62.4,C. Boraiah,ಸಿ. Boraiah,JNP(JP),JNP(JP),22022,38253,#1f77b4
1989,95,Magadi,ಮಾಗಡಿ,magadi,magadi_assembly_constituency,nan,ಸಾಮಾನ್ಯ,H. M. Revanna,ಎಚ್. ಎಂ. Revanna,INC,ಕಾಂಗ್ರೆಸ್ (INC),46697,52.7,Berraswamy Gowda,Berraswamy ಗೌಡ,JNP(JP),JNP(JP),24001,22696,#1f77b4
1989,96,Doddaballapur,ದೊಡ್ಡಬಳ್ಳಾಪುರ,doddaballapur,doddaballapur_assembly_constituency,nan,ಸಾಮಾನ್ಯ,R. L. Jalappa,ಆರ್. ಎಲ್. Jalappa,JD,ಜನತಾ ದಳ (JD),48096,49.8,V. Krishnappa,ವಿ. Krishnappa,INC,ಕಾಂಗ್ರೆಸ್ (INC),44577,3519,#2ca02c
1989,97,Nelamangala,ನೆಲಮಂಗಲ,nelamangala,nelamangala_assembly_constituency,SC,ಪರಿಶಿಷ್ಟ ಜಾತಿ (SC),Anjana Murthy,Anjana Murthy,INC,ಕಾಂಗ್ರೆಸ್ (INC),40675,52.3,M. Shankar Naik,ಎಂ. Shankar ನಾಯಕ್,JD,ಜನತಾ ದಳ (JD),21491,19184,#1f77b4
1989,98,Devanahalli,ದೇವನಹಳ್ಳಿ,devanahalli,devanahalli_assembly_constituency,SC,ಪರಿಶಿಷ್ಟ ಜಾತಿ (SC),Muninarasimhaiah,Muninarasimhaiah,INC,ಕಾಂಗ್ರೆಸ್ (INC),58569,58.6,M. Muniyappa,ಎಂ. Muniyappa,JD,ಜನತಾ ದಳ (JD),34333,24236,#1f77b4
1989,99,Hosakote,ಹೊಸಕೋಟೆ,hosakote,hosakote_assembly_constituency,nan,ಸಾಮಾನ್ಯ,Chikke Gowda,Chikke ಗೌಡ,INC,ಕಾಂಗ್ರೆಸ್ (INC),57007,50.9,B. N. Bache Gowda,ಬಿ. ಎನ್. Bache ಗೌಡ,JD,ಜನತಾ ದಳ (JD),44352,12655,#1f77b4
1989,100,Anekal,ಆನೇಕಲ್,anekal,anekal_assembly_constituency,SC,ಪರಿಶಿಷ್ಟ ಜಾತಿ (SC),M. P. Keshavamurthy,ಎಂ. ಪಿ. Keshavamurthy,INC,ಕಾಂಗ್ರೆಸ್ (INC),39462,40.6,M. R. Venugopal,ಎಂ. ಆರ್. Venugopal,JD,ಜನತಾ ದಳ (JD),24331,15131,#1f77b4
1989,101,Nagamangala,ನಾಗಮಂಗಲ,nagamangala,nagamangala_assembly_constituency,nan,ಸಾಮಾನ್ಯ,L. R. Shivarame Gowda,ಎಲ್. ಆರ್. Shivarame ಗೌಡ,IND,ಪಕ್ಷೇತರ (IND),48654,56.8,T. M. Chandra Shekar,ಟಿ. ಎಂ. Chandra Shekar,INC,ಕಾಂಗ್ರೆಸ್ (INC),17185,31469,#7f7f7f
1989,102,Maddur,ಮದ್ದೂರು,maddur,maddur_assembly_constituency,nan,ಸಾಮಾನ್ಯ,S. M. Krishna,ಎಸ್. ಎಂ. Krishna,INC,ಕಾಂಗ್ರೆಸ್ (INC),37935,42.7,H. Srinivasu,ಎಚ್. Srinivasu,KRS,KRS,24784,13151,#1f77b4
1989,103,Kiragaval,Kiragaval,kiragaval,kiragaval_assembly_constituency,nan,ಸಾಮಾನ್ಯ,K. M. Puttu,ಕೆ. ಎಂ. Puttu,INC,ಕಾಂಗ್ರೆಸ್ (INC),42391,48.4,Rame Gowda,Rame ಗೌಡ,JNP(JP),JNP(JP),35102,7289,#1f77b4
1989,104,Malavalli,ಮಳವಳ್ಳಿ,malavalli,malavalli_assembly_constituency,SC,ಪರಿಶಿಷ್ಟ ಜಾತಿ (SC),Mallajamma,Mallajamma,INC,ಕಾಂಗ್ರೆಸ್ (INC),35723,41.2,M. L. Lingarajamurthy,ಎಂ. ಎಲ್. Lingarajamurthy,JNP(JP),JNP(JP),17936,17787,#1f77b4
1989,105,Mandya,ಮಂಡ್ಯ,mandya,mandya_assembly_constituency,nan,ಸಾಮಾನ್ಯ,Athamananda M. S.,Athamananda ಎಂ. ಎಸ್.,INC,ಕಾಂಗ್ರೆಸ್ (INC),50332,55.8,Jayaram. S. D.,Jayaram ಎಸ್. ಡಿ.,JNP(JP),JNP(JP),22503,27829,#1f77b4
1989,106,Keragodu,Keragodu,keragodu,keragodu_assembly_constituency,nan,ಸಾಮಾನ್ಯ,N. Thammanna,ಎನ್. Thammanna,INC,ಕಾಂಗ್ರೆಸ್ (INC),30575,40.3,G. B. Shivakumar,ಜಿ. ಬಿ. ಶಿವಕುಮಾರ್,JNP(JP),JNP(JP),22634,7941,#1f77b4
1989,107,Srirangapatna,ಶ್ರೀರಂಗಪಟ್ಟಣ,srirangapatna,srirangapatna_assembly_constituency,nan,ಸಾಮಾನ್ಯ,Damayanti Boregowda,Damayanti Boregowda,INC,ಕಾಂಗ್ರೆಸ್ (INC),29159,34.0,Vijayalakshmanmma,Vijayalakshmanmma,JNP(JP),JNP(JP),25876,3283,#1f77b4
1989,108,Pandavapura,Pandavapura,pandavapura,pandavapura_assembly_constituency,nan,ಸಾಮಾನ್ಯ,D. Halage Gowda,ಡಿ. Halage ಗೌಡ,INC,ಕಾಂಗ್ರೆಸ್ (INC),30520,32.9,K. S. Puttannaiah,ಕೆ. ಎಸ್. Puttannaiah,KRS,KRS,27121,3399,#1f77b4
1989,109,Krishnarajapete,Krishnarajapete,krishnarajapete,krishnarajapete_assembly_constituency,nan,ಸಾಮಾನ್ಯ,M. Putteswamy Gowda,ಎಂ. Putteswamy ಗೌಡ,INC,ಕಾಂಗ್ರೆಸ್ (INC),35963,40.5,K. N. Kenge Gowda,ಕೆ. ಎನ್. Kenge ಗೌಡ,JNP(JP),JNP(JP),30791,5172,#1f77b4
1989,110,Hanur,ಹನೂರು,hanur,hanur_assembly_constituency,nan,ಸಾಮಾನ್ಯ,G. Raju Gowda,ಜಿ. ರಾಜು ಗೌಡ,INC,ಕಾಂಗ್ರೆಸ್ (INC),50008,51.7,H. Nagappa,ಎಚ್. Nagappa,JD,ಜನತಾ ದಳ (JD),44510,5498,#1f77b4
1989,111,Kollegal,ಕೊಳ್ಳೇಗಾಲ,kollegal,kollegal_assembly_constituency,SC,ಪರಿಶಿಷ್ಟ ಜಾತಿ (SC),M. Siddamadaiah,ಎಂ. Siddamadaiah,INC,ಕಾಂಗ್ರೆಸ್ (INC),46998,63.1,B. Basavaiah,ಬಿ. Basavaiah,JD,ಜನತಾ ದಳ (JD),22810,24188,#1f77b4
1989,112,Bannur,Bannur,bannur,bannur_assembly_constituency,nan,ಸಾಮಾನ್ಯ,K. M. Chikkamadanaika,ಕೆ. ಎಂ. Chikkamadanaika,INC,ಕಾಂಗ್ರೆಸ್ (INC),34204,41.5,S. Krishnappa,ಎಸ್. Krishnappa,JNP(JP),JNP(JP),19137,15067,#1f77b4
1989,113,T.Narasipur,ಟಿ. Narasipur,tnarasipur,tnarasipur_assembly_constituency,SC,ಪರಿಶಿಷ್ಟ ಜಾತಿ (SC),M. Sreenivasaiah,ಎಂ. Sreenivasaiah,INC,ಕಾಂಗ್ರೆಸ್ (INC),38915,51.2,H. C. Mahadevappa,ಎಚ್. ಸಿ. ಮಹಾದೇವಪ್ಪ,JD,ಜನತಾ ದಳ (JD),28491,10424,#1f77b4
1989,114,Krishnaraja,Krishnaraja,krishnaraja,krishnaraja_assembly_constituency,nan,ಸಾಮಾನ್ಯ,K. N. Somasundaram,ಕೆ. ಎನ್. Somasundaram,INC,ಕಾಂಗ್ರೆಸ್ (INC),28722,50.7,Vedantha Hemmige,Vedantha Hemmige,JD,ಜನತಾ ದಳ (JD),18990,9732,#1f77b4
1989,115,Chamaraja,ಚಾಮರಾಜ,chamaraja,chamaraja_assembly_constituency,nan,ಸಾಮಾನ್ಯ,K. Harsha Kumar Gowda,ಕೆ. Harsha ಕುಮಾರ್ ಗೌಡ,INC,ಕಾಂಗ್ರೆಸ್ (INC),31514,42.4,C. Basave Gowda,ಸಿ. Basave ಗೌಡ,JD,ಜನತಾ ದಳ (JD),20408,11106,#1f77b4
1989,116,Narasimharaja,ನರಸಿಂಹರಾಜ,narasimharaja,narasimharaja_assembly_constituency,nan,ಸಾಮಾನ್ಯ,Azeez Sait,Azeez ಸೇಟ್,INC,ಕಾಂಗ್ರೆಸ್ (INC),39858,47.9,Haruthi Rao Pawar,Haruthi ರಾವ್ Pawar,BJP,ಬಿಜೆಪಿ (BJP),24698,15160,#1f77b4
1989,117,Chamundeswari,Chamundeswari,chamundeswari,chamundeswari_assembly_constituency,nan,ಸಾಮಾನ್ಯ,Rajashekhara Murthy M.,Rajashekhara Murthy ಎಂ.,INC,ಕಾಂಗ್ರೆಸ್ (INC),42892,42.6,Siddaramaiah,ಸಿದ್ದರಾಮಯ್ಯ,JD,ಜನತಾ ದಳ (JD),36483,6409,#1f77b4
1989,118,Nanjangud,ನಂಜನಗೂಡು,nanjangud,nanjangud_assembly_constituency,SC,ಪರಿಶಿಷ್ಟ ಜಾತಿ (SC),M. Mahadevu,ಎಂ. Mahadevu,INC,ಕಾಂಗ್ರೆಸ್ (INC),36176,47.6,D. T. Jayakumar,ಡಿ. ಟಿ. Jayakumar,JD,ಜನತಾ ದಳ (JD),23525,12651,#1f77b4
1989,119,Santhemarahalli,Santhemarahalli,santhemarahalli,santhemarahalli_assembly_constituency,SC,ಪರಿಶಿಷ್ಟ ಜಾತಿ (SC),K. Siddaiah,ಕೆ. Siddaiah,INC,ಕಾಂಗ್ರೆಸ್ (INC),40066,56.9,A. R. Krishnamurthy,ಎ. ಆರ್. Krishnamurthy,JD,ಜನತಾ ದಳ (JD),22310,17756,#1f77b4
1989,120,Chamarajanagar,ಚಾಮರಾಜನಗರ,chamarajanagar,chamarajanagar_assembly_constituency,nan,ಸಾಮಾನ್ಯ,Vatal Nagaraj,Vatal Nagaraj,IND,ಪಕ್ಷೇತರ (IND),35642,38.8,S. Puttaswamy,ಎಸ್. Puttaswamy,INC,ಕಾಂಗ್ರೆಸ್ (INC),29749,5893,#7f7f7f
1989,121,Gundlupet,ಗುಂಡ್ಲುಪೇಟೆ,gundlupet,gundlupet_assembly_constituency,nan,ಸಾಮಾನ್ಯ,K. S. Nagarathanamma,ಕೆ. ಎಸ್. Nagarathanamma,INC,ಕಾಂಗ್ರೆಸ್ (INC),50643,57.1,H. S. Mahadevaprasad,ಎಚ್. ಎಸ್. Mahadevaprasad,JD,ಜನತಾ ದಳ (JD),32587,18056,#1f77b4
1989,122,Heggadadevanakote,Heggadadevanakote,heggadadevanakote,heggadadevanakote_assembly_constituency,SC,ಪರಿಶಿಷ್ಟ ಜಾತಿ (SC),M. P. Venkatesh,ಎಂ. ಪಿ. Venkatesh,JNP(JP),JNP(JP),29676,34.8,M. Shivanna,ಎಂ. ಶಿವಣ್ಣ,INC,ಕಾಂಗ್ರೆಸ್ (INC),27507,2169,#64748b
1989,123,Hunasuru,Hunasuru,hunasuru,hunasuru_assembly_constituency,nan,ಸಾಮಾನ್ಯ,Chandraprabha Urs,Chandraprabha Urs,INC,ಕಾಂಗ್ರೆಸ್ (INC),51086,54.3,Kariyappa Gowda D.,Kariyappa ಗೌಡ ಡಿ.,JD,ಜನತಾ ದಳ (JD),18349,32737,#1f77b4
1989,124,Krishnarajanagara,Krishnarajanagara,krishnarajanagara,krishnarajanagara_assembly_constituency,nan,ಸಾಮಾನ್ಯ,Viswanath H.,Viswanath ಎಚ್.,INC,ಕಾಂಗ್ರೆಸ್ (INC),61509,65.9,S. Nanjappa,ಎಸ್. Nanjappa,JNP(JP),JNP(JP),26467,35042,#1f77b4
1989,125,Periyapatna,ಪಿರಿಯಾಪಟ್ಟಣ,periyapatna,periyapatna_assembly_constituency,nan,ಸಾಮಾನ್ಯ,K. S. Kalamari Gowda,ಕೆ. ಎಸ್. Kalamari ಗೌಡ,INC,ಕಾಂಗ್ರೆಸ್ (INC),46460,47.5,S. M. Anantharamu,ಎಸ್. ಎಂ. Anantharamu,JNP(JP),JNP(JP),28121,18339,#1f77b4
1989,126,Virajpet,ವಿರಾಜಪೇಟೆ,virajpet,virajpet_assembly_constituency,nan,ಸಾಮಾನ್ಯ,Suma Vasantha,Suma Vasantha,INC,ಕಾಂಗ್ರೆಸ್ (INC),32124,53.6,G. S. Pushkara,ಜಿ. ಎಸ್. Pushkara,JD,ಜನತಾ ದಳ (JD),16872,15252,#1f77b4
1989,127,Madikere,Madikere,madikere,madikere_assembly_constituency,nan,ಸಾಮಾನ್ಯ,D. A. Chinnappa,ಡಿ. ಎ. Chinnappa,INC,ಕಾಂಗ್ರೆಸ್ (INC),30804,42.6,Dambekodi Subraya Madappa,Dambekodi Subraya Madappa,BJP,ಬಿಜೆಪಿ (BJP),23538,7266,#1f77b4
1989,128,Somwarpet,Somwarpet,somwarpet,somwarpet_assembly_constituency,nan,ಸಾಮಾನ್ಯ,A. M. Belyappa,ಎ. ಎಂ. Belyappa,INC,ಕಾಂಗ್ರೆಸ್ (INC),38250,44.3,B. B. Shivappa,ಬಿ. ಬಿ. Shivappa,BJP,ಬಿಜೆಪಿ (BJP),19104,19146,#1f77b4
1989,129,Belur,ಬೇಲೂರು,belur,belur_assembly_constituency,nan,ಸಾಮಾನ್ಯ,B. H. Lakshmanaiah,ಬಿ. ಎಚ್. Lakshmanaiah,INC,ಕಾಂಗ್ರೆಸ್ (INC),34220,46.7,N. Srinivasa Murthy,ಎನ್. ಶ್ರೀನಿವಾಸ Murthy,IND,ಪಕ್ಷೇತರ (IND),20764,13456,#1f77b4
1989,130,Arsikere,ಅರಸೀಕೆರೆ,arsikere,arsikere_assembly_constituency,nan,ಸಾಮಾನ್ಯ,K. P. Prabhukumar,ಕೆ. ಪಿ. Prabhukumar,INC,ಕಾಂಗ್ರೆಸ್ (INC),30533,35.8,G. S. Parameswarappa,ಜಿ. ಎಸ್. Parameswarappa,JD,ಜನತಾ ದಳ (JD),19591,10942,#1f77b4
1989,131,Gandsi,Gandsi,gandsi,gandsi_assembly_constituency,nan,ಸಾಮಾನ್ಯ,B. Shivaramu,ಬಿ. Shivaramu,INC,ಕಾಂಗ್ರೆಸ್ (INC),47281,56.5,E. Nanje Gowda,ಇ. Nanje ಗೌಡ,JD,ಜನತಾ ದಳ (JD),21654,25627,#1f77b4
1989,132,Sravanabelagola,Sravanabelagola,sravanabelagola,sravanabelagola_assembly_constituency,nan,ಸಾಮಾನ್ಯ,N. B. Nanjappa,ಎನ್. ಬಿ. Nanjappa,INC,ಕಾಂಗ್ರೆಸ್ (INC),62350,56.8,C. S. Putte Gowda,ಸಿ. ಎಸ್. Putte ಗೌಡ,JNP(JP),JNP(JP),41711,20639,#1f77b4
1989,133,Holenarasipur,ಹೊಳೆನರಸೀಪುರ,holenarasipur,holenarasipur_assembly_constituency,nan,ಸಾಮಾನ್ಯ,G. Puttaswamy Gowda,ಜಿ. Puttaswamy ಗೌಡ,INC,ಕಾಂಗ್ರೆಸ್ (INC),53297,53.4,H D Devegowda,ಎಚ್. ಡಿ. Devegowda,JNP(JP),JNP(JP),45461,7836,#1f77b4
1989,134,Arkalgud,ಅರಕಲಗೂಡು,arkalgud,arkalgud_assembly_constituency,nan,ಸಾಮಾನ್ಯ,A. T. Ramaswamy,ಎ. ಟಿ. Ramaswamy,INC,ಕಾಂಗ್ರೆಸ್ (INC),30507,36.3,K. B. Maliappa,ಕೆ. ಬಿ. Maliappa,JD,ಜನತಾ ದಳ (JD),20889,9618,#1f77b4
1989,135,Hassan,ಹಾಸನ,hassan,hassan_assembly_constituency,nan,ಸಾಮಾನ್ಯ,K. H. Hanumegowda,ಕೆ. ಎಚ್. Hanumegowda,INC,ಕಾಂಗ್ರೆಸ್ (INC),68210,64.9,Karigowda B. V.,Karigowda ಬಿ. ವಿ.,JNP(JP),JNP(JP),25209,43001,#1f77b4
1989,136,Sakleshpur,ಸಕಲೇಶಪುರ,sakleshpur,sakleshpur_assembly_constituency,SC,ಪರಿಶಿಷ್ಟ ಜಾತಿ (SC),Gurudev,Gurudev,INC,ಕಾಂಗ್ರೆಸ್ (INC),40039,40.8,Yajaman H. B.,Yajaman ಎಚ್. ಬಿ.,JNP(JP),JNP(JP),34025,6014,#1f77b4
1989,137,Sullia,ಸುಳ್ಯ,sullia,sullia_assembly_constituency,SC,ಪರಿಶಿಷ್ಟ ಜಾತಿ (SC),K. Kushala,ಕೆ. Kushala,INC,ಕಾಂಗ್ರೆಸ್ (INC),33560,38.6,Angara,Angara,BJP,ಬಿಜೆಪಿ (BJP),27720,5840,#1f77b4
1989,138,Puttur,ಪುತ್ತೂರು,puttur,puttur_assembly_constituency,nan,ಸಾಮಾನ್ಯ,Vinay Kumar Sorake,Vinay ಕುಮಾರ್ Sorake,INC,ಕಾಂಗ್ರೆಸ್ (INC),43695,46.6,D. V. Sadananda Gowda,ಡಿ. ವಿ. Sadananda ಗೌಡ,BJP,ಬಿಜೆಪಿ (BJP),42134,1561,#1f77b4
1989,139,Vittal,Vittal,vittal,vittal_assembly_constituency,nan,ಸಾಮಾನ್ಯ,A. Rukmayya Poojary,ಎ. Rukmayya ಪೂಜಾರಿ,BJP,ಬಿಜೆಪಿ (BJP),27846,32.0,K. P. Abdulla,ಕೆ. ಪಿ. Abdulla,INC,ಕಾಂಗ್ರೆಸ್ (INC),21164,6682,#ff7f0e
1989,140,Belthangady,ಬೆಳ್ತಂಗಡಿ,belthangady,belthangady_assembly_constituency,nan,ಸಾಮಾನ್ಯ,K. Gangadhara Gowda,ಕೆ. Gangadhara ಗೌಡ,INC,ಕಾಂಗ್ರೆಸ್ (INC),40964,44.9,K. Vasantha Bangera,ಕೆ. Vasantha Bangera,IND,ಪಕ್ಷೇತರ (IND),39754,1210,#1f77b4
1989,141,Bantwal,Bantwal,bantwal,bantwal_assembly_constituency,nan,ಸಾಮಾನ್ಯ,Ramanatha Rai,Ramanatha Rai,INC,ಕಾಂಗ್ರೆಸ್ (INC),32939,48.4,H. Narayana Rai,ಎಚ್. Narayana Rai,BJP,ಬಿಜೆಪಿ (BJP),16995,15944,#1f77b4
1989,142,Mangalore,ಮಂಗಳೂರು,mangalore,mangalore_assembly_constituency,nan,ಸಾಮಾನ್ಯ,Blasius M. D. Souza,Blasius ಎಂ. ಡಿ. Souza,INC,ಕಾಂಗ್ರೆಸ್ (INC),23739,39.3,N. Yogesh Bhat,ಎನ್. Yogesh Bhat,BJP,ಬಿಜೆಪಿ (BJP),21869,1870,#1f77b4
1989,143,Ullal,Ullal,ullal,ullal_assembly_constituency,nan,ಸಾಮಾನ್ಯ,B. M. idinabba,ಬಿ. ಎಂ. Idinabba,INC,ಕಾಂಗ್ರೆಸ್ (INC),25785,36.5,K. R. Sriyan,ಕೆ. ಆರ್. Sriyan,CPM,ಸಿಪಿಎಂ (CPM),20371,5414,#1f77b4
1989,144,Surathkal,Surathkal,surathkal,surathkal_assembly_constituency,nan,ಸಾಮಾನ್ಯ,Vijaya Kumar Shetty,Vijaya ಕುಮಾರ್ Shetty,INC,ಕಾಂಗ್ರೆಸ್ (INC),35230,45.3,B. Subbayya Shetty,ಬಿ. Subbayya Shetty,JD,ಜನತಾ ದಳ (JD),20000,15230,#1f77b4
1989,145,Kaup,ಕಾಪು,kaup,kaup_assembly_constituency,nan,ಸಾಮಾನ್ಯ,Vasantha V. Salian,Vasantha ವಿ. Salian,INC,ಕಾಂಗ್ರೆಸ್ (INC),29823,54.5,B. Bhaskar Shetty,ಬಿ. Bhaskar Shetty,JD,ಜನತಾ ದಳ (JD),21593,8230,#1f77b4
1989,146,Udupi,ಉಡುಪಿ,udupi,udupi_assembly_constituency,nan,ಸಾಮಾನ್ಯ,M. Manorama Madwaraj,ಎಂ. Manorama Madwaraj,INC,ಕಾಂಗ್ರೆಸ್ (INC),29490,39.0,U. R. Sabhapathi,ಯು. ಆರ್. Sabhapathi,IND,ಪಕ್ಷೇತರ (IND),28705,785,#1f77b4
1989,147,Brahmavar,Brahmavar,brahmavar,brahmavar_assembly_constituency,nan,ಸಾಮಾನ್ಯ,P. Basavaraj,ಪಿ. ಬಸವರಾಜ್,INC,ಕಾಂಗ್ರೆಸ್ (INC),41709,51.7,Jayaprakash Hegde,Jayaprakash ಹೆಗಡೆ,JD,ಜನತಾ ದಳ (JD),36902,4807,#1f77b4
1989,148,Coondapur,Coondapur,coondapur,coondapur_assembly_constituency,nan,ಸಾಮಾನ್ಯ,K. Pratap Chandra Shetty,ಕೆ. Pratap Chandra Shetty,INC,ಕಾಂಗ್ರೆಸ್ (INC),46641,58.6,K. N. Goverdhana,ಕೆ. ಎನ್. Goverdhana,JD,ಜನತಾ ದಳ (JD),27540,19101,#1f77b4
1989,149,Baindur,Baindur,baindur,baindur_assembly_constituency,nan,ಸಾಮಾನ್ಯ,G. S. Achar,ಜಿ. ಎಸ್. Achar,INC,ಕಾಂಗ್ರೆಸ್ (INC),35892,48.1,Mani Gopal,Mani Gopal,JD,ಜನತಾ ದಳ (JD),35373,519,#1f77b4
1989,150,Karkala,ಕಾರ್ಕಳ,karkala,karkala_assembly_constituency,nan,ಸಾಮಾನ್ಯ,M. Veerappa Moily,ಎಂ. Veerappa Moily,INC,ಕಾಂಗ್ರೆಸ್ (INC),41171,56.8,M. K. Vijaya Kumar,ಎಂ. ಕೆ. Vijaya ಕುಮಾರ್,JD,ಜನತಾ ದಳ (JD),22391,18780,#1f77b4
1989,151,Moodabidri,ಮೂಡಬಿದಿರೆ,moodabidri,moodabidri_assembly_constituency,nan,ಸಾಮಾನ್ಯ,K. Somappa Suvarna,ಕೆ. Somappa Suvarna,INC,ಕಾಂಗ್ರೆಸ್ (INC),34667,51.9,K. Amarnath Shetty,ಕೆ. Amarnath Shetty,JD,ಜನತಾ ದಳ (JD),29219,5448,#1f77b4
1989,152,Sringeri,ಶೃಂಗೇರಿ,sringeri,sringeri_assembly_constituency,nan,ಸಾಮಾನ್ಯ,U. K. Shamanna,ಯು. ಕೆ. Shamanna,INC,ಕಾಂಗ್ರೆಸ್ (INC),36912,44.4,H. G. Govinda Gowda,ಎಚ್. ಜಿ. Govinda ಗೌಡ,JD,ಜನತಾ ದಳ (JD),23122,13790,#1f77b4
1989,153,Mudigere,ಮೂಡಿಗೆರೆ,mudigere,mudigere_assembly_constituency,SC,ಪರಿಶಿಷ್ಟ ಜಾತಿ (SC),Motamma,Motamma,INC,ಕಾಂಗ್ರೆಸ್ (INC),40540,55.0,B. B. Ningaiah,ಬಿ. ಬಿ. Ningaiah,JD,ಜನತಾ ದಳ (JD),14749,25791,#1f77b4
1989,154,Chikmagalur,ಚಿಕ್ಕಮಗಳೂರು,chikmagalur,chikmagalur_assembly_constituency,nan,ಸಾಮಾನ್ಯ,C. R. Sageer Ahamed,ಸಿ. ಆರ್. Sageer Ahamed,INC,ಕಾಂಗ್ರೆಸ್ (INC),31411,41.7,S. V. Manjunath,ಎಸ್. ವಿ. Manjunath,JNP(JP),JNP(JP),20209,11202,#1f77b4
1989,155,Birur,Birur,birur,birur_assembly_constituency,nan,ಸಾಮಾನ್ಯ,K. S. Mallikarjunaprsanna,ಕೆ. ಎಸ್. Mallikarjunaprsanna,INC,ಕಾಂಗ್ರೆಸ್ (INC),33954,45.7,S. R. Laxmaiah,ಎಸ್. ಆರ್. Laxmaiah,JNP(JP),JNP(JP),17400,16554,#1f77b4
1989,156,Kadur,ಕಡೂರು,kadur,kadur_assembly_constituency,nan,ಸಾಮಾನ್ಯ,M. Veerabhadrappa,ಎಂ. Veerabhadrappa,INC,ಕಾಂಗ್ರೆಸ್ (INC),38494,48.5,K. M. Krishna Murthy,ಕೆ. ಎಂ. Krishna Murthy,JD,ಜನತಾ ದಳ (JD),28729,9765,#1f77b4
1989,157,Tarikere,ತಾರೀಕೆರೆ,tarikere,tarikere_assembly_constituency,nan,ಸಾಮಾನ್ಯ,H. R. Raju,ಎಚ್. ಆರ್. ರಾಜು,INC,ಕಾಂಗ್ರೆಸ್ (INC),36919,44.8,B. R. Neelakantappa,ಬಿ. ಆರ್. Neelakantappa,JD,ಜನತಾ ದಳ (JD),18496,18423,#1f77b4
1989,158,Channagiri,ಚನ್ನಗಿರಿ,channagiri,channagiri_assembly_constituency,nan,ಸಾಮಾನ್ಯ,N. G. Halappa,ಎನ್. ಜಿ. Halappa,INC,ಕಾಂಗ್ರೆಸ್ (INC),47179,53.9,J. H. Patel,ಜೆ. ಎಚ್. Patel,JD,ಜನತಾ ದಳ (JD),31553,15626,#1f77b4
1989,159,Holehonnur,Holehonnur,holehonnur,holehonnur_assembly_constituency,SC,ಪರಿಶಿಷ್ಟ ಜಾತಿ (SC),Kariyanna,Kariyanna,INC,ಕಾಂಗ್ರೆಸ್ (INC),38674,45.4,H. Choodanaik,ಎಚ್. Choodanaik,KRS,KRS,22940,15734,#1f77b4
1989,160,Bhadravathi,Bhadravathi,bhadravathi,bhadravathi_assembly_constituency,nan,ಸಾಮಾನ್ಯ,Isamia S.,Isamia ಎಸ್.,INC,ಕಾಂಗ್ರೆಸ್ (INC),36487,40.6,M. J. Appaji,ಎಂ. ಜೆ. Appaji,JNP(JP),JNP(JP),25819,10668,#1f77b4
1989,161,Honnali,ಹೊನ್ನಾಳಿ,honnali,honnali_assembly_constituency,nan,ಸಾಮಾನ್ಯ,D. B. Gangappa,ಡಿ. ಬಿ. Gangappa,INC,ಕಾಂಗ್ರೆಸ್ (INC),49177,48.9,D. G. Basavanagouda,ಡಿ. ಜಿ. Basavanagouda,JD,ಜನತಾ ದಳ (JD),38105,11072,#1f77b4
1989,162,Shimoga,ಶಿವಮೊಗ್ಗ,shimoga,shimoga_assembly_constituency,nan,ಸಾಮಾನ್ಯ,"Eswarappa, K. S.",Eswarappa ಕೆ. ಎಸ್.,BJP,ಬಿಜೆಪಿ (BJP),32289,34.8,Srinivasa K. H.,ಶ್ರೀನಿವಾಸ ಕೆ. ಎಚ್.,INC,ಕಾಂಗ್ರೆಸ್ (INC),30987,1302,#ff7f0e
1989,163,Tirthahalli,ತೀರ್ಥಹಳ್ಳಿ,tirthahalli,tirthahalli_assembly_constituency,nan,ಸಾಮಾನ್ಯ,D. B. Chandregowda,ಡಿ. ಬಿ. Chandregowda,JD,ಜನತಾ ದಳ (JD),31671,37.6,Kadidal Diwakara,Kadidal Diwakara,INC,ಕಾಂಗ್ರೆಸ್ (INC),28526,3145,#2ca02c
1989,164,Hosanagar,Hosanagar,hosanagar,hosanagar_assembly_constituency,nan,ಸಾಮಾನ್ಯ,B. Swami Rao,ಬಿ. ಸ್ವಾಮಿ ರಾವ್,INC,ಕಾಂಗ್ರೆಸ್ (INC),39668,43.8,G. Nanjundappa,ಜಿ. Nanjundappa,JD,ಜನತಾ ದಳ (JD),26316,13352,#1f77b4
1989,165,Sagar,ಸಾಗರ,sagar,sagar_assembly_constituency,nan,ಸಾಮಾನ್ಯ,Kagodu Thimmappa,Kagodu Thimmappa,INC,ಕಾಂಗ್ರೆಸ್ (INC),46234,55.6,B. R. Jayanth,ಬಿ. ಆರ್. Jayanth,JD,ಜನತಾ ದಳ (JD),24876,21358,#1f77b4
1989,166,Sorab,ಸೊರಬ,sorab,sorab_assembly_constituency,nan,ಸಾಮಾನ್ಯ,S. Bangarappa,ಎಸ್. Bangarappa,INC,ಕಾಂಗ್ರೆಸ್ (INC),41648,54.7,Edooru Parashuramappa,Edooru Parashuramappa,JD,ಜನತಾ ದಳ (JD),27107,14541,#1f77b4
1989,167,Shikaripura,ಶಿಕಾರಿಪುರ,shikaripura,shikaripura_assembly_constituency,nan,ಸಾಮಾನ್ಯ,B S Yeddyurappa,ಬಿ. ಎಸ್. Yeddyurappa,BJP,ಬಿಜೆಪಿ (BJP),36589,41.4,Nagarada Mahadevappa,Nagarada ಮಹಾದೇವಪ್ಪ,IND,ಪಕ್ಷೇತರ (IND),34315,2274,#ff7f0e
1989,168,Sirsi,ಶಿರಸಿ,sirsi,sirsi_assembly_constituency,nan,ಸಾಮಾನ್ಯ,Kanade Gopala Mukunda,Kanade Gopala Mukunda,INC,ಕಾಂಗ್ರೆಸ್ (INC),40319,49.3,Sirasikara Mahabaleswara Venkappa,Sirasikara Mahabaleswara Venkappa,JD,ಜನತಾ ದಳ (JD),30801,9518,#1f77b4
1989,169,Bhatkal,ಭಟ್ಕಳ,bhatkal,bhatkal_assembly_constituency,nan,ಸಾಮಾನ್ಯ,R. N. Naik,ಆರ್. ಎನ್. ನಾಯಕ್,INC,ಕಾಂಗ್ರೆಸ್ (INC),29513,39.4,Gardikar Damodar Narayan,Gardikar Damodar Narayan,JD,ಜನತಾ ದಳ (JD),27421,2092,#1f77b4
1989,170,Kumta,ಕುಮಟಾ,kumta,kumta_assembly_constituency,nan,ಸಾಮಾನ್ಯ,Gouda Krishna Hanuma,Gouda Krishna Hanuma,INC,ಕಾಂಗ್ರೆಸ್ (INC),34556,43.9,Kamalakar Gokaran,Kamalakar Gokaran,JD,ಜನತಾ ದಳ (JD),24182,10374,#1f77b4
1989,171,Ankola,Ankola,ankola,ankola_assembly_constituency,nan,ಸಾಮಾನ್ಯ,Umesh Bhat,ಉಮೇಶ್ Bhat,INC,ಕಾಂಗ್ರೆಸ್ (INC),25122,36.8,Bhat Ramchandra Gopal,Bhat Ramchandra Gopal,JD,ಜನತಾ ದಳ (JD),21287,3835,#1f77b4
1989,172,Karwar,ಕಾರವಾರ,karwar,karwar_assembly_constituency,nan,ಸಾಮಾನ್ಯ,Rane Prabhakar Sadashiv,Rane Prabhakar Sadashiv,INC,ಕಾಂಗ್ರೆಸ್ (INC),33741,54.0,Arvind Vithoba Tendulkar,Arvind Vithoba Tendulkar,JD,ಜನತಾ ದಳ (JD),17893,15848,#1f77b4
1989,173,Haliyal,ಹಳಿಯಾಳ,haliyal,haliyal_assembly_constituency,nan,ಸಾಮಾನ್ಯ,Deshpande Raghunath Vishvanath Rao,Deshpande Raghunath Vishvanath ರಾವ್,JD,ಜನತಾ ದಳ (JD),37274,38.1,Gouda Sahadev Kurjal,Gouda Sahadev Kurjal,INC,ಕಾಂಗ್ರೆಸ್ (INC),36984,290,#2ca02c
1989,174,Dharwad Rural,Dharwad Rural,dharwadrural,dharwad_rural_assembly_constituency,nan,ಸಾಮಾನ್ಯ,Patil Babagouda Rudragouda,ಪಾಟೀಲ್ Babagouda Rudragouda,KRS,KRS,35497,45.8,Ambadagatti Shreekant Rudrappa,Ambadagatti Shreekant Rudrappa,INC,ಕಾಂಗ್ರೆಸ್ (INC),21688,13809,#64748b
1989,175,Dharwad,ಧಾರವಾಡ,dharwad,dharwad_assembly_constituency,nan,ಸಾಮಾನ್ಯ,S. R. Morey,ಎಸ್. ಆರ್. Morey,INC,ಕಾಂಗ್ರೆಸ್ (INC),36627,48.1,Gangadhar Padaki,Gangadhar Padaki,JD,ಜನತಾ ದಳ (JD),14736,21891,#1f77b4
1989,176,Hubli,Hubli,hubli,hubli_assembly_constituency,nan,ಸಾಮಾನ್ಯ,A. M. Hindasageri,ಎ. ಎಂ. Hindasageri,INC,ಕಾಂಗ್ರೆಸ್ (INC),37832,51.8,Ashok Katwe,Ashok Katwe,BJP,ಬಿಜೆಪಿ (BJP),19844,17988,#1f77b4
1989,177,Hubli Rural,Hubli Rural,hublirural,hubli_rural_assembly_constituency,nan,ಸಾಮಾನ್ಯ,G. R. Sandra,ಜಿ. ಆರ್. Sandra,INC,ಕಾಂಗ್ರೆಸ್ (INC),45718,47.7,Bommai S. R.,ಬೊಮ್ಮಾಯಿ ಎಸ್. ಆರ್.,JD,ಜನತಾ ದಳ (JD),42548,3170,#1f77b4
1989,178,Kalghatgi,ಕಲಘಟಗಿ,kalghatgi,kalghatgi_assembly_constituency,nan,ಸಾಮಾನ್ಯ,Shiddanagoudar Parwat Agouda Chanaveeragouda,Shiddanagoudar Parwat Agouda Chanaveeragouda,JD,ಜನತಾ ದಳ (JD),19417,27.4,Kelageri Mahadevappa Sangappa,Kelageri ಮಹಾದೇವಪ್ಪ ಸಂಗ್ಲಪ್ಪ,KRS,KRS,18700,717,#2ca02c
1989,179,Kundgol,ಕುಂದಗೋಳ,kundgol,kundgol_assembly_constituency,nan,ಸಾಮಾನ್ಯ,Govindappa Hanumantappa Juttal,Govindappa Hanumantappa Juttal,INC,ಕಾಂಗ್ರೆಸ್ (INC),36925,51.5,Ravasaheb Veerabasavantrao Desai,Ravasaheb Veerabasavantrao ದೇಸಾಯಿ,JD,ಜನತಾ ದಳ (JD),31404,5521,#1f77b4
1989,180,Shiggaon,ಶಿಗ್ಗಾಂವಿ,shiggaon,shiggaon_assembly_constituency,nan,ಸಾಮಾನ್ಯ,Kunur Manjunath Chennappa,Kunur Manjunath Chennappa,INC,ಕಾಂಗ್ರೆಸ್ (INC),40549,49.7,Khadri Sayyadnooruddin Sayyadabdulrazak,Khadri Sayyadnooruddin Sayyadabdulrazak,JD,ಜನತಾ ದಳ (JD),36035,4514,#1f77b4
1989,181,Hanagal,Hanagal,hanagal,hanagal_assembly_constituency,nan,ಸಾಮಾನ್ಯ,Manohar Hanamantappa Tahsildar,Manohar Hanamantappa Tahsildar,INC,ಕಾಂಗ್ರೆಸ್ (INC),54760,57.5,Udashi Chanabasappa Mahalingappa,Udashi Chanabasappa ಮಹಾಲಿಂಗಪ್ಪ,JD,ಜನತಾ ದಳ (JD),39023,15737,#1f77b4
1989,182,Hirekerur,ಹಿರೇಕೆರೂರು,hirekerur,hirekerur_assembly_constituency,nan,ಸಾಮಾನ್ಯ,B. H. Bannikod,ಬಿ. ಎಚ್. Bannikod,JD,ಜನತಾ ದಳ (JD),34093,39.7,G. B. Shankar Rao,ಜಿ. ಬಿ. Shankar ರಾವ್,INC,ಕಾಂಗ್ರೆಸ್ (INC),30955,3138,#2ca02c
1989,183,Ranibennur,ರಾಣೆಬೆನ್ನೂರು,ranibennur,ranibennur_assembly_constituency,nan,ಸಾಮಾನ್ಯ,Koliwad Krishnappa Bhimappa,Koliwad Krishnappa Bhimappa,INC,ಕಾಂಗ್ರೆಸ್ (INC),43228,49.4,Karjigi Veerappa Sannatammappa,Karjigi Veerappa Sannatammappa,JD,ಜನತಾ ದಳ (JD),40350,2878,#1f77b4
1989,184,Byadgi,ಬ್ಯಾಡಗಿ,byadgi,byadgi_assembly_constituency,nan,ಸಾಮಾನ್ಯ,Heggappa Deshappa Lamani,Heggappa Deshappa Lamani,INC,ಕಾಂಗ್ರೆಸ್ (INC),34405,47.3,Bilagi Kallolappa Sabanna,Bilagi Kallolappa Sabanna,JD,ಜನತಾ ದಳ (JD),31565,2840,#1f77b4
1989,185,Haveri,ಹಾವೇರಿ,haveri,haveri_assembly_constituency,SC,ಪರಿಶಿಷ್ಟ ಜಾತಿ (SC),Shivapur M. D.,Shivapur ಎಂ. ಡಿ.,INC,ಕಾಂಗ್ರೆಸ್ (INC),45331,51.5,Shivannanavar B. N.,Shivannanavar ಬಿ. ಎನ್.,JD,ಜನತಾ ದಳ (JD),39488,5843,#1f77b4
1989,186,Shirahatti,ಶಿರಹಟ್ಟಿ,shirahatti,shirahatti_assembly_constituency,SC,ಪರಿಶಿಷ್ಟ ಜಾತಿ (SC),Patil Shankaragouda Ninganagouda,ಪಾಟೀಲ್ Shankaragouda Ninganagouda,INC,ಕಾಂಗ್ರೆಸ್ (INC),24882,33.6,Ganganna Malleshappa Mahantashettar,Ganganna Malleshappa Mahantashettar,JD,ಜನತಾ ದಳ (JD),23715,1167,#1f77b4
1989,187,Mundargi,Mundargi,mundargi,mundargi_assembly_constituency,nan,ಸಾಮಾನ್ಯ,Kurudagi Kuberappa Hanumantappa,Kurudagi Kuberappa Hanumantappa,INC,ಕಾಂಗ್ರೆಸ್ (INC),24914,34.8,Ullagaddi Chandrahas Bharamappa,Ullagaddi Chandrahas Bharamappa,KRS,KRS,23203,1711,#1f77b4
1989,188,Gadag,ಗದಗ,gadag,gadag_assembly_constituency,nan,ಸಾಮಾನ್ಯ,Patil Krishnagouda Hanumantagouda,ಪಾಟೀಲ್ Krishnagouda Hanumantagouda,INC,ಕಾಂಗ್ರೆಸ್ (INC),44155,55.7,Muttinapendimath Channaverayya Shantayya,Muttinapendimath Channaverayya Shantayya,JD,ಜನತಾ ದಳ (JD),28463,15692,#1f77b4
1989,189,Ron,ರೋಣ,ron,ron_assembly_constituency,nan,ಸಾಮಾನ್ಯ,Gurupadagouda Sanganagouda Patil,Gurupadagouda Sanganagouda ಪಾಟೀಲ್,INC,ಕಾಂಗ್ರೆಸ್ (INC),32610,46.0,Ddoddameti Jnanadev Shivanagappa,Ddoddameti Jnanadev Shivanagappa,JD,ಜನತಾ ದಳ (JD),21203,11407,#1f77b4
1989,190,Naragund,Naragund,naragund,naragund_assembly_constituency,nan,ಸಾಮಾನ್ಯ,Patil Siddanagouda Fakiragouda,ಪಾಟೀಲ್ Siddanagouda Fakiragouda,INC,ಕಾಂಗ್ರೆಸ್ (INC),30284,48.7,B. R. Yavagal,ಬಿ. ಆರ್. Yavagal,JD,ಜನತಾ ದಳ (JD),29595,689,#1f77b4
1989,191,Navalgund,ನವಲಗುಂದ,navalgund,navalgund_assembly_constituency,nan,ಸಾಮಾನ್ಯ,Kulkarni Mallappa Karaveerappa,Kulkarni Mallappa Karaveerappa,INC,ಕಾಂಗ್ರೆಸ್ (INC),27222,42.8,Mankani Vijay Lingaraddi,Mankani Vijay Lingaraddi,KRS,KRS,16729,10493,#1f77b4
1989,192,Ramdurg,ರಾಮದುರ್ಗ,ramdurg,ramdurg_assembly_constituency,nan,ಸಾಮಾನ್ಯ,Patil Rudragouda Tikanagouda,ಪಾಟೀಲ್ Rudragouda Tikanagouda,INC,ಕಾಂಗ್ರೆಸ್ (INC),32662,42.0,Hireraddi Basawantappa Basappa,Hireraddi Basawantappa Basappa,JD,ಜನತಾ ದಳ (JD),25453,7209,#1f77b4
1989,193,Parasgad,Parasgad,parasgad,parasgad_assembly_constituency,nan,ಸಾಮಾನ್ಯ,Koujalagi Subhas Shiddaramappa,Koujalagi Subhas Shiddaramappa,INC,ಕಾಂಗ್ರೆಸ್ (INC),44777,49.9,Chandra Sekhar Mallikarjun Mamani,Chandra Sekhar ಮಲ್ಲಿಕಾರ್ಜುನ್ ಮಾಮನಿ,JD,ಜನತಾ ದಳ (JD),36627,8150,#1f77b4
1989,194,Bailhongal,ಬೈಲಹೊಂಗಲ,bailhongal,bailhongal_assembly_constituency,nan,ಸಾಮಾನ್ಯ,Koujalagi Shivanand Hemappa,Koujalagi Shivanand Hemappa,JD,ಜನತಾ ದಳ (JD),28223,38.1,Patil P. B.,ಪಾಟೀಲ್ ಪಿ. ಬಿ.,INC,ಕಾಂಗ್ರೆಸ್ (INC),26464,1759,#2ca02c
1989,195,Kittur,ಕಿತ್ತೂರು,kittur,kittur_assembly_constituency,nan,ಸಾಮಾನ್ಯ,Patil Babagouda Rudragouda,ಪಾಟೀಲ್ Babagouda Rudragouda,KRS,KRS,40071,46.3,Inamadar Danappagouda Basanagouda,Inamadar Danappagouda Basanagouda,JD,ಜನತಾ ದಳ (JD),25058,15013,#64748b
1989,196,Khanapur,ಖಾನಾಪುರ,khanapur,khanapur_assembly_constituency,nan,ಸಾಮಾನ್ಯ,Chavan Bithalrao Vithalrao,ಚವಾಣ್ Bithalrao Vithalrao,IND,ಪಕ್ಷೇತರ (IND),33662,45.6,Appaji Gopal Patil,Appaji Gopal ಪಾಟೀಲ್,KRS,KRS,18571,15091,#7f7f7f
1989,197,Belgaum,Belgaum,belgaum,belgaum_assembly_constituency,nan,ಸಾಮಾನ್ಯ,Bapusaheb Raosaheb Mahagaonkar,Bapusaheb ರಾವ್ಸಾಹೇಬ್ Mahagaonkar,IND,ಪಕ್ಷೇತರ (IND),35196,39.0,Potdar Anil Mohan,Potdar Anil Mohan,JNP(JP),JNP(JP),29809,5387,#7f7f7f
1989,198,Uchagaon,Uchagaon,uchagaon,uchagaon_assembly_constituency,nan,ಸಾಮಾನ್ಯ,Patil Basawant Iroji,ಪಾಟೀಲ್ Basawant Iroji,IND,ಪಕ್ಷೇತರ (IND),46625,57.0,Baburao Jotiga Pisale,Baburao Jotiga Pisale,INC,ಕಾಂಗ್ರೆಸ್ (INC),14518,32107,#7f7f7f
1989,199,Bagewadi,Bagewadi,bagewadi,bagewadi_assembly_constituency,nan,ಸಾಮಾನ್ಯ,Modagekar @Desai Krishnarao Chudamani,Modagekar ದೇಸಾಯಿ Krishnarao Chudamani,IND,ಪಕ್ಷೇತರ (IND),22212,26.6,Yallurkar Kisan Sindaray,Yallurkar Kisan Sindaray,IND,ಪಕ್ಷೇತರ (IND),22049,163,#7f7f7f
1989,200,Gokak,ಗೋಕಾಕ್,gokak,gokak_assembly_constituency,nan,ಸಾಮಾನ್ಯ,Shankar Hanmant Karning,Shankar Hanmant Karning,INC,ಕಾಂಗ್ರೆಸ್ (INC),37781,48.5,Muttennavar Mallappa Laxman,Muttennavar Mallappa ಲಕ್ಷ್ಮಣ್,JD,ಜನತಾ ದಳ (JD),22723,15058,#1f77b4
1989,201,Arabhavi,ಅರಭಾವಿ,arabhavi,arabhavi_assembly_constituency,nan,ಸಾಮಾನ್ಯ,Koujalgi Veeranna Shivalingappa,Koujalgi Veeranna ಶಿವಲಿಂಗಪ್ಪ,INC,ಕಾಂಗ್ರೆಸ್ (INC),31009,34.3,Parsi Tammanna Siddappa,Parsi Tammanna Siddappa,KRS,KRS,24389,6620,#1f77b4
1989,202,Hukkeri,ಹುಕ್ಕೇರಿ,hukkeri,hukkeri_assembly_constituency,nan,ಸಾಮಾನ್ಯ,Katti Umesh Vishwanath,ಕತ್ತಿ ಉಮೇಶ್ Vishwanath,JD,ಜನತಾ ದಳ (JD),27056,39.5,Murugesh Rudrappa Dhapalapur (Tarali),Murugesh Rudrappa Dhapalapur ( Tarali ),INC,ಕಾಂಗ್ರೆಸ್ (INC),19685,7371,#2ca02c
1989,203,Sankeshwar,Sankeshwar,sankeshwar,sankeshwar_assembly_constituency,nan,ಸಾಮಾನ್ಯ,Patil Malhargouda Shankargouda,ಪಾಟೀಲ್ Malhargouda Shankargouda,INC,ಕಾಂಗ್ರೆಸ್ (INC),33088,47.0,Appayyagouda Basagouda Patil,Appayyagouda Basagouda ಪಾಟೀಲ್,JD,ಜನತಾ ದಳ (JD),28960,4128,#1f77b4
1989,204,Nippani,ನಿಪ್ಪಾಣಿ,nippani,nippani_assembly_constituency,nan,ಸಾಮಾನ್ಯ,Joshi Subhash Shridhar,Joshi Subhash Shridhar,JD,ಜನತಾ ದಳ (JD),26009,36.4,Amble Channarao Vishnupanth,Amble Channarao Vishnupanth,INC,ಕಾಂಗ್ರೆಸ್ (INC),25655,354,#2ca02c
1989,205,Sadalga,Sadalga,sadalga,sadalga_assembly_constituency,nan,ಸಾಮಾನ್ಯ,Patil Veerkumar Appasaheb,ಪಾಟೀಲ್ Veerkumar Appasaheb,INC,ಕಾಂಗ್ರೆಸ್ (INC),35358,46.2,Mangennavar Kallappa Parisa,Mangennavar ಕಲ್ಲಪ್ಪ Parisa,JD,ಜನತಾ ದಳ (JD),33185,2173,#1f77b4
1989,206,Chikkodi,ಚಿಕ್ಕೋಡಿ,chikkodi,chikkodi_assembly_constituency,SC,ಪರಿಶಿಷ್ಟ ಜಾತಿ (SC),Shrikant Shetteppa Bhimannavar,Shrikant Shetteppa Bhimannavar,INC,ಕಾಂಗ್ರೆಸ್ (INC),21670,33.4,Shrikant Laxman Katti,Shrikant ಲಕ್ಷ್ಮಣ್ ಕತ್ತಿ,JD,ಜನತಾ ದಳ (JD),18902,2768,#1f77b4
1989,207,Raibag,Raibag,raibag,raibag_assembly_constituency,SC,ಪರಿಶಿಷ್ಟ ಜಾತಿ (SC),Ghatage Shama Bhima,Ghatage Shama Bhima,INC,ಕಾಂಗ್ರೆಸ್ (INC),37948,42.9,Ghewari Maruti Gangappa,Ghewari Maruti Gangappa,JD,ಜನತಾ ದಳ (JD),30300,7648,#1f77b4
1989,208,Kagwad,ಕಾಗವಾಡ,kagwad,kagwad_assembly_constituency,nan,ಸಾಮಾನ್ಯ,Annarao B. Jakanur,Annarao ಬಿ. Jakanur,INC,ಕಾಂಗ್ರೆಸ್ (INC),30658,41.7,Kiran T. Patil,Kiran ಟಿ. ಪಾಟೀಲ್,JD,ಜನತಾ ದಳ (JD),19689,10969,#1f77b4
1989,209,Athani,ಅಥಣಿ,athani,athani_assembly_constituency,nan,ಸಾಮಾನ್ಯ,I. M. Shedshyal,ಐ. ಎಂ. Shedshyal,INC,ಕಾಂಗ್ರೆಸ್ (INC),31144,42.0,V. L. Patil,ವಿ. ಎಲ್. ಪಾಟೀಲ್,JD,ಜನತಾ ದಳ (JD),24130,7014,#1f77b4
1989,210,Jamkhandi,ಜಮಖಂಡಿ,jamkhandi,jamkhandi_assembly_constituency,nan,ಸಾಮಾನ್ಯ,Kaluti Ramappa Maliyappa,Kaluti Ramappa Maliyappa,INC,ಕಾಂಗ್ರೆಸ್ (INC),55927,55.5,Bagalkot Gurupadappa Shivappa,Bagalkot Gurupadappa Shivappa,JD,ಜನತಾ ದಳ (JD),40662,15265,#1f77b4
1989,211,Bilgi,Bilgi,bilgi,bilgi_assembly_constituency,nan,ಸಾಮಾನ್ಯ,Yalligutti Gangadharappa Gurusiddappa,Yalligutti Gangadharappa Gurusiddappa,JD,ಜನತಾ ದಳ (JD),37677,43.1,Desai Vasappa Adrushappa,ದೇಸಾಯಿ Vasappa Adrushappa,INC,ಕಾಂಗ್ರೆಸ್ (INC),33279,4398,#2ca02c
1989,212,Mudhol,ಮುಧೋಳ,mudhol,mudhol_assembly_constituency,SC,ಪರಿಶಿಷ್ಟ ಜಾತಿ (SC),Timmapur Ramappa Balappa,Timmapur Ramappa ಬಾಳಪ್ಪ,INC,ಕಾಂಗ್ರೆಸ್ (INC),42073,51.6,Jamakhandi Bhimappa Gangappa,Jamakhandi Bhimappa Gangappa,JD,ಜನತಾ ದಳ (JD),24834,17239,#1f77b4
1989,213,Bagalkot,ಬಾಗಲಕೋಟೆ,bagalkot,bagalkot_assembly_constituency,nan,ಸಾಮಾನ್ಯ,Sarnaik Ajayakumar Sambasadashiva,Sarnaik Ajayakumar Sambasadashiva,JD,ಜನತಾ ದಳ (JD),22551,31.1,Kanthi Rajasekhar Kidiyappa,Kanthi Rajasekhar Kidiyappa,IND,ಪಕ್ಷೇತರ (IND),17088,5463,#2ca02c
1989,214,Badami,ಬಾದಾಮಿ,badami,badami_assembly_constituency,nan,ಸಾಮಾನ್ಯ,Pattanashetti Mahagindap Pa. Kallappa,Pattanashetti Mahagindap Pa ಕಲ್ಲಪ್ಪ,JD,ಜನತಾ ದಳ (JD),36596,50.9,Shiddayya Shivayya Kadayyanavar,Shiddayya Shivayya Kadayyanavar,INC,ಕಾಂಗ್ರೆಸ್ (INC),25405,11191,#2ca02c
1989,215,Guledgud,Guledgud,guledgud,guledgud_assembly_constituency,nan,ಸಾಮಾನ್ಯ,Hullappa Yamanappa Meti,Hullappa Yamanappa Meti,JD,ಜನತಾ ದಳ (JD),32411,45.1,Shankrayya Gadigayya Nanjayynmath,Shankrayya Gadigayya Nanjayynmath,INC,ಕಾಂಗ್ರೆಸ್ (INC),30479,1932,#2ca02c
1989,216,Hungund,ಹುನಗುಂದ,hungund,hungund_assembly_constituency,nan,ಸಾಮಾನ್ಯ,Kashappanavar Shivashankarappa Rachappa,Kashappanavar Shivashankarappa Rachappa,INC,ಕಾಂಗ್ರೆಸ್ (INC),44065,63.6,Kadapatti Shivasangappa Shiddappa,Kadapatti Shivasangappa Shiddappa,JD,ಜನತಾ ದಳ (JD),24129,19936,#1f77b4
1989,217,Muddebihal,Muddebihal,muddebihal,muddebihal_assembly_constituency,nan,ಸಾಮಾನ್ಯ,Appaji (Channabasavaraj) Shankara Rao Nadagoud,Appaji ( Channabasavaraj ) Shankara ರಾವ್ Nadagoud,INC,ಕಾಂಗ್ರೆಸ್ (INC),31933,49.2,Deshamukh Jagadevrao Sangana Basappa,Deshamukh Jagadevrao Sangana Basappa,JD,ಜನತಾ ದಳ (JD),29840,2093,#1f77b4
1989,218,Huvin-Hippargi,Huvin Hippargi,huvinhippargi,huvinhippargi_assembly_constituency,nan,ಸಾಮಾನ್ಯ,Patil Basanagoud Somanagoud,ಪಾಟೀಲ್ Basanagoud Somanagoud,INC,ಕಾಂಗ್ರೆಸ್ (INC),36588,52.8,Desai Shivaputrappa Madiwalappa,ದೇಸಾಯಿ Shivaputrappa Madiwalappa,JD,ಜನತಾ ದಳ (JD),21193,15395,#1f77b4
1989,219,Basavana Bagevadi,Basavana Bagevadi,basavanabagevadi,basavana_bagevadi_assembly_constituency,nan,ಸಾಮಾನ್ಯ,Patil Basanagoud Somanagoud,ಪಾಟೀಲ್ Basanagoud Somanagoud,INC,ಕಾಂಗ್ರೆಸ್ (INC),37868,52.7,Patil Kumargoud Adiveppagoud,ಪಾಟೀಲ್ Kumargoud Adiveppagoud,JD,ಜನತಾ ದಳ (JD),25235,12633,#1f77b4
1989,220,Tikota,Tikota,tikota,tikota_assembly_constituency,nan,ಸಾಮಾನ್ಯ,Patil Basangouda Mallangouda,ಪಾಟೀಲ್ Basangouda Mallangouda,INC,ಕಾಂಗ್ರೆಸ್ (INC),37832,53.0,Patil Basanagouda Rudragouda,ಪಾಟೀಲ್ Basanagouda Rudragouda,JD,ಜನತಾ ದಳ (JD),33228,4604,#1f77b4
1989,221,Bijapur,Bijapur,bijapur,bijapur_assembly_constituency,nan,ಸಾಮಾನ್ಯ,Ustad Mahiboobpatel Ladlepatal,Ustad Mahiboobpatel Ladlepatal,INC,ಕಾಂಗ್ರೆಸ್ (INC),45623,54.3,Avarangbad Rachappa Shivappa,Avarangbad Rachappa Shivappa,JD,ಜನತಾ ದಳ (JD),34355,11268,#1f77b4
1989,222,Ballolli,Ballolli,ballolli,ballolli_assembly_constituency,SC,ಪರಿಶಿಷ್ಟ ಜಾತಿ (SC),Ainapur Manohar Umakant,Ainapur Manohar Umakant,INC,ಕಾಂಗ್ರೆಸ್ (INC),27782,40.4,Jigajinnagi Ramesh Chandrappa,Jigajinnagi ರಮೇಶ್ Chandrappa,JD,ಜನತಾ ದಳ (JD),23357,4425,#1f77b4
1989,223,Indi,Indi,indi,indi_assembly_constituency,nan,ಸಾಮಾನ್ಯ,Kallur Revanasiddappa Ramegondappa,Kallur Revanasiddappa Ramegondappa,INC,ಕಾಂಗ್ರೆಸ್ (INC),27154,40.5,Patil Basagondappa Gurusiddappa,ಪಾಟೀಲ್ Basagondappa Gurusiddappa,JD,ಜನತಾ ದಳ (JD),18438,8716,#1f77b4
1989,224,Sindgi,Sindgi,sindgi,sindgi_assembly_constituency,nan,ಸಾಮಾನ್ಯ,Choudhari Rayagondappa Bheemanna,Choudhari Rayagondappa Bheemanna,INC,ಕಾಂಗ್ರೆಸ್ (INC),29798,41.0,Managuli Mallappa Chanaveerappa,Managuli Mallappa Chanaveerappa,JNP(JP),JNP(JP),21169,8629,#1f77b4
1985,1,Aurad,ಔರಾದ್,aurad,aurad_assembly_constituency,SC,ಪರಿಶಿಷ್ಟ ಜಾತಿ (SC),Gurupadappa Nagmarpalli,Gurupadappa Nagmarpalli,JNP,ಜನತಾ ಪಕ್ಷ (JNP),30972,41.9,Bapurao Vithalrao Patil,Bapurao Vithalrao ಪಾಟೀಲ್,IND,ಪಕ್ಷೇತರ (IND),26504,4468,#ff7f0e
1985,2,Bhalki,ಭಾಲ್ಕಿ,bhalki,bhalki_assembly_constituency,nan,ಸಾಮಾನ್ಯ,Kalyanrao Sangappa Molakere,Kalyanrao ಸಂಗ್ಲಪ್ಪ Molakere,JNP,ಜನತಾ ಪಕ್ಷ (JNP),27994,49.0,Bhimanna Shivalingappa Khandare,Bhimanna ಶಿವಲಿಂಗಪ್ಪ Khandare,INC,ಕಾಂಗ್ರೆಸ್ (INC),26490,1504,#ff7f0e
1985,3,Hulsoor,Hulsoor,hulsoor,hulsoor_assembly_constituency,SC,ಪರಿಶಿಷ್ಟ ಜಾತಿ (SC),Shivakantha Chature,Shivakantha Chature,JNP,ಜನತಾ ಪಕ್ಷ (JNP),20468,45.8,Ramachandra Veerappa,Ramachandra Veerappa,INC,ಕಾಂಗ್ರೆಸ್ (INC),11300,9168,#ff7f0e
1985,4,Bidar,ಬೀದರ್,bidar,bidar_assembly_constituency,nan,ಸಾಮಾನ್ಯ,Mohd. Laiquddin Buranuddin,Mohd Laiquddin Buranuddin,INC,ಕಾಂಗ್ರೆಸ್ (INC),25206,45.2,Narayan Rao Manhalli,Narayan ರಾವ್ Manhalli,BJP,ಬಿಜೆಪಿ (BJP),22049,3157,#1f77b4
1985,5,Humnabad,ಹುಮ್ನಾಬಾದ್,humnabad,humnabad_assembly_constituency,nan,ಸಾಮಾನ್ಯ,Baswaraj Hawagappa Patil,Baswaraj Hawagappa ಪಾಟೀಲ್,INC,ಕಾಂಗ್ರೆಸ್ (INC),25763,49.5,Dayanandrao Chandrabhanu,Dayanandrao Chandrabhanu,JNP,ಜನತಾ ಪಕ್ಷ (JNP),21380,4383,#1f77b4
1985,6,Basavakalyan,ಬಸವಕಲ್ಯಾಣ,basavakalyan,basavakalyan_assembly_constituency,nan,ಸಾಮಾನ್ಯ,Basavaraj Patil Attur,ಬಸವರಾಜ್ ಪಾಟೀಲ್ Attur,JNP,ಜನತಾ ಪಕ್ಷ (JNP),34556,52.6,Maruthirao Muley,Maruthirao Muley,INC,ಕಾಂಗ್ರೆಸ್ (INC),27951,6605,#ff7f0e
1985,7,Chincholi,ಚಿಂಚೋಳಿ,chincholi,chincholi_assembly_constituency,SC,ಪರಿಶಿಷ್ಟ ಜಾತಿ (SC),Veerayya Swami Mahalingayya,Veerayya ಸ್ವಾಮಿ Mahalingayya,INC,ಕಾಂಗ್ರೆಸ್ (INC),20387,46.3,Chander Rao Patil,Chander ರಾವ್ ಪಾಟೀಲ್,JNP,ಜನತಾ ಪಕ್ಷ (JNP),18847,1540,#1f77b4
1985,8,Kamalapur,Kamalapur,kamalapur,kamalapur_assembly_constituency,SC,ಪರಿಶಿಷ್ಟ ಜಾತಿ (SC),G. Ramkrishna,ಜಿ. Ramkrishna,INC,ಕಾಂಗ್ರೆಸ್ (INC),14778,36.2,Vithal Doddamani,Vithal Doddamani,JNP,ಜನತಾ ಪಕ್ಷ (JNP),12546,2232,#1f77b4
1985,9,Alland,ಆಳಂದ,alland,alland_assembly_constituency,nan,ಸಾಮಾನ್ಯ,Sharanabasappa Mali Patil Dhangapur,Sharanabasappa Mali ಪಾಟೀಲ್ Dhangapur,INC,ಕಾಂಗ್ರೆಸ್ (INC),28085,49.4,B. R. Patil,ಬಿ. ಆರ್. ಪಾಟೀಲ್,JNP,ಜನತಾ ಪಕ್ಷ (JNP),27423,662,#1f77b4
1985,10,Gulbarga,Gulbarga,gulbarga,gulbarga_assembly_constituency,nan,ಸಾಮಾನ್ಯ,S. K. Kanta,ಎಸ್. ಕೆ. Kanta,JNP,ಜನತಾ ಪಕ್ಷ (JNP),36828,41.4,Quamarul Islam,Quamarul Islam,IND,ಪಕ್ಷೇತರ (IND),35794,1034,#ff7f0e
1985,11,Shahabad,Shahabad,shahabad,shahabad_assembly_constituency,SC,ಪರಿಶಿಷ್ಟ ಜಾತಿ (SC),K. B. Shanappa,ಕೆ. ಬಿ. Shanappa,CPI,ಸಿಪಿಐ (CPI),16263,27.4,Gurunath Chandram,Gurunath Chandram,IND,ಪಕ್ಷೇತರ (IND),16188,75,#de2d26
1985,12,Afzalpur,ಅಫ್ಜಲ್ ಪುರ,afzalpur,afzalpur_assembly_constituency,nan,ಸಾಮಾನ್ಯ,Malikayya Venkayya Guttadar,Malikayya Venkayya Guttadar,INC,ಕಾಂಗ್ರೆಸ್ (INC),38777,62.4,Hanmanthrao Desai,Hanmanthrao ದೇಸಾಯಿ,JNP,ಜನತಾ ಪಕ್ಷ (JNP),22304,16473,#1f77b4
1985,13,Chittapur,Chittapur,chittapur,chittapur_assembly_constituency,SC,ಪರಿಶಿಷ್ಟ ಜಾತಿ (SC),Vishwanath Patil Hebbal,Vishwanath ಪಾಟೀಲ್ Hebbal,JNP,ಜನತಾ ಪಕ್ಷ (JNP),23038,49.5,Hanumanthraya Allur,Hanumanthraya Allur,INC,ಕಾಂಗ್ರೆಸ್ (INC),19605,3433,#ff7f0e
1985,14,Sedam,ಸೇಡಂ,sedam,sedam_assembly_constituency,nan,ಸಾಮಾನ್ಯ,Chandershekhar Reddy Madna,Chandershekhar ರೆಡ್ಡಿ Madna,IND,ಪಕ್ಷೇತರ (IND),20982,41.7,Sherkhan,Sherkhan,INC,ಕಾಂಗ್ರೆಸ್ (INC),13984,6998,#7f7f7f
1985,15,Jewargi,ಜೇವರ್ಗಿ,jewargi,jewargi_assembly_constituency,nan,ಸಾಮಾನ್ಯ,Dharamsingh Narayansingh,Dharamsingh Narayansingh,INC,ಕಾಂಗ್ರೆಸ್ (INC),27548,48.1,Channabassappa Kulageri,Channabassappa Kulageri,JNP,ಜನತಾ ಪಕ್ಷ (JNP),22957,4591,#1f77b4
1985,16,Gurmitkal,ಗುರಮಿಟ್ಕಲ್,gurmitkal,gurmitkal_assembly_constituency,nan,ಸಾಮಾನ್ಯ,Mallikarjun Kharge,ಮಲ್ಲಿಕಾರ್ಜುನ್ ಖರ್ಗೆ,INC,ಕಾಂಗ್ರೆಸ್ (INC),32669,66.0,B. S. Gajanana,ಬಿ. ಎಸ್. Gajanana,JNP,ಜನತಾ ಪಕ್ಷ (JNP),14996,17673,#1f77b4
1985,17,Yadgir,ಯಾದಗಿರಿ,yadgir,yadgir_assembly_constituency,nan,ಸಾಮಾನ್ಯ,Vishwanath Reddy,Vishwanath ರೆಡ್ಡಿ,JNP,ಜನತಾ ಪಕ್ಷ (JNP),28756,51.7,A. B. Malaka Reddy,ಎ. ಬಿ. Malaka ರೆಡ್ಡಿ,INC,ಕಾಂಗ್ರೆಸ್ (INC),24374,4382,#ff7f0e
1985,18,Shahapur,ಶಹಾಪುರ,shahapur,shahapur_assembly_constituency,nan,ಸಾಮಾನ್ಯ,Shivashekhara Gouda Sirwal,Shivashekhara Gouda Sirwal,INC,ಕಾಂಗ್ರೆಸ್ (INC),33540,51.6,Bapugouda Darshanapur,Bapugouda Darshanapur,JNP,ಜನತಾ ಪಕ್ಷ (JNP),27785,5755,#1f77b4
1985,19,Shorapur,ಶೋರಾಪುರ,shorapur,shorapur_assembly_constituency,ST,ಪರಿಶಿಷ್ಟ ಪಂಗಡ (ST),Madan Gopal Naik,Madan Gopal ನಾಯಕ್,INC,ಕಾಂಗ್ರೆಸ್ (INC),22411,40.0,Shivanna Mangihal,ಶಿವಣ್ಣ Mangihal,JNP,ಜನತಾ ಪಕ್ಷ (JNP),21238,1173,#1f77b4
1985,20,Devadurga,ದೇವದುರ್ಗ,devadurga,devadurga_assembly_constituency,ST,ಪರಿಶಿಷ್ಟ ಪಂಗಡ (ST),A. Purshpavathi,ಎ. Purshpavathi,JNP,ಜನತಾ ಪಕ್ಷ (JNP),17127,47.2,B. Shivanna,ಬಿ. ಶಿವಣ್ಣ,INC,ಕಾಂಗ್ರೆಸ್ (INC),15790,1337,#ff7f0e
1985,21,Raichur,ರಾಯಚೂರು,raichur,raichur_assembly_constituency,nan,ಸಾಮಾನ್ಯ,Mohamed Oner Abdul Rahman,Mohamed Oner Abdul Rahman,INC,ಕಾಂಗ್ರೆಸ್ (INC),21896,52.9,Abdul Sanad Siddiqui,Abdul Sanad Siddiqui,JNP,ಜನತಾ ಪಕ್ಷ (JNP),8392,13504,#1f77b4
1985,22,Kalmala,Kalmala,kalmala,kalmala_assembly_constituency,nan,ಸಾಮಾನ್ಯ,Krishnamurthy,Krishnamurthy,JNP,ಜನತಾ ಪಕ್ಷ (JNP),27355,51.2,Parasmal Sukhani,Parasmal Sukhani,INC,ಕಾಂಗ್ರೆಸ್ (INC),25181,2174,#ff7f0e
1985,23,Manvi,ಮಾನ್ವಿ,manvi,manvi_assembly_constituency,ST,ಪರಿಶಿಷ್ಟ ಪಂಗಡ (ST),Thimmangouda Anwari,Thimmangouda Anwari,JNP,ಜನತಾ ಪಕ್ಷ (JNP),31929,55.7,N. S. Bose Raju,ಎನ್. ಎಸ್. Bose ರಾಜು,INC,ಕಾಂಗ್ರೆಸ್ (INC),24283,7646,#ff7f0e
1985,24,Lingsugur,Lingsugur,lingsugur,lingsugur_assembly_constituency,SC,ಪರಿಶಿಷ್ಟ ಜಾತಿ (SC),Rana Amarappa Naik,Rana Amarappa ನಾಯಕ್,JNP,ಜನತಾ ಪಕ್ಷ (JNP),32207,64.8,K. Sanganagouda,ಕೆ. Sanganagouda,INC,ಕಾಂಗ್ರೆಸ್ (INC),14219,17988,#ff7f0e
1985,25,Sindhnoor,Sindhnoor,sindhnoor,sindhnoor_assembly_constituency,nan,ಸಾಮಾನ್ಯ,R. Narayanappa,ಆರ್. Narayanappa,INC,ಕಾಂಗ್ರೆಸ್ (INC),41723,52.0,M. Mallappa,ಎಂ. Mallappa,JNP,ಜನತಾ ಪಕ್ಷ (JNP),38527,3196,#1f77b4
1985,26,Kushtagi,ಕುಷ್ಟಗಿ,kushtagi,kushtagi_assembly_constituency,nan,ಸಾಮಾನ್ಯ,M. S. Patil,ಎಂ. ಎಸ್. ಪಾಟೀಲ್,JNP,ಜನತಾ ಪಕ್ಷ (JNP),32901,55.3,Hanamagouda Sekharagouda Patil,Hanamagouda Sekharagouda ಪಾಟೀಲ್,INC,ಕಾಂಗ್ರೆಸ್ (INC),23816,9085,#ff7f0e
1985,27,Yelburga,ಯಲಬುರ್ಗಾ,yelburga,yelburga_assembly_constituency,nan,ಸಾಮಾನ್ಯ,Basawaraj Rayraddi,Basawaraj Rayraddi,JNP,ಜನತಾ ಪಕ್ಷ (JNP),28674,53.5,Subhaschandra Baswalingangouda Patil,Subhaschandra Baswalingangouda ಪಾಟೀಲ್,INC,ಕಾಂಗ್ರೆಸ್ (INC),23439,5235,#ff7f0e
1985,28,Kanakagiri,ಕನಕಗಿರಿ,kanakagiri,kanakagiri_assembly_constituency,SC,ಪರಿಶಿಷ್ಟ ಜಾತಿ (SC),Srirangadevarayalu,Srirangadevarayalu,INC,ಕಾಂಗ್ರೆಸ್ (INC),29791,50.6,Nagappa Bhemappa Sadoni,Nagappa Bhemappa Sadoni,JNP,ಜನತಾ ಪಕ್ಷ (JNP),29128,663,#1f77b4
1985,29,Gangavathi,ಗಂಗಾವತಿ,gangavathi,gangavathi_assembly_constituency,nan,ಸಾಮಾನ್ಯ,Gawli Mahadevappa,Gawli ಮಹಾದೇವಪ್ಪ,JNP,ಜನತಾ ಪಕ್ಷ (JNP),37300,54.1,H. S. Jayaprakash,ಎಚ್. ಎಸ್. Jayaprakash,INC,ಕಾಂಗ್ರೆಸ್ (INC),31145,6155,#ff7f0e
1985,30,Koppal,ಕೊಪ್ಪಳ,koppal,koppal_assembly_constituency,nan,ಸಾಮಾನ್ಯ,Agadi Viruprakashappa Sanganna,Agadi Viruprakashappa Sanganna,JNP,ಜನತಾ ಪಕ್ಷ (JNP),32131,52.9,Shantanna Pampanna Mudgal,Shantanna Pampanna Mudgal,INC,ಕಾಂಗ್ರೆಸ್ (INC),27218,4913,#ff7f0e
1985,31,Siruguppa,ಸಿರುಗುಪ್ಪ,siruguppa,siruguppa_assembly_constituency,ST,ಪರಿಶಿಷ್ಟ ಪಂಗಡ (ST),C. M. Revana Siddaiah,ಸಿ. ಎಂ. Revana Siddaiah,JNP,ಜನತಾ ಪಕ್ಷ (JNP),39238,49.3,Sankara Reddy,Sankara ರೆಡ್ಡಿ,INC,ಕಾಂಗ್ರೆಸ್ (INC),36626,2612,#ff7f0e
1985,32,Kurugodu,Kurugodu,kurugodu,kurugodu_assembly_constituency,nan,ಸಾಮಾನ್ಯ,B. Shivarama Reddy,ಬಿ. Shivarama ರೆಡ್ಡಿ,JNP,ಜನತಾ ಪಕ್ಷ (JNP),32446,54.7,H. Nagana Gowda,ಎಚ್. Nagana ಗೌಡ,INC,ಕಾಂಗ್ರೆಸ್ (INC),26608,5838,#ff7f0e
1985,33,Bellary,ಬಳ್ಳಾರಿ,bellary,bellary_assembly_constituency,ST,ಪರಿಶಿಷ್ಟ ಪಂಗಡ (ST),M. Ramappa,ಎಂ. Ramappa,INC,ಕಾಂಗ್ರೆಸ್ (INC),20485,40.7,Sharada Male Bennur,Sharada Male Bennur,CPI,ಸಿಪಿಐ (CPI),17852,2633,#1f77b4
1985,34,Hospet,ಹೊಸಪೇಟೆ,hospet,hospet_assembly_constituency,nan,ಸಾಮಾನ್ಯ,Bhimaneni Kondaiah,Bhimaneni Kondaiah,JNP,ಜನತಾ ಪಕ್ಷ (JNP),45777,62.5,G. Shankar Goud,ಜಿ. Shankar Goud,INC,ಕಾಂಗ್ರೆಸ್ (INC),27452,18325,#ff7f0e
1985,35,Sandur,ಸಂಡೂರು,sandur,sandur_assembly_constituency,ST,ಪರಿಶಿಷ್ಟ ಪಂಗಡ (ST),U. Bhupathi,ಯು. Bhupathi,JNP,ಜನತಾ ಪಕ್ಷ (JNP),26748,56.2,K. S. Veerabhadrappa,ಕೆ. ಎಸ್. Veerabhadrappa,INC,ಕಾಂಗ್ರೆಸ್ (INC),16628,10120,#ff7f0e
1985,36,Kudligi,ಕೂಡ್ಲಿಗಿ,kudligi,kudligi_assembly_constituency,ST,ಪರಿಶಿಷ್ಟ ಪಂಗಡ (ST),N. T. Bommanna,ಎನ್. ಟಿ. Bommanna,INC,ಕಾಂಗ್ರೆಸ್ (INC),31252,52.2,N. M. Nabisahib,ಎನ್. ಎಂ. Nabisahib,JNP,ಜನತಾ ಪಕ್ಷ (JNP),26734,4518,#1f77b4
1985,37,Kottur,Kottur,kottur,kottur_assembly_constituency,nan,ಸಾಮಾನ್ಯ,K. V. Ravindranath Babu,ಕೆ. ವಿ. Ravindranath Babu,INC,ಕಾಂಗ್ರೆಸ್ (INC),32804,51.5,B. S. Veerabhadrappa,ಬಿ. ಎಸ್. Veerabhadrappa,JNP,ಜನತಾ ಪಕ್ಷ (JNP),29548,3256,#1f77b4
1985,38,Hadagalli,ಹೂವಿನಹಡಗಲಿ,hadagalli,hadagalli_assembly_constituency,SC,ಪರಿಶಿಷ್ಟ ಜಾತಿ (SC),M. P. Prakash,ಎಂ. ಪಿ. ಪ್ರಕಾಶ್,JNP,ಜನತಾ ಪಕ್ಷ (JNP),44870,59.3,G. Andanappa,ಜಿ. Andanappa,INC,ಕಾಂಗ್ರೆಸ್ (INC),29268,15602,#ff7f0e
1985,39,Harapanahalli,ಹರಪನಹಳ್ಳಿ,harapanahalli,harapanahalli_assembly_constituency,nan,ಸಾಮಾನ್ಯ,B. H. Enka Naik,ಬಿ. ಎಚ್. Enka ನಾಯಕ್,INC,ಕಾಂಗ್ರೆಸ್ (INC),29206,48.1,D. Narayanadas,ಡಿ. Narayanadas,JNP,ಜನತಾ ಪಕ್ಷ (JNP),23662,5544,#1f77b4
1985,40,Harihar,Harihar,harihar,harihar_assembly_constituency,nan,ಸಾಮಾನ್ಯ,B. G. Kotrappa,ಬಿ. ಜಿ. Kotrappa,JNP,ಜನತಾ ಪಕ್ಷ (JNP),40089,51.1,Y. Nagappa,ವೈ. Nagappa,INC,ಕಾಂಗ್ರೆಸ್ (INC),35539,4550,#ff7f0e
1985,41,Davangere,Davangere,davangere,davangere_assembly_constituency,nan,ಸಾಮಾನ್ಯ,Pampapathi,Pampapathi,CPI,ಸಿಪಿಐ (CPI),35639,47.9,Yajaman Mothiveeranna,Yajaman Mothiveeranna,INC,ಕಾಂಗ್ರೆಸ್ (INC),31866,3773,#de2d26
1985,42,Mayakonda,ಮಾಯಾಕೊಂಡ,mayakonda,mayakonda_assembly_constituency,SC,ಪರಿಶಿಷ್ಟ ಜಾತಿ (SC),K. Mallappa,ಕೆ. Mallappa,JNP,ಜನತಾ ಪಕ್ಷ (JNP),37137,49.9,K. R. Jayadevappa,ಕೆ. ಆರ್. Jayadevappa,INC,ಕಾಂಗ್ರೆಸ್ (INC),33319,3818,#ff7f0e
1985,43,Bharamasagara,Bharamasagara,bharamasagara,bharamasagara_assembly_constituency,SC,ಪರಿಶಿಷ್ಟ ಜಾತಿ (SC),B. M. Thippesamy,ಬಿ. ಎಂ. Thippesamy,JNP,ಜನತಾ ಪಕ್ಷ (JNP),30450,48.3,"Shivamurthy, K.",Shivamurthy ಕೆ.,INC,ಕಾಂಗ್ರೆಸ್ (INC),30180,270,#ff7f0e
1985,44,Chitradurga,ಚಿತ್ರದುರ್ಗ,chitradurga,chitradurga_assembly_constituency,nan,ಸಾಮಾನ್ಯ,H. Ekanthaiah,ಎಚ್. Ekanthaiah,JNP,ಜನತಾ ಪಕ್ಷ (JNP),40196,55.7,T. M. Khader Basha,ಟಿ. ಎಂ. Khader Basha,INC,ಕಾಂಗ್ರೆಸ್ (INC),29166,11030,#ff7f0e
1985,45,Jagalur,ಜಗಳೂರು,jagalur,jagalur_assembly_constituency,ST,ಪರಿಶಿಷ್ಟ ಪಂಗಡ (ST),G. H. Aswathreddy,ಜಿ. ಎಚ್. Aswathreddy,INC,ಕಾಂಗ್ರೆಸ್ (INC),35365,49.6,M. Basappa,ಎಂ. Basappa,JNP,ಜನತಾ ಪಕ್ಷ (JNP),33749,1616,#1f77b4
1985,46,Molakalmuru,ಮೊಳಕಾಲ್ಮೂರು,molakalmuru,molakalmuru_assembly_constituency,ST,ಪರಿಶಿಷ್ಟ ಪಂಗಡ (ST),Purna Muthappa,Purna Muthappa,JNP,ಜನತಾ ಪಕ್ಷ (JNP),30022,50.8,N. G. Naik,ಎನ್. ಜಿ. ನಾಯಕ್,INC,ಕಾಂಗ್ರೆಸ್ (INC),29121,901,#ff7f0e
1985,47,Challakere,ಚಳ್ಳಕೆರೆ,challakere,challakere_assembly_constituency,ST,ಪರಿಶಿಷ್ಟ ಪಂಗಡ (ST),Thippesamy,Thippesamy,JNP,ಜನತಾ ಪಕ್ಷ (JNP),36163,58.9,B. L. Gowda,ಬಿ. ಎಲ್. ಗೌಡ,INC,ಕಾಂಗ್ರೆಸ್ (INC),22551,13612,#ff7f0e
1985,48,Hiriyur,ಹಿರಿಯೂರು,hiriyur,hiriyur_assembly_constituency,nan,ಸಾಮಾನ್ಯ,R. Ramaiah,ಆರ್. Ramaiah,INC,ಕಾಂಗ್ರೆಸ್ (INC),32542,54.0,T. Thippanna,ಟಿ. Thippanna,JNP,ಜನತಾ ಪಕ್ಷ (JNP),26464,6078,#1f77b4
1985,49,Holalkere,ಹೊಳಲ್ಕೆರೆ,holalkere,holalkere_assembly_constituency,SC,ಪರಿಶಿಷ್ಟ ಜಾತಿ (SC),G. C. Manjunath,ಜಿ. ಸಿ. Manjunath,JNP,ಜನತಾ ಪಕ್ಷ (JNP),40165,54.0,A. V. Umapathi,ಎ. ವಿ. Umapathi,INC,ಕಾಂಗ್ರೆಸ್ (INC),31238,8927,#ff7f0e
1985,50,Hosadurga,ಹೊಸದುರ್ಗ,hosadurga,hosadurga_assembly_constituency,nan,ಸಾಮಾನ್ಯ,G. Ramdas,ಜಿ. Ramdas,INC,ಕಾಂಗ್ರೆಸ್ (INC),37562,48.2,M. Sanna Chikkanna,ಎಂ. Sanna Chikkanna,JNP,ಜನತಾ ಪಕ್ಷ (JNP),37328,234,#1f77b4
1985,51,Pavagada,ಪಾವಗಡ,pavagada,pavagada_assembly_constituency,SC,ಪರಿಶಿಷ್ಟ ಜಾತಿ (SC),Somla Naik,Somla ನಾಯಕ್,JNP,ಜನತಾ ಪಕ್ಷ (JNP),40964,53.1,Ugranarasimhappa,Ugranarasimhappa,INC,ಕಾಂಗ್ರೆಸ್ (INC),29401,11563,#ff7f0e
1985,52,Sira,ಸಿರಾ,sira,sira_assembly_constituency,nan,ಸಾಮಾನ್ಯ,C. P. Mudlagiriyappa,ಸಿ. ಪಿ. Mudlagiriyappa,INC,ಕಾಂಗ್ರೆಸ್ (INC),20049,32.0,S. K. Siddanna,ಎಸ್. ಕೆ. Siddanna,IND,ಪಕ್ಷೇತರ (IND),19967,82,#1f77b4
1985,53,Kallambella,Kallambella,kallambella,kallambella_assembly_constituency,nan,ಸಾಮಾನ್ಯ,B. L. Gowda,ಬಿ. ಎಲ್. ಗೌಡ,JNP,ಜನತಾ ಪಕ್ಷ (JNP),36027,55.2,S. Lingaiah,ಎಸ್. Lingaiah,INC,ಕಾಂಗ್ರೆಸ್ (INC),25244,10783,#ff7f0e
1985,54,Bellavi,Bellavi,bellavi,bellavi_assembly_constituency,nan,ಸಾಮಾನ್ಯ,C. N. Bhaskarappa,ಸಿ. ಎನ್. Bhaskarappa,JNP,ಜನತಾ ಪಕ್ಷ (JNP),36909,53.6,C. Shivamurthy,ಸಿ. Shivamurthy,INC,ಕಾಂಗ್ರೆಸ್ (INC),25586,11323,#ff7f0e
1985,55,Madhugiri,ಮಧುಗಿರಿ,madhugiri,madhugiri_assembly_constituency,nan,ಸಾಮಾನ್ಯ,Rajavardhan,Rajavardhan,JNP,ಜನತಾ ಪಕ್ಷ (JNP),41992,54.5,Gangahanumaiah,Gangahanumaiah,INC,ಕಾಂಗ್ರೆಸ್ (INC),30456,11536,#ff7f0e
1985,56,Koratagere,ಕೊರಟಗೆರೆ,koratagere,koratagere_assembly_constituency,SC,ಪರಿಶಿಷ್ಟ ಜಾತಿ (SC),Veeranna,Veeranna,JNP,ಜನತಾ ಪಕ್ಷ (JNP),47395,58.5,N. Sukumar,ಎನ್. Sukumar,INC,ಕಾಂಗ್ರೆಸ್ (INC),32379,15016,#ff7f0e
1985,57,Tumkur,Tumkur,tumkur,tumkur_assembly_constituency,nan,ಸಾಮಾನ್ಯ,Lakshminarasimhaiah,Lakshminarasimhaiah,JNP,ಜನತಾ ಪಕ್ಷ (JNP),40440,54.4,Aliya Begum,Aliya Begum,INC,ಕಾಂಗ್ರೆಸ್ (INC),26910,13530,#ff7f0e
1985,58,Kunigal,ಕುಣಿಗಲ್,kunigal,kunigal_assembly_constituency,nan,ಸಾಮಾನ್ಯ,Y. K. Ramaiah,ವೈ. ಕೆ. Ramaiah,JNP,ಜನತಾ ಪಕ್ಷ (JNP),49309,65.7,Andanaiah,Andanaiah,INC,ಕಾಂಗ್ರೆಸ್ (INC),25007,24302,#ff7f0e
1985,59,Huliyurdurga,Huliyurdurga,huliyurdurga,huliyurdurga_assembly_constituency,nan,ಸಾಮಾನ್ಯ,D. Nagarajaiah,ಡಿ. Nagarajaiah,JNP,ಜನತಾ ಪಕ್ಷ (JNP),36434,56.2,N. Hutchamasthi Gowda,ಎನ್. Hutchamasthi ಗೌಡ,INC,ಕಾಂಗ್ರೆಸ್ (INC),27454,8980,#ff7f0e
1985,60,Gubbi,ಗುಬ್ಬಿ,gubbi,gubbi_assembly_constituency,nan,ಸಾಮಾನ್ಯ,G. S. Shivananiaha,ಜಿ. ಎಸ್. Shivananiaha,INC,ಕಾಂಗ್ರೆಸ್ (INC),26847,44.4,S. M. Shivakumara Swamy,ಎಸ್. ಎಂ. Shivakumara ಸ್ವಾಮಿ,IND,ಪಕ್ಷೇತರ (IND),21277,5570,#1f77b4
1985,61,Turuvekere,ತುರುವೇಕೆರೆ,turuvekere,turuvekere_assembly_constituency,nan,ಸಾಮಾನ್ಯ,K. H. Ramakrishnaiah,ಕೆ. ಎಚ್. Ramakrishnaiah,JNP,ಜನತಾ ಪಕ್ಷ (JNP),35272,51.3,B.Byrappaji,ಬಿ. Byrappaji,INC,ಕಾಂಗ್ರೆಸ್ (INC),30788,4484,#ff7f0e
1985,62,Tiptur,ತಿಪಟೂರು,tiptur,tiptur_assembly_constituency,nan,ಸಾಮಾನ್ಯ,B. S. Chandrashekaraih,ಬಿ. ಎಸ್. Chandrashekaraih,JNP,ಜನತಾ ಪಕ್ಷ (JNP),36594,51.2,T. M. Manjunath,ಟಿ. ಎಂ. Manjunath,INC,ಕಾಂಗ್ರೆಸ್ (INC),33857,2737,#ff7f0e
1985,63,Chiknaikanahalli,Chiknaikanahalli,chiknaikanahalli,chiknaikanahalli_assembly_constituency,nan,ಸಾಮಾನ್ಯ,B. Lakkappa,ಬಿ. Lakkappa,INC,ಕಾಂಗ್ರೆಸ್ (INC),20815,32.0,N. Basavaiah,ಎನ್. Basavaiah,IND,ಪಕ್ಷೇತರ (IND),18297,2518,#1f77b4
1985,64,Gauribidanur,ಗೌರಿಬಿದನೂರು,gauribidanur,gauribidanur_assembly_constituency,nan,ಸಾಮಾನ್ಯ,Chandrasekhar,Chandrasekhar,JNP,ಜನತಾ ಪಕ್ಷ (JNP),34291,52.7,B. N. K. Papaiah,ಬಿ. ಎನ್. ಕೆ. Papaiah,INC,ಕಾಂಗ್ರೆಸ್ (INC),27660,6631,#ff7f0e
1985,65,Chikballapur,Chikballapur,chikballapur,chikballapur_assembly_constituency,SC,ಪರಿಶಿಷ್ಟ ಜಾತಿ (SC),K. M. Muniyappa,ಕೆ. ಎಂ. Muniyappa,JNP,ಜನತಾ ಪಕ್ಷ (JNP),39216,58.4,K. N. Nagappa,ಕೆ. ಎನ್. Nagappa,INC,ಕಾಂಗ್ರೆಸ್ (INC),27091,12125,#ff7f0e
1985,66,Sidlaghatta,ಶಿಡ್ಲಘಟ್ಟ,sidlaghatta,sidlaghatta_assembly_constituency,nan,ಸಾಮಾನ್ಯ,S. Munishainappa,ಎಸ್. Munishainappa,JNP,ಜನತಾ ಪಕ್ಷ (JNP),44199,55.7,V. Muniyappa,ವಿ. Muniyappa,INC,ಕಾಂಗ್ರೆಸ್ (INC),33998,10201,#ff7f0e
1985,67,Bagepalli,ಬಾಗೇಪಲ್ಲಿ,bagepalli,bagepalli_assembly_constituency,nan,ಸಾಮಾನ್ಯ,B. Narayana Swamy,ಬಿ. Narayana ಸ್ವಾಮಿ,INC,ಕಾಂಗ್ರೆಸ್ (INC),20454,35.4,G. V. Sreerama Reddy,ಜಿ. ವಿ. Sreerama ರೆಡ್ಡಿ,CPM,ಸಿಪಿಎಂ (CPM),18444,2010,#1f77b4
1985,68,Chintamani,ಚಿಂತಾಮಣಿ,chintamani,chintamani_assembly_constituency,nan,ಸಾಮಾನ್ಯ,K. M. Krishna Reddy,ಕೆ. ಎಂ. Krishna ರೆಡ್ಡಿ,JNP,ಜನತಾ ಪಕ್ಷ (JNP),43965,54.5,Chowda Reddy,Chowda ರೆಡ್ಡಿ,INC,ಕಾಂಗ್ರೆಸ್ (INC),36665,7300,#ff7f0e
1985,69,Srinivasapur,ಶ್ರೀನಿವಾಸಪುರ,srinivasapur,srinivasapur_assembly_constituency,nan,ಸಾಮಾನ್ಯ,Ramesh Kumar,ರಮೇಶ್ ಕುಮಾರ್,JNP,ಜನತಾ ಪಕ್ಷ (JNP),38074,53.9,G. K. Venkata Shiva Reddy,ಜಿ. ಕೆ. Venkata Shiva ರೆಡ್ಡಿ,INC,ಕಾಂಗ್ರೆಸ್ (INC),31941,6133,#ff7f0e
1985,70,Mulbagal,ಮುಳಬಾಗಿಲು,mulbagal,mulbagal_assembly_constituency,SC,ಪರಿಶಿಷ್ಟ ಜಾತಿ (SC),R. Venkataramaiah,ಆರ್. Venkataramaiah,CPM,ಸಿಪಿಎಂ (CPM),42712,63.0,M. V. Prameelamma,ಎಂ. ವಿ. Prameelamma,INC,ಕಾಂಗ್ರೆಸ್ (INC),20608,22104,#a50f15
1985,71,Kolar Gold Fields,Kolar Gold Fields,kolargoldfields,kolar_gold_fields_assembly_constituency,SC,ಪರಿಶಿಷ್ಟ ಜಾತಿ (SC),T. S. Mani,ಟಿ. ಎಸ್. Mani,CPM,ಸಿಪಿಎಂ (CPM),28325,51.0,M. Backthavachalam,ಎಂ. Backthavachalam,IND,ಪಕ್ಷೇತರ (IND),12545,15780,#a50f15
1985,72,Bethamangala,Bethamangala,bethamangala,bethamangala_assembly_constituency,SC,ಪರಿಶಿಷ್ಟ ಜಾತಿ (SC),A. Chinnappa,ಎ. Chinnappa,JNP,ಜನತಾ ಪಕ್ಷ (JNP),38843,65.1,V. Venkatamuni,ವಿ. Venkatamuni,INC,ಕಾಂಗ್ರೆಸ್ (INC),16321,22522,#ff7f0e
1985,73,Kolar,ಕೋಲಾರ,kolar,kolar_assembly_constituency,nan,ಸಾಮಾನ್ಯ,K. R. Srinivasaiah,ಕೆ. ಆರ್. Srinivasaiah,JNP,ಜನತಾ ಪಕ್ಷ (JNP),34701,52.0,Abdul Rahim,Abdul Rahim,INC,ಕಾಂಗ್ರೆಸ್ (INC),21556,13145,#ff7f0e
1985,74,Vemgal,Vemgal,vemgal,vemgal_assembly_constituency,nan,ಸಾಮಾನ್ಯ,C. Byre Gowda,ಸಿ. Byre ಗೌಡ,JNP,ಜನತಾ ಪಕ್ಷ (JNP),46945,61.8,K. R. Iragappa,ಕೆ. ಆರ್. Iragappa,INC,ಕಾಂಗ್ರೆಸ್ (INC),28968,17977,#ff7f0e
1985,75,Malur,ಮಲೂರು,malur,malur_assembly_constituency,nan,ಸಾಮಾನ್ಯ,H. B. Dyavarappa,ಎಚ್. ಬಿ. Dyavarappa,JNP,ಜನತಾ ಪಕ್ಷ (JNP),32663,52.4,A. Nagaraju,ಎ. Nagaraju,INC,ಕಾಂಗ್ರೆಸ್ (INC),28660,4003,#ff7f0e
1985,76,Malleshwaram,ಮಲ್ಲೇಶ್ವರಂ,malleshwaram,malleshwaram_assembly_constituency,nan,ಸಾಮಾನ್ಯ,M. Raghupathy,ಎಂ. Raghupathy,JNP,ಜನತಾ ಪಕ್ಷ (JNP),38445,56.3,Vijoilakshami Ram Bhat,Vijoilakshami Ram Bhat,INC,ಕಾಂಗ್ರೆಸ್ (INC),16746,21699,#ff7f0e
1985,77,Rajajinagar,ರಾಜಾಜಿ ನಗರ,rajajinagar,rajajinagar_assembly_constituency,nan,ಸಾಮಾನ್ಯ,M. S. Krishnan,ಎಂ. ಎಸ್. Krishnan,CPI,ಸಿಪಿಐ (CPI),45477,47.3,S. G. Venkataiah,ಎಸ್. ಜಿ. Venkataiah,INC,ಕಾಂಗ್ರೆಸ್ (INC),28997,16480,#de2d26
1985,78,Gandhinagar,ಗಾಂಧಿ ನಗರ,gandhinagar,gandhinagar_assembly_constituency,nan,ಸಾಮಾನ್ಯ,M. S. Narayana Rao,ಎಂ. ಎಸ್. Narayana ರಾವ್,JNP,ಜನತಾ ಪಕ್ಷ (JNP),20671,39.1,Bima Raikar,Bima Raikar,INC,ಕಾಂಗ್ರೆಸ್ (INC),16715,3956,#ff7f0e
1985,79,Chickpet,ಚಿಕ್ಕಪೇಟೆ,chickpet,chickpet_assembly_constituency,nan,ಸಾಮಾನ್ಯ,A. Lakshmisagar,ಎ. Lakshmisagar,JNP,ಜನತಾ ಪಕ್ಷ (JNP),22544,53.6,L. R. Ananth,ಎಲ್. ಆರ್. Ananth,INC,ಕಾಂಗ್ರೆಸ್ (INC),16206,6338,#ff7f0e
1985,80,Binnypet,Binnypet,binnypet,binnypet_assembly_constituency,nan,ಸಾಮಾನ್ಯ,G. Narayana Kumar,ಜಿ. Narayana ಕುಮಾರ್,JNP,ಜನತಾ ಪಕ್ಷ (JNP),37990,42.1,Soukat Kureshi,Soukat Kureshi,INC,ಕಾಂಗ್ರೆಸ್ (INC),35484,2506,#ff7f0e
1985,81,Chamarajapet,Chamarajapet,chamarajapet,chamarajapet_assembly_constituency,nan,ಸಾಮಾನ್ಯ,Mohammad Moieuddin,Mohammad Moieuddin,JNP,ಜನತಾ ಪಕ್ಷ (JNP),19955,42.9,C. Krishnappa,ಸಿ. Krishnappa,INC,ಕಾಂಗ್ರೆಸ್ (INC),15311,4644,#ff7f0e
1985,82,Basavanagudi,ಬಸವನಗುಡಿ,basavanagudi,basavanagudi_assembly_constituency,nan,ಸಾಮಾನ್ಯ,Ramakrishna Hegde,Ramakrishna ಹೆಗಡೆ,JNP,ಜನತಾ ಪಕ್ಷ (JNP),61018,76.4,K. M. Nagaraj,ಕೆ. ಎಂ. Nagaraj,INC,ಕಾಂಗ್ರೆಸ್ (INC),18238,42780,#ff7f0e
1985,83,Jayanagar,ಜಯನಗರ,jayanagar,jayanagar_assembly_constituency,nan,ಸಾಮಾನ್ಯ,M. Chandrasekhar,ಎಂ. Chandrasekhar,JNP,ಜನತಾ ಪಕ್ಷ (JNP),42391,54.1,Ramalinga Reddy,ರಾಮಲಿಂಗ ರೆಡ್ಡಿ,INC,ಕಾಂಗ್ರೆಸ್ (INC),29842,12549,#ff7f0e
1985,84,Shanthinagar,ಶಾಂತಿ ನಗರ,shanthinagar,shanthinagar_assembly_constituency,SC,ಪರಿಶಿಷ್ಟ ಜಾತಿ (SC),C. Kannan,ಸಿ. Kannan,INC,ಕಾಂಗ್ರೆಸ್ (INC),20090,40.9,D. G. Hemavathy,ಡಿ. ಜಿ. Hemavathy,JNP,ಜನತಾ ಪಕ್ಷ (JNP),16598,3492,#1f77b4
1985,85,Shivajinagar,ಶಿವಾಜಿನಗರ,shivajinagar,shivajinagar_assembly_constituency,nan,ಸಾಮಾನ್ಯ,R. Roshan Beig,ಆರ್. Roshan Beig,JNP,ಜನತಾ ಪಕ್ಷ (JNP),14735,44.0,A. K. Ananthakrishna,ಎ. ಕೆ. Ananthakrishna,INC,ಕಾಂಗ್ರೆಸ್ (INC),12914,1821,#ff7f0e
1985,86,Bharathinagar,Bharathinagar,bharathinagar,bharathinagar_assembly_constituency,nan,ಸಾಮಾನ್ಯ,K. J. George,ಕೆ. ಜೆ. George,INC,ಕಾಂಗ್ರೆಸ್ (INC),22141,43.1,Michael B. Feranandes,Michael ಬಿ. Feranandes,JNP,ಜನತಾ ಪಕ್ಷ (JNP),18195,3946,#1f77b4
1985,87,Jayamahal,Jayamahal,jayamahal,jayamahal_assembly_constituency,nan,ಸಾಮಾನ್ಯ,Jeevaraj Alva,Jeevaraj Alva,JNP,ಜನತಾ ಪಕ್ಷ (JNP),31768,52.0,A. K. A. Samad,ಎ. ಕೆ. ಎ. Samad,INC,ಕಾಂಗ್ರೆಸ್ (INC),25172,6596,#ff7f0e
1985,88,Yelahanka,ಯಲಹಂಕ,yelahanka,yelahanka_assembly_constituency,nan,ಸಾಮಾನ್ಯ,B. Basavalingappa,ಬಿ. Basavalingappa,INC,ಕಾಂಗ್ರೆಸ್ (INC),47302,51.9,V. Sivaraj,ವಿ. Sivaraj,JNP,ಜನತಾ ಪಕ್ಷ (JNP),40960,6342,#1f77b4
1985,89,Uttarahalli,Uttarahalli,uttarahalli,uttarahalli_assembly_constituency,nan,ಸಾಮಾನ್ಯ,M. Srinivas,ಎಂ. ಶ್ರೀನಿವಾಸ್,JNP,ಜನತಾ ಪಕ್ಷ (JNP),73655,52.4,S. Ramesh,ಎಸ್. ರಮೇಶ್,INC,ಕಾಂಗ್ರೆಸ್ (INC),58522,15133,#ff7f0e
1985,90,Varthur,Varthur,varthur,varthur_assembly_constituency,nan,ಸಾಮಾನ್ಯ,A. Krishnappa,ಎ. Krishnappa,INC,ಕಾಂಗ್ರೆಸ್ (INC),30242,33.8,Aswathanarayana Reddy,Aswathanarayana ರೆಡ್ಡಿ,IND,ಪಕ್ಷೇತರ (IND),30144,98,#1f77b4
1985,91,Kanakapura,ಕನಕಪುರ,kanakapura,kanakapura_assembly_constituency,nan,ಸಾಮಾನ್ಯ,P. G. R. Sindhia,ಪಿ. ಜಿ. ಆರ್. Sindhia,JNP,ಜನತಾ ಪಕ್ಷ (JNP),53669,66.4,M. V. Rajashekaran,ಎಂ. ವಿ. Rajashekaran,INC,ಕಾಂಗ್ರೆಸ್ (INC),26534,27135,#ff7f0e
1985,92,Sathanur,Sathanur,sathanur,sathanur_assembly_constituency,nan,ಸಾಮಾನ್ಯ,H D Devegowda,ಎಚ್. ಡಿ. Devegowda,JNP,ಜನತಾ ಪಕ್ಷ (JNP),45612,59.3,D. K. Shivakumar,ಡಿ. ಕೆ. ಶಿವಕುಮಾರ್,INC,ಕಾಂಗ್ರೆಸ್ (INC),29809,15803,#ff7f0e
1985,93,Channapatna,ಚನ್ನಪಟ್ಟಣ,channapatna,channapatna_assembly_constituency,nan,ಸಾಮಾನ್ಯ,M. Varade Gowda (Raju),ಎಂ. Varade ಗೌಡ ( ರಾಜು ),JNP,ಜನತಾ ಪಕ್ಷ (JNP),47503,55.3,D. T. Ramu,ಡಿ. ಟಿ. Ramu,INC,ಕಾಂಗ್ರೆಸ್ (INC),37704,9799,#ff7f0e
1985,94,Ramanagaram,Ramanagaram,ramanagaram,ramanagaram_assembly_constituency,nan,ಸಾಮಾನ್ಯ,Puttaswamy Gowda,Puttaswamy ಗೌಡ,JNP,ಜನತಾ ಪಕ್ಷ (JNP),38284,49.5,C. M. Lingappa,ಸಿ. ಎಂ. Lingappa,INC,ಕಾಂಗ್ರೆಸ್ (INC),36280,2004,#ff7f0e
1985,95,Magadi,ಮಾಗಡಿ,magadi,magadi_assembly_constituency,nan,ಸಾಮಾನ್ಯ,H. G. Channappa,ಎಚ್. ಜಿ. Channappa,JNP,ಜನತಾ ಪಕ್ಷ (JNP),38605,54.6,H. M. Revanna,ಎಚ್. ಎಂ. Revanna,INC,ಕಾಂಗ್ರೆಸ್ (INC),30507,8098,#ff7f0e
1985,96,Doddaballapur,ದೊಡ್ಡಬಳ್ಳಾಪುರ,doddaballapur,doddaballapur_assembly_constituency,nan,ಸಾಮಾನ್ಯ,R. L. Jalappa,ಆರ್. ಎಲ್. Jalappa,JNP,ಜನತಾ ಪಕ್ಷ (JNP),48238,60.6,Satchidananda,Satchidananda,INC,ಕಾಂಗ್ರೆಸ್ (INC),24246,23992,#ff7f0e
1985,97,Nelamangala,ನೆಲಮಂಗಲ,nelamangala,nelamangala_assembly_constituency,SC,ಪರಿಶಿಷ್ಟ ಜಾತಿ (SC),B. Guruprasad,ಬಿ. Guruprasad,JNP,ಜನತಾ ಪಕ್ಷ (JNP),38967,62.7,Anjanamurthy,Anjanamurthy,INC,ಕಾಂಗ್ರೆಸ್ (INC),23177,15790,#ff7f0e
1985,98,Devanahalli,ದೇವನಹಳ್ಳಿ,devanahalli,devanahalli_assembly_constituency,SC,ಪರಿಶಿಷ್ಟ ಜಾತಿ (SC),P. C. Munishamaiah,ಪಿ. ಸಿ. Munishamaiah,JNP,ಜನತಾ ಪಕ್ಷ (JNP),40603,52.8,H. Puttadasu,ಎಚ್. Puttadasu,INC,ಕಾಂಗ್ರೆಸ್ (INC),34625,5978,#ff7f0e
1985,99,Hosakote,ಹೊಸಕೋಟೆ,hosakote,hosakote_assembly_constituency,nan,ಸಾಮಾನ್ಯ,B. N. Bache Gowda,ಬಿ. ಎನ್. Bache ಗೌಡ,JNP,ಜನತಾ ಪಕ್ಷ (JNP),45552,49.1,N. Chikke Gowda,ಎನ್. Chikke ಗೌಡ,INC,ಕಾಂಗ್ರೆಸ್ (INC),41133,4419,#ff7f0e
1985,100,Anekal,ಆನೇಕಲ್,anekal,anekal_assembly_constituency,SC,ಪರಿಶಿಷ್ಟ ಜಾತಿ (SC),M. P. Keshavamurthy,ಎಂ. ಪಿ. Keshavamurthy,INC,ಕಾಂಗ್ರೆಸ್ (INC),34586,46.2,C. Thopaiah,ಸಿ. Thopaiah,JNP,ಜನತಾ ಪಕ್ಷ (JNP),30518,4068,#1f77b4
1985,101,Nagamangala,ನಾಗಮಂಗಲ,nagamangala,nagamangala_assembly_constituency,nan,ಸಾಮಾನ್ಯ,H. T. Krishnappa,ಎಚ್. ಟಿ. Krishnappa,JNP,ಜನತಾ ಪಕ್ಷ (JNP),36856,57.9,T. M. Chandrashekar,ಟಿ. ಎಂ. Chandrashekar,INC,ಕಾಂಗ್ರೆಸ್ (INC),14645,22211,#ff7f0e
1985,102,Maddur,ಮದ್ದೂರು,maddur,maddur_assembly_constituency,nan,ಸಾಮಾನ್ಯ,B. Appajigowda,ಬಿ. Appajigowda,JNP,ಜನತಾ ಪಕ್ಷ (JNP),37381,50.9,Jayavani M. Manche Gowda,Jayavani ಎಂ. Manche ಗೌಡ,INC,ಕಾಂಗ್ರೆಸ್ (INC),34047,3334,#ff7f0e
1985,103,Kiragaval,Kiragaval,kiragaval,kiragaval_assembly_constituency,nan,ಸಾಮಾನ್ಯ,G. Madegowda,ಜಿ. Madegowda,INC,ಕಾಂಗ್ರೆಸ್ (INC),36519,49.2,Ramegowda,Ramegowda,JNP,ಜನತಾ ಪಕ್ಷ (JNP),35747,772,#1f77b4
1985,104,Malavalli,ಮಳವಳ್ಳಿ,malavalli,malavalli_assembly_constituency,SC,ಪರಿಶಿಷ್ಟ ಜಾತಿ (SC),B. Somashekar,ಬಿ. Somashekar,JNP,ಜನತಾ ಪಕ್ಷ (JNP),43497,58.3,H. D. Amaranathan,ಎಚ್. ಡಿ. Amaranathan,INC,ಕಾಂಗ್ರೆಸ್ (INC),28951,14546,#ff7f0e
1985,105,Mandya,ಮಂಡ್ಯ,mandya,mandya_assembly_constituency,nan,ಸಾಮಾನ್ಯ,S. D. Jayaram,ಎಸ್. ಡಿ. Jayaram,JNP,ಜನತಾ ಪಕ್ಷ (JNP),37672,51.9,M. D. Ramesh Raju,ಎಂ. ಡಿ. ರಮೇಶ್ ರಾಜು,INC,ಕಾಂಗ್ರೆಸ್ (INC),33668,4004,#ff7f0e
1985,106,Keragodu,Keragodu,keragodu,keragodu_assembly_constituency,nan,ಸಾಮಾನ್ಯ,H. D. Chowdaiah,ಎಚ್. ಡಿ. Chowdaiah,INC,ಕಾಂಗ್ರೆಸ್ (INC),35837,52.1,G. B. Shivakumar,ಜಿ. ಬಿ. ಶಿವಕುಮಾರ್,JNP,ಜನತಾ ಪಕ್ಷ (JNP),32101,3736,#1f77b4
1985,107,Srirangapatna,ಶ್ರೀರಂಗಪಟ್ಟಣ,srirangapatna,srirangapatna_assembly_constituency,nan,ಸಾಮಾನ್ಯ,A. S. Bandisiddegowda,ಎ. ಎಸ್. Bandisiddegowda,JNP,ಜನತಾ ಪಕ್ಷ (JNP),39163,52.0,A. C. Srikantaiah,ಎ. ಸಿ. Srikantaiah,INC,ಕಾಂಗ್ರೆಸ್ (INC),33416,5747,#ff7f0e
1985,108,Pandavapura,Pandavapura,pandavapura,pandavapura_assembly_constituency,nan,ಸಾಮಾನ್ಯ,K. Kempegowda,ಕೆ. Kempegowda,IND,ಪಕ್ಷೇತರ (IND),27780,36.8,K. M. Kengegowda,ಕೆ. ಎಂ. Kengegowda,INC,ಕಾಂಗ್ರೆಸ್ (INC),27300,480,#7f7f7f
1985,109,Krishnarajapete,Krishnarajapete,krishnarajapete,krishnarajapete_assembly_constituency,nan,ಸಾಮಾನ್ಯ,Krishna,Krishna,JNP,ಜನತಾ ಪಕ್ಷ (JNP),43817,61.5,M. Puttaswamy Gowda,ಎಂ. Puttaswamy ಗೌಡ,INC,ಕಾಂಗ್ರೆಸ್ (INC),27482,16335,#ff7f0e
1985,110,Hanur,ಹನೂರು,hanur,hanur_assembly_constituency,nan,ಸಾಮಾನ್ಯ,G. Rajugowda,ಜಿ. Rajugowda,IND,ಪಕ್ಷೇತರ (IND),36975,46.6,H. Nagappa,ಎಚ್. Nagappa,JNP,ಜನತಾ ಪಕ್ಷ (JNP),33213,3762,#7f7f7f
1985,111,Kollegal,ಕೊಳ್ಳೇಗಾಲ,kollegal,kollegal_assembly_constituency,SC,ಪರಿಶಿಷ್ಟ ಜಾತಿ (SC),B. Basavaiah,ಬಿ. Basavaiah,JNP,ಜನತಾ ಪಕ್ಷ (JNP),27149,46.5,M. Siddamadaiah,ಎಂ. Siddamadaiah,INC,ಕಾಂಗ್ರೆಸ್ (INC),26037,1112,#ff7f0e
1985,112,Bannur,Bannur,bannur,bannur_assembly_constituency,nan,ಸಾಮಾನ್ಯ,K. J. Ramaswamy,ಕೆ. ಜೆ. Ramaswamy,JNP,ಜನತಾ ಪಕ್ಷ (JNP),35656,50.7,K. M. Chikkamadanaika,ಕೆ. ಎಂ. Chikkamadanaika,INC,ಕಾಂಗ್ರೆಸ್ (INC),28114,7542,#ff7f0e
1985,113,T.Narasipur,ಟಿ. Narasipur,tnarasipur,tnarasipur_assembly_constituency,SC,ಪರಿಶಿಷ್ಟ ಜಾತಿ (SC),H. C. Mahadevappa,ಎಚ್. ಸಿ. ಮಹಾದೇವಪ್ಪ,JNP,ಜನತಾ ಪಕ್ಷ (JNP),33954,55.3,Pottabasavaiah,Pottabasavaiah,INC,ಕಾಂಗ್ರೆಸ್ (INC),24728,9226,#ff7f0e
1985,114,Krishnaraja,Krishnaraja,krishnaraja,krishnaraja_assembly_constituency,nan,ಸಾಮಾನ್ಯ,Vedant Hemmige,Vedant Hemmige,JNP,ಜನತಾ ಪಕ್ಷ (JNP),20657,48.4,Srikanta Sharma,Srikanta Sharma,INC,ಕಾಂಗ್ರೆಸ್ (INC),13965,6692,#ff7f0e
1985,115,Chamaraja,ಚಾಮರಾಜ,chamaraja,chamaraja_assembly_constituency,nan,ಸಾಮಾನ್ಯ,K. Kempere Gowda,ಕೆ. Kempere ಗೌಡ,JNP,ಜನತಾ ಪಕ್ಷ (JNP),32077,61.4,K. Harsha Kumar,ಕೆ. Harsha ಕುಮಾರ್,INC,ಕಾಂಗ್ರೆಸ್ (INC),16265,15812,#ff7f0e
1985,116,Narasimharaja,ನರಸಿಂಹರಾಜ,narasimharaja,narasimharaja_assembly_constituency,nan,ಸಾಮಾನ್ಯ,Mukthar Unnisa,Mukthar Unnisa,INC,ಕಾಂಗ್ರೆಸ್ (INC),15552,29.6,Muruthi Rao Pawar,Muruthi ರಾವ್ Pawar,BJP,ಬಿಜೆಪಿ (BJP),11388,4164,#1f77b4
1985,117,Chamundeswari,Chamundeswari,chamundeswari,chamundeswari_assembly_constituency,nan,ಸಾಮಾನ್ಯ,Siddabamaiah,Siddabamaiah,JNP,ಜನತಾ ಪಕ್ಷ (JNP),33725,43.5,K. Ranganika,ಕೆ. Ranganika,INC,ಕಾಂಗ್ರೆಸ್ (INC),25454,8271,#ff7f0e
1985,118,Nanjangud,ನಂಜನಗೂಡು,nanjangud,nanjangud_assembly_constituency,SC,ಪರಿಶಿಷ್ಟ ಜಾತಿ (SC),D. T. Jaya Kumar,ಡಿ. ಟಿ. Jaya ಕುಮಾರ್,JNP,ಜನತಾ ಪಕ್ಷ (JNP),29644,49.5,M. Linganna,ಎಂ. Linganna,INC,ಕಾಂಗ್ರೆಸ್ (INC),25382,4262,#ff7f0e
1985,119,Santhemarahalli,Santhemarahalli,santhemarahalli,santhemarahalli_assembly_constituency,SC,ಪರಿಶಿಷ್ಟ ಜಾತಿ (SC),B. Rachaiah,ಬಿ. Rachaiah,JNP,ಜನತಾ ಪಕ್ಷ (JNP),31519,51.7,M. Shivanna,ಎಂ. ಶಿವಣ್ಣ,INC,ಕಾಂಗ್ರೆಸ್ (INC),26149,5370,#ff7f0e
1985,120,Chamarajanagar,ಚಾಮರಾಜನಗರ,chamarajanagar,chamarajanagar_assembly_constituency,nan,ಸಾಮಾನ್ಯ,S. Puttaswamy,ಎಸ್. Puttaswamy,INC,ಕಾಂಗ್ರೆಸ್ (INC),33335,40.7,M. C. Parashivappa,ಎಂ. ಸಿ. Parashivappa,JNP,ಜನತಾ ಪಕ್ಷ (JNP),25625,7710,#1f77b4
1985,121,Gundlupet,ಗುಂಡ್ಲುಪೇಟೆ,gundlupet,gundlupet_assembly_constituency,nan,ಸಾಮಾನ್ಯ,K. S. Nagarathnamma,ಕೆ. ಎಸ್. Nagarathnamma,INC,ಕಾಂಗ್ರೆಸ್ (INC),40857,60.8,H. S. Mahadevaprasad,ಎಚ್. ಎಸ್. Mahadevaprasad,JNP,ಜನತಾ ಪಕ್ಷ (JNP),21717,19140,#1f77b4
1985,122,Heggadadevanakote,Heggadadevanakote,heggadadevanakote,heggadadevanakote_assembly_constituency,SC,ಪರಿಶಿಷ್ಟ ಜಾತಿ (SC),M. Shivanna,ಎಂ. ಶಿವಣ್ಣ,INC,ಕಾಂಗ್ರೆಸ್ (INC),26286,39.3,H. B. Chaluvaiah,ಎಚ್. ಬಿ. Chaluvaiah,JNP,ಜನತಾ ಪಕ್ಷ (JNP),24601,1685,#1f77b4
1985,123,Hunasuru,Hunasuru,hunasuru,hunasuru_assembly_constituency,nan,ಸಾಮಾನ್ಯ,H. L. Thimmegowda,ಎಚ್. ಎಲ್. Thimmegowda,JNP,ಜನತಾ ಪಕ್ಷ (JNP),33516,44.3,Chandraprabha Urs,Chandraprabha Urs,INC,ಕಾಂಗ್ರೆಸ್ (INC),31116,2400,#ff7f0e
1985,124,Krishnarajanagara,Krishnarajanagara,krishnarajanagara,krishnarajanagara_assembly_constituency,nan,ಸಾಮಾನ್ಯ,S. Nanjappa,ಎಸ್. Nanjappa,JNP,ಜನತಾ ಪಕ್ಷ (JNP),33170,50.5,H. Vishwanath,ಎಚ್. Vishwanath,INC,ಕಾಂಗ್ರೆಸ್ (INC),30366,2804,#ff7f0e
1985,125,Periyapatna,ಪಿರಿಯಾಪಟ್ಟಣ,periyapatna,periyapatna_assembly_constituency,nan,ಸಾಮಾನ್ಯ,K. Venkatesh,ಕೆ. Venkatesh,JNP,ಜನತಾ ಪಕ್ಷ (JNP),31764,39.8,L. Anand,ಎಲ್. ಆನಂದ್,INC,ಕಾಂಗ್ರೆಸ್ (INC),21951,9813,#ff7f0e
1985,126,Virajpet,ವಿರಾಜಪೇಟೆ,virajpet,virajpet_assembly_constituency,nan,ಸಾಮಾನ್ಯ,Suma Vasantha,Suma Vasantha,INC,ಕಾಂಗ್ರೆಸ್ (INC),26716,54.9,H. D. Rajan,ಎಚ್. ಡಿ. Rajan,JNP,ಜನತಾ ಪಕ್ಷ (JNP),18496,8220,#1f77b4
1985,127,Madikere,Madikere,madikere,madikere_assembly_constituency,nan,ಸಾಮಾನ್ಯ,D. A. Chinnappa,ಡಿ. ಎ. Chinnappa,INC,ಕಾಂಗ್ರೆಸ್ (INC),28645,46.9,Ajjikuttira N. Somaiah,Ajjikuttira ಎನ್. Somaiah,JNP,ಜನತಾ ಪಕ್ಷ (JNP),23523,5122,#1f77b4
1985,128,Somwarpet,Somwarpet,somwarpet,somwarpet_assembly_constituency,nan,ಸಾಮಾನ್ಯ,B. A. Jivijaya,ಬಿ. ಎ. Jivijaya,JNP,ಜನತಾ ಪಕ್ಷ (JNP),38248,50.1,A. M. Belliappa,ಎ. ಎಂ. Belliappa,INC,ಕಾಂಗ್ರೆಸ್ (INC),32209,6039,#ff7f0e
1985,129,Belur,ಬೇಲೂರು,belur,belur_assembly_constituency,nan,ಸಾಮಾನ್ಯ,Kumaraswamy H. K.,Kumaraswamy ಎಚ್. ಕೆ.,JNP,ಜನತಾ ಪಕ್ಷ (JNP),33382,58.8,H. K. Naraswmahaswamy,ಎಚ್. ಕೆ. Naraswmahaswamy,INC,ಕಾಂಗ್ರೆಸ್ (INC),21669,11713,#ff7f0e
1985,130,Arsikere,ಅರಸೀಕೆರೆ,arsikere,arsikere_assembly_constituency,nan,ಸಾಮಾನ್ಯ,D. B. Gangadharappa,ಡಿ. ಬಿ. Gangadharappa,IND,ಪಕ್ಷೇತರ (IND),35356,48.7,G. S. Basavaraju,ಜಿ. ಎಸ್. Basavaraju,IND,ಪಕ್ಷೇತರ (IND),30148,5208,#7f7f7f
1985,131,Gandsi,Gandsi,gandsi,gandsi_assembly_constituency,nan,ಸಾಮಾನ್ಯ,E. Nanjegowda,ಇ. Nanjegowda,JNP,ಜನತಾ ಪಕ್ಷ (JNP),40581,64.0,Jayalakshmi Rajannagowda,Jayalakshmi Rajannagowda,INC,ಕಾಂಗ್ರೆಸ್ (INC),21566,19015,#ff7f0e
1985,132,Sravanabelagola,Sravanabelagola,sravanabelagola,sravanabelagola_assembly_constituency,nan,ಸಾಮಾನ್ಯ,N. Gangadhar,ಎನ್. Gangadhar,JNP,ಜನತಾ ಪಕ್ಷ (JNP),44522,51.4,N. B. Nanjappa,ಎನ್. ಬಿ. Nanjappa,INC,ಕಾಂಗ್ರೆಸ್ (INC),39155,5367,#ff7f0e
1985,133,Holenarasipur,ಹೊಳೆನರಸೀಪುರ,holenarasipur,holenarasipur_assembly_constituency,nan,ಸಾಮಾನ್ಯ,H. D. Deve Gowda,ಎಚ್. ಡಿ. Deve ಗೌಡ,JNP,ಜನತಾ ಪಕ್ಷ (JNP),41230,49.3,G. Puttaswamy Gowda,ಜಿ. Puttaswamy ಗೌಡ,IND,ಪಕ್ಷೇತರ (IND),38063,3167,#ff7f0e
1985,134,Arkalgud,ಅರಕಲಗೂಡು,arkalgud,arkalgud_assembly_constituency,nan,ಸಾಮಾನ್ಯ,K. B. Mallappa,ಕೆ. ಬಿ. Mallappa,JNP,ಜನತಾ ಪಕ್ಷ (JNP),38779,57.5,G. T. Krishna Murthy,ಜಿ. ಟಿ. Krishna Murthy,INC,ಕಾಂಗ್ರೆಸ್ (INC),24738,14041,#ff7f0e
1985,135,Hassan,ಹಾಸನ,hassan,hassan_assembly_constituency,nan,ಸಾಮಾನ್ಯ,B. V. Karigowda,ಬಿ. ವಿ. Karigowda,JNP,ಜನತಾ ಪಕ್ಷ (JNP),43650,54.0,G. L. Nallure Gowda,ಜಿ. ಎಲ್. Nallure ಗೌಡ,INC,ಕಾಂಗ್ರೆಸ್ (INC),32769,10881,#ff7f0e
1985,136,Sakleshpur,ಸಕಲೇಶಪುರ,sakleshpur,sakleshpur_assembly_constituency,SC,ಪರಿಶಿಷ್ಟ ಜಾತಿ (SC),B. D. Basavaraju,ಬಿ. ಡಿ. Basavaraju,JNP,ಜನತಾ ಪಕ್ಷ (JNP),46511,59.8,H. B. Yajaman,ಎಚ್. ಬಿ. Yajaman,INC,ಕಾಂಗ್ರೆಸ್ (INC),26997,19514,#ff7f0e
1985,137,Sullia,ಸುಳ್ಯ,sullia,sullia_assembly_constituency,SC,ಪರಿಶಿಷ್ಟ ಜಾತಿ (SC),Kushala,Kushala,INC,ಕಾಂಗ್ರೆಸ್ (INC),25542,40.7,Bakilahukrappa,Bakilahukrappa,JNP,ಜನತಾ ಪಕ್ಷ (JNP),24749,793,#1f77b4
1985,138,Puttur,ಪುತ್ತೂರು,puttur,puttur_assembly_constituency,nan,ಸಾಮಾನ್ಯ,Vinaya Kumar Sorake,Vinaya ಕುಮಾರ್ Sorake,INC,ಕಾಂಗ್ರೆಸ್ (INC),37426,51.5,"K. Rama Bhat, Urimajade",ಕೆ. Rama Bhat Urimajade,BJP,ಬಿಜೆಪಿ (BJP),16603,20823,#1f77b4
1985,139,Vittal,Vittal,vittal,vittal_assembly_constituency,nan,ಸಾಮಾನ್ಯ,B. A. Ummarabba,ಬಿ. ಎ. Ummarabba,INC,ಕಾಂಗ್ರೆಸ್ (INC),31017,45.4,A. Rukmayya Poojary,ಎ. Rukmayya ಪೂಜಾರಿ,BJP,ಬಿಜೆಪಿ (BJP),23478,7539,#1f77b4
1985,140,Belthangady,ಬೆಳ್ತಂಗಡಿ,belthangady,belthangady_assembly_constituency,nan,ಸಾಮಾನ್ಯ,K. Vasantha Bangera,ಕೆ. Vasantha Bangera,BJP,ಬಿಜೆಪಿ (BJP),33378,51.1,Lokeshwari Vinayachandra,Lokeshwari Vinayachandra,INC,ಕಾಂಗ್ರೆಸ್ (INC),27048,6330,#ff7f0e
1985,141,Bantwal,Bantwal,bantwal,bantwal_assembly_constituency,nan,ಸಾಮಾನ್ಯ,Ramanath Rai,Ramanath Rai,INC,ಕಾಂಗ್ರೆಸ್ (INC),26344,50.0,N. Shiva Rao,ಎನ್. Shiva ರಾವ್,BJP,ಬಿಜೆಪಿ (BJP),18328,8016,#1f77b4
1985,142,Mangalore,ಮಂಗಳೂರು,mangalore,mangalore_assembly_constituency,nan,ಸಾಮಾನ್ಯ,Blasius M. D. Souza,Blasius ಎಂ. ಡಿ. Souza,INC,ಕಾಂಗ್ರೆಸ್ (INC),24494,44.4,Judith Mascarenhas,Judith Mascarenhas,JNP,ಜನತಾ ಪಕ್ಷ (JNP),15725,8769,#1f77b4
1985,143,Ullal,Ullal,ullal,ullal_assembly_constituency,nan,ಸಾಮಾನ್ಯ,B. M. Iddinabha,ಬಿ. ಎಂ. Iddinabha,INC,ಕಾಂಗ್ರೆಸ್ (INC),26184,45.8,P. Ramachandra Rao,ಪಿ. Ramachandra ರಾವ್,CPM,ಸಿಪಿಎಂ (CPM),17157,9027,#1f77b4
1985,144,Surathkal,Surathkal,surathkal,surathkal_assembly_constituency,nan,ಸಾಮಾನ್ಯ,N. M. Adyanthaya,ಎನ್. ಎಂ. Adyanthaya,INC,ಕಾಂಗ್ರೆಸ್ (INC),31846,54.6,Lokayya Shetty,Lokayya Shetty,JNP,ಜನತಾ ಪಕ್ಷ (JNP),25745,6101,#1f77b4
1985,145,Kaup,ಕಾಪು,kaup,kaup_assembly_constituency,nan,ಸಾಮಾನ್ಯ,Vasantha V. Salian,Vasantha ವಿ. Salian,INC,ಕಾಂಗ್ರೆಸ್ (INC),27356,57.4,Bhaskar Shetty,Bhaskar Shetty,IND,ಪಕ್ಷೇತರ (IND),8494,18862,#1f77b4
1985,146,Udupi,ಉಡುಪಿ,udupi,udupi_assembly_constituency,nan,ಸಾಮಾನ್ಯ,M. Manorama Madhwaraj,ಎಂ. Manorama Madhwaraj,INC,ಕಾಂಗ್ರೆಸ್ (INC),38162,62.9,V. S. Acharya,ವಿ. ಎಸ್. Acharya,BJP,ಬಿಜೆಪಿ (BJP),22221,15941,#1f77b4
1985,147,Brahmavar,Brahmavar,brahmavar,brahmavar_assembly_constituency,nan,ಸಾಮಾನ್ಯ,Basavaraj,ಬಸವರಾಜ್,INC,ಕಾಂಗ್ರೆಸ್ (INC),34354,53.5,Jayaprakash Hegde,Jayaprakash ಹೆಗಡೆ,JNP,ಜನತಾ ಪಕ್ಷ (JNP),26776,7578,#1f77b4
1985,148,Coondapur,Coondapur,coondapur,coondapur_assembly_constituency,nan,ಸಾಮಾನ್ಯ,Pratapchandra Shetty,Pratapchandra Shetty,INC,ಕಾಂಗ್ರೆಸ್ (INC),38296,56.1,Appanna Hegde,Appanna ಹೆಗಡೆ,JNP,ಜನತಾ ಪಕ್ಷ (JNP),29638,8658,#1f77b4
1985,149,Baindur,Baindur,baindur,baindur_assembly_constituency,nan,ಸಾಮಾನ್ಯ,G. S. Achar,ಜಿ. ಎಸ್. Achar,INC,ಕಾಂಗ್ರೆಸ್ (INC),28393,48.8,Mani Gopal,Mani Gopal,JNP,ಜನತಾ ಪಕ್ಷ (JNP),27979,414,#1f77b4
1985,150,Karkala,ಕಾರ್ಕಳ,karkala,karkala_assembly_constituency,nan,ಸಾಮಾನ್ಯ,M. Veerappa Moily,ಎಂ. Veerappa Moily,INC,ಕಾಂಗ್ರೆಸ್ (INC),33330,53.2,M. K. Vijaya Kumar,ಎಂ. ಕೆ. Vijaya ಕುಮಾರ್,BJP,ಬಿಜೆಪಿ (BJP),28178,5152,#1f77b4
1985,151,Moodabidri,ಮೂಡಬಿದಿರೆ,moodabidri,moodabidri_assembly_constituency,nan,ಸಾಮಾನ್ಯ,Amarnath Shetty K.,Amarnath Shetty ಕೆ.,JNP,ಜನತಾ ಪಕ್ಷ (JNP),28683,50.7,K. Somappa Suvarna,ಕೆ. Somappa Suvarna,INC,ಕಾಂಗ್ರೆಸ್ (INC),27075,1608,#ff7f0e
1985,152,Sringeri,ಶೃಂಗೇರಿ,sringeri,sringeri_assembly_constituency,nan,ಸಾಮಾನ್ಯ,H. G. Govindegowda,ಎಚ್. ಜಿ. Govindegowda,JNP,ಜನತಾ ಪಕ್ಷ (JNP),30529,46.3,U. K. Shamanna,ಯು. ಕೆ. Shamanna,INC,ಕಾಂಗ್ರೆಸ್ (INC),30446,83,#ff7f0e
1985,153,Mudigere,ಮೂಡಿಗೆರೆ,mudigere,mudigere_assembly_constituency,SC,ಪರಿಶಿಷ್ಟ ಜಾತಿ (SC),B. B. Ningaiah,ಬಿ. ಬಿ. Ningaiah,JNP,ಜನತಾ ಪಕ್ಷ (JNP),28600,49.1,Motamma,Motamma,INC,ಕಾಂಗ್ರೆಸ್ (INC),28567,33,#ff7f0e
1985,154,Chikmagalur,ಚಿಕ್ಕಮಗಳೂರು,chikmagalur,chikmagalur_assembly_constituency,nan,ಸಾಮಾನ್ಯ,B. Shankara,ಬಿ. Shankara,IND,ಪಕ್ಷೇತರ (IND),26288,42.4,C. R. sageer Ahamed,ಸಿ. ಆರ್. Sageer Ahamed,INC,ಕಾಂಗ್ರೆಸ್ (INC),22938,3350,#7f7f7f
1985,155,Birur,Birur,birur,birur_assembly_constituency,nan,ಸಾಮಾನ್ಯ,S. R. Lakshmaiah,ಎಸ್. ಆರ್. Lakshmaiah,JNP,ಜನತಾ ಪಕ್ಷ (JNP),31405,51.2,K. S. Mallikarjuna,ಕೆ. ಎಸ್. Mallikarjuna,INC,ಕಾಂಗ್ರೆಸ್ (INC),28614,2791,#ff7f0e
1985,156,Kadur,ಕಡೂರು,kadur,kadur_assembly_constituency,nan,ಸಾಮಾನ್ಯ,P. B. Onkaramurthy,ಪಿ. ಬಿ. Onkaramurthy,IND,ಪಕ್ಷೇತರ (IND),25745,40.3,K. M. Krishnamurthy,ಕೆ. ಎಂ. Krishnamurthy,JNP,ಜನತಾ ಪಕ್ಷ (JNP),25622,123,#7f7f7f
1985,157,Tarikere,ತಾರೀಕೆರೆ,tarikere,tarikere_assembly_constituency,nan,ಸಾಮಾನ್ಯ,B. R. Neelakantappa,ಬಿ. ಆರ್. Neelakantappa,JNP,ಜನತಾ ಪಕ್ಷ (JNP),40137,54.1,S. M. Nagrajappa,ಎಸ್. ಎಂ. Nagrajappa,INC,ಕಾಂಗ್ರೆಸ್ (INC),33367,6770,#ff7f0e
1985,158,Channagiri,ಚನ್ನಗಿರಿ,channagiri,channagiri_assembly_constituency,nan,ಸಾಮಾನ್ಯ,J. H. Patel,ಜೆ. ಎಚ್. Patel,JNP,ಜನತಾ ಪಕ್ಷ (JNP),35204,49.8,N. G. Halappa,ಎನ್. ಜಿ. Halappa,INC,ಕಾಂಗ್ರೆಸ್ (INC),32224,2980,#ff7f0e
1985,159,Holehonnur,Holehonnur,holehonnur,holehonnur_assembly_constituency,SC,ಪರಿಶಿಷ್ಟ ಜಾತಿ (SC),Basvannappa,Basvannappa,JNP,ಜನತಾ ಪಕ್ಷ (JNP),33036,50.0,Kariyanna,Kariyanna,INC,ಕಾಂಗ್ರೆಸ್ (INC),30388,2648,#ff7f0e
1985,160,Bhadravathi,Bhadravathi,bhadravathi,bhadravathi_assembly_constituency,nan,ಸಾಮಾನ್ಯ,Salera S. Siddappa,Salera ಎಸ್. Siddappa,IND,ಪಕ್ಷೇತರ (IND),31540,42.9,S. Isamiya,ಎಸ್. Isamiya,INC,ಕಾಂಗ್ರೆಸ್ (INC),29450,2090,#7f7f7f
1985,161,Honnali,ಹೊನ್ನಾಳಿ,honnali,honnali_assembly_constituency,nan,ಸಾಮಾನ್ಯ,D. G. Basawana,ಡಿ. ಜಿ. Basawana,JNP,ಜನತಾ ಪಕ್ಷ (JNP),54076,59.9,H. B. Krishna Murthy,ಎಚ್. ಬಿ. Krishna Murthy,INC,ಕಾಂಗ್ರೆಸ್ (INC),34399,19677,#ff7f0e
1985,162,Shimoga,ಶಿವಮೊಗ್ಗ,shimoga,shimoga_assembly_constituency,nan,ಸಾಮಾನ್ಯ,K. H. Srinivassa,ಕೆ. ಎಚ್. Srinivassa,INC,ಕಾಂಗ್ರೆಸ್ (INC),31472,40.0,G. Madappa,ಜಿ. Madappa,JNP,ಜನತಾ ಪಕ್ಷ (JNP),21650,9822,#1f77b4
1985,163,Tirthahalli,ತೀರ್ಥಹಳ್ಳಿ,tirthahalli,tirthahalli_assembly_constituency,nan,ಸಾಮಾನ್ಯ,Patamakki Rathnakara,Patamakki Rathnakara,INC,ಕಾಂಗ್ರೆಸ್ (INC),29322,42.8,D. B. Chandregowda,ಡಿ. ಬಿ. Chandregowda,JNP,ಜನತಾ ಪಕ್ಷ (JNP),29248,74,#1f77b4
1985,164,Hosanagar,Hosanagar,hosanagar,hosanagar_assembly_constituency,nan,ಸಾಮಾನ್ಯ,B. Swamyrao,ಬಿ. Swamyrao,INC,ಕಾಂಗ್ರೆಸ್ (INC),35155,50.0,G. Nanjundappa,ಜಿ. Nanjundappa,JNP,ಜನತಾ ಪಕ್ಷ (JNP),32694,2461,#1f77b4
1985,165,Sagar,ಸಾಗರ,sagar,sagar_assembly_constituency,nan,ಸಾಮಾನ್ಯ,B. Dharmappa,ಬಿ. Dharmappa,JNP,ಜನತಾ ಪಕ್ಷ (JNP),30558,49.7,L. T Thimmappa,ಎಲ್. ಟಿ. Thimmappa,INC,ಕಾಂಗ್ರೆಸ್ (INC),29008,1550,#ff7f0e
1985,166,Sorab,ಸೊರಬ,sorab,sorab_assembly_constituency,nan,ಸಾಮಾನ್ಯ,S. Bangarappa,ಎಸ್. Bangarappa,INC,ಕಾಂಗ್ರೆಸ್ (INC),38102,64.8,Prapulla Madhukar,Prapulla Madhukar,JNP,ಜನತಾ ಪಕ್ಷ (JNP),17491,20611,#1f77b4
1985,167,Shikaripura,ಶಿಕಾರಿಪುರ,shikaripura,shikaripura_assembly_constituency,nan,ಸಾಮಾನ್ಯ,B S Yeddyurappa,ಬಿ. ಎಸ್. Yeddyurappa,BJP,ಬಿಜೆಪಿ (BJP),39077,53.5,Mahadevana Gowdaru M. Patil,Mahadevana Gowdaru ಎಂ. ಪಾಟೀಲ್,INC,ಕಾಂಗ್ರೆಸ್ (INC),27522,11555,#ff7f0e
1985,168,Sirsi,ಶಿರಸಿ,sirsi,sirsi_assembly_constituency,nan,ಸಾಮಾನ್ಯ,Kannade Gopal Mukund,Kannade Gopal Mukund,INC,ಕಾಂಗ್ರೆಸ್ (INC),32414,46.2,Jaiwant Premanand Subraya,Jaiwant Premanand Subraya,JNP,ಜನತಾ ಪಕ್ಷ (JNP),30955,1459,#1f77b4
1985,169,Bhatkal,ಭಟ್ಕಳ,bhatkal,bhatkal_assembly_constituency,nan,ಸಾಮಾನ್ಯ,Rama Narayan naik,Rama Narayan ನಾಯಕ್,JNP,ಜನತಾ ಪಕ್ಷ (JNP),24621,43.1,Gouda Shambhu narayan,Gouda Shambhu Narayan,INC,ಕಾಂಗ್ರೆಸ್ (INC),13890,10731,#ff7f0e
1985,170,Kumta,ಕುಮಟಾ,kumta,kumta_assembly_constituency,nan,ಸಾಮಾನ್ಯ,Gouda Narayan Holiyappa,Gouda Narayan Holiyappa,JNP,ಜನತಾ ಪಕ್ಷ (JNP),30959,47.8,Nayak Honnappa Lakshman,Nayak Honnappa Lakshman,INC,ಕಾಂಗ್ರೆಸ್ (INC),22706,8253,#ff7f0e
1985,171,Ankola,Ankola,ankola,ankola_assembly_constituency,nan,ಸಾಮಾನ್ಯ,Ajjibal G. S. Hegde,Ajjibal ಜಿ. ಎಸ್. ಹೆಗಡೆ,JNP,ಜನತಾ ಪಕ್ಷ (JNP),31365,54.2,Hegde Ramakrishna Narayan,ಹೆಗಡೆ Ramakrishna Narayan,INC,ಕಾಂಗ್ರೆಸ್ (INC),22179,9186,#ff7f0e
1985,172,Karwar,ಕಾರವಾರ,karwar,karwar_assembly_constituency,nan,ಸಾಮಾನ್ಯ,Rane Prabhakar Sadashiv,Rane Prabhakar Sadashiv,INC,ಕಾಂಗ್ರೆಸ್ (INC),22867,45.0,Naik Mota Teku,ನಾಯಕ್ Mota Teku,JNP,ಜನತಾ ಪಕ್ಷ (JNP),18537,4330,#1f77b4
1985,173,Haliyal,ಹಳಿಯಾಳ,haliyal,haliyal_assembly_constituency,nan,ಸಾಮಾನ್ಯ,Deshpandey Raghunath Vishwanathrao,Deshpandey Raghunath Vishwanathrao,JNP,ಜನತಾ ಪಕ್ಷ (JNP),40983,52.3,Jamalpasha Ahmed Shaiah Bashasab,Jamalpasha Ahmed Shaiah Bashasab,INC,ಕಾಂಗ್ರೆಸ್ (INC),36274,4709,#ff7f0e
1985,174,Dharwad Rural,Dharwad Rural,dharwadrural,dharwad_rural_assembly_constituency,nan,ಸಾಮಾನ್ಯ,Desai Ayyappa Basavaraj,ದೇಸಾಯಿ Ayyappa ಬಸವರಾಜ್,JNP,ಜನತಾ ಪಕ್ಷ (JNP),35492,57.8,Pudakalakatti Channabasappa Virupaxappa,Pudakalakatti Channabasappa Virupaxappa,INC,ಕಾಂಗ್ರೆಸ್ (INC),25199,10293,#ff7f0e
1985,175,Dharwad,ಧಾರವಾಡ,dharwad,dharwad_assembly_constituency,nan,ಸಾಮಾನ್ಯ,Bellad Chandrakantha Gurappa,Bellad Chandrakantha Gurappa,IND,ಪಕ್ಷೇತರ (IND),15949,25.0,Charantimath Leelavati Rajashekharaiah,Charantimath Leelavati Rajashekharaiah,INC,ಕಾಂಗ್ರೆಸ್ (INC),14662,1287,#7f7f7f
1985,176,Hubli,Hubli,hubli,hubli_assembly_constituency,nan,ಸಾಮಾನ್ಯ,A. M. Hindasgri,ಎ. ಎಂ. Hindasgri,INC,ಕಾಂಗ್ರೆಸ್ (INC),35856,53.3,S. S. Shettar,ಎಸ್. ಎಸ್. ಶೆಟ್ಟರ್,BJP,ಬಿಜೆಪಿ (BJP),27610,8246,#1f77b4
1985,177,Hubli Rural,Hubli Rural,hublirural,hubli_rural_assembly_constituency,nan,ಸಾಮಾನ್ಯ,S. R. Bommai,ಎಸ್. ಆರ್. ಬೊಮ್ಮಾಯಿ,JNP,ಜನತಾ ಪಕ್ಷ (JNP),32175,42.4,Gopinath Rangaswamy Sandra,Gopinath Rangaswamy Sandra,INC,ಕಾಂಗ್ರೆಸ್ (INC),30687,1488,#ff7f0e
1985,178,Kalghatgi,ಕಲಘಟಗಿ,kalghatgi,kalghatgi_assembly_constituency,nan,ಸಾಮಾನ್ಯ,Shiddanagoudar Parvatagouda Chanaveragouda,Shiddanagoudar Parvatagouda Chanaveragouda,JNP,ಜನತಾ ಪಕ್ಷ (JNP),34211,56.5,Gurushantagouda Chennappagouda Patil,Gurushantagouda Chennappagouda ಪಾಟೀಲ್,INC,ಕಾಂಗ್ರೆಸ್ (INC),24631,9580,#ff7f0e
1985,179,Kundgol,ಕುಂದಗೋಳ,kundgol,kundgol_assembly_constituency,nan,ಸಾಮಾನ್ಯ,Uppin Basappa Andaneppa,Uppin Basappa Andaneppa,JNP,ಜನತಾ ಪಕ್ಷ (JNP),28038,43.8,Kubihal Veerappa Shekharappa,Kubihal Veerappa Shekharappa,INC,ಕಾಂಗ್ರೆಸ್ (INC),21578,6460,#ff7f0e
1985,180,Shiggaon,ಶಿಗ್ಗಾಂವಿ,shiggaon,shiggaon_assembly_constituency,nan,ಸಾಮಾನ್ಯ,Neelakanthagouda Veeranagouda Patil,Neelakanthagouda Veeranagouda ಪಾಟೀಲ್,IND,ಪಕ್ಷೇತರ (IND),35075,51.4,Nadaf Mahammadkhasimsah Mardansab,Nadaf Mahammadkhasimsah Mardansab,INC,ಕಾಂಗ್ರೆಸ್ (INC),20736,14339,#7f7f7f
1985,181,Hanagal,Hanagal,hanagal,hanagal_assembly_constituency,nan,ಸಾಮಾನ್ಯ,Udashi Chanabasappa Mahalingappa,Udashi Chanabasappa ಮಹಾಲಿಂಗಪ್ಪ,JNP,ಜನತಾ ಪಕ್ಷ (JNP),39264,51.2,Tahsildar Manohar Hanamantappa,Tahsildar Manohar Hanamantappa,INC,ಕಾಂಗ್ರೆಸ್ (INC),36205,3059,#ff7f0e
1985,182,Hirekerur,ಹಿರೇಕೆರೂರು,hirekerur,hirekerur_assembly_constituency,nan,ಸಾಮಾನ್ಯ,B. G. Banakar,ಬಿ. ಜಿ. Banakar,JNP,ಜನತಾ ಪಕ್ಷ (JNP),36164,52.2,D. M. Sali,ಡಿ. ಎಂ. Sali,INC,ಕಾಂಗ್ರೆಸ್ (INC),30645,5519,#ff7f0e
1985,183,Ranibennur,ರಾಣೆಬೆನ್ನೂರು,ranibennur,ranibennur_assembly_constituency,nan,ಸಾಮಾನ್ಯ,Koliwad Krishnappa Bheemappa,Koliwad Krishnappa Bheemappa,INC,ಕಾಂಗ್ರೆಸ್ (INC),33296,43.5,Patil Basanagouda Guranagouda,ಪಾಟೀಲ್ Basanagouda Guranagouda,JNP,ಜನತಾ ಪಕ್ಷ (JNP),32939,357,#1f77b4
1985,184,Byadgi,ಬ್ಯಾಡಗಿ,byadgi,byadgi_assembly_constituency,nan,ಸಾಮಾನ್ಯ,Beelagi Kallokappa Sabanna,Beelagi Kallokappa Sabanna,JNP,ಜನತಾ ಪಕ್ಷ (JNP),36694,57.8,Heggappa Deshappa Lamani,Heggappa Deshappa Lamani,INC,ಕಾಂಗ್ರೆಸ್ (INC),26187,10507,#ff7f0e
1985,185,Haveri,ಹಾವೇರಿ,haveri,haveri_assembly_constituency,SC,ಪರಿಶಿಷ್ಟ ಜಾತಿ (SC),Kalakoti CC,Kalakoti Cc,JNP,ಜನತಾ ಪಕ್ಷ (JNP),35564,49.7,Minaxi Girji,Minaxi Girji,INC,ಕಾಂಗ್ರೆಸ್ (INC),25628,9936,#ff7f0e
1985,186,Shirahatti,ಶಿರಹಟ್ಟಿ,shirahatti,shirahatti_assembly_constituency,SC,ಪರಿಶಿಷ್ಟ ಜಾತಿ (SC),Balikai Tippanna Basavanneppa,Balikai Tippanna Basavanneppa,JNP,ಜನತಾ ಪಕ್ಷ (JNP),24362,41.8,Patil Shankragouda Ninganagopuda,ಪಾಟೀಲ್ Shankragouda Ninganagopuda,INC,ಕಾಂಗ್ರೆಸ್ (INC),21568,2794,#ff7f0e
1985,187,Mundargi,Mundargi,mundargi,mundargi_assembly_constituency,nan,ಸಾಮಾನ್ಯ,Humbarawadi Nagappa Shivalingappa,Humbarawadi Nagappa ಶಿವಲಿಂಗಪ್ಪ,JNP,ಜನತಾ ಪಕ್ಷ (JNP),36764,60.6,Kuradgi Kuberappa,Kuradgi Kuberappa,INC,ಕಾಂಗ್ರೆಸ್ (INC),22023,14741,#ff7f0e
1985,188,Gadag,ಗದಗ,gadag,gadag_assembly_constituency,nan,ಸಾಮಾನ್ಯ,Patil Kristagouda Hanamantagouda,ಪಾಟೀಲ್ Kristagouda Hanamantagouda,INC,ಕಾಂಗ್ರೆಸ್ (INC),39226,53.2,Rotti Gangadharappa,Rotti Gangadharappa,JNP,ಜನತಾ ಪಕ್ಷ (JNP),33943,5283,#1f77b4
1985,189,Ron,ರೋಣ,ron,ron_assembly_constituency,nan,ಸಾಮಾನ್ಯ,Doddameti Jananadev Shivanagappa,Doddameti Jananadev Shivanagappa,JNP,ಜನತಾ ಪಕ್ಷ (JNP),33653,58.7,Patil Rudragouda Sanganagouda,ಪಾಟೀಲ್ Rudragouda Sanganagouda,INC,ಕಾಂಗ್ರೆಸ್ (INC),22911,10742,#ff7f0e
1985,190,Naragund,Naragund,naragund,naragund_assembly_constituency,nan,ಸಾಮಾನ್ಯ,B. R. Yavagal,ಬಿ. ಆರ್. Yavagal,JNP,ಜನತಾ ಪಕ್ಷ (JNP),36506,68.5,Katarki S.N.,Katarki ಎಸ್. ಎನ್.,INC,ಕಾಂಗ್ರೆಸ್ (INC),16234,20272,#ff7f0e
1985,191,Navalgund,ನವಲಗುಂದ,navalgund,navalgund_assembly_constituency,nan,ಸಾಮಾನ್ಯ,Kulkarni Mallappa Karaveerappa,Kulkarni Mallappa Karaveerappa,INC,ಕಾಂಗ್ರೆಸ್ (INC),23469,46.9,Chandrakant Kallannavar,Chandrakant Kallannavar,JNP,ಜನತಾ ಪಕ್ಷ (JNP),22997,472,#1f77b4
1985,192,Ramdurg,ರಾಮದುರ್ಗ,ramdurg,ramdurg_assembly_constituency,nan,ಸಾಮಾನ್ಯ,Hirareddi Basavantappa Basappa,Hirareddi Basavantappa Basappa,JNP,ಜನತಾ ಪಕ್ಷ (JNP),38425,56.4,Fakirappa Allappa,Fakirappa Allappa,INC,ಕಾಂಗ್ರೆಸ್ (INC),28364,10061,#ff7f0e
1985,193,Parasgad,Parasgad,parasgad,parasgad_assembly_constituency,nan,ಸಾಮಾನ್ಯ,Chandrashekhar Mallikarjun Mamani,ಚಂದ್ರಶೇಖರ್ ಮಲ್ಲಿಕಾರ್ಜುನ್ ಮಾಮನಿ,IND,ಪಕ್ಷೇತರ (IND),41095,58.0,Patil Ramanggoud Venkangoud,ಪಾಟೀಲ್ Ramanggoud Venkangoud,INC,ಕಾಂಗ್ರೆಸ್ (INC),27793,13302,#7f7f7f
1985,194,Bailhongal,ಬೈಲಹೊಂಗಲ,bailhongal,bailhongal_assembly_constituency,nan,ಸಾಮಾನ್ಯ,Koujalagi Shivananda Hemappa,Koujalagi Shivananda Hemappa,JNP,ಜನತಾ ಪಕ್ಷ (JNP),36544,58.6,Balekundargi Ramalingappa Chanabassappa,Balekundargi Ramalingappa Chanabassappa,INC,ಕಾಂಗ್ರೆಸ್ (INC),25766,10778,#ff7f0e
1985,195,Kittur,ಕಿತ್ತೂರು,kittur,kittur_assembly_constituency,nan,ಸಾಮಾನ್ಯ,Inamdar Danappagouda Basabgouda,Inamdar Danappagouda Basabgouda,JNP,ಜನತಾ ಪಕ್ಷ (JNP),34921,51.3,Doddadouder Basavantaray Basalingappa,Doddadouder Basavantaray Basalingappa,INC,ಕಾಂಗ್ರೆಸ್ (INC),31138,3783,#ff7f0e
1985,196,Khanapur,ಖಾನಾಪುರ,khanapur,khanapur_assembly_constituency,nan,ಸಾಮಾನ್ಯ,Patil Vasantrao Parashram,ಪಾಟೀಲ್ Vasantrao Parashram,IND,ಪಕ್ಷೇತರ (IND),31298,53.8,Kalal Ramachandra Narasappa,Kalal Ramachandra Narasappa,INC,ಕಾಂಗ್ರೆಸ್ (INC),15393,15905,#7f7f7f
1985,197,Belgaum,Belgaum,belgaum,belgaum_assembly_constituency,nan,ಸಾಮಾನ್ಯ,Mane Rajabhau Shankarrao,Mane Rajabhau Shankarrao,IND,ಪಕ್ಷೇತರ (IND),32401,49.3,Kakatkar Shivajirao Yallappa,Kakatkar Shivajirao Yallappa,INC,ಕಾಂಗ್ರೆಸ್ (INC),21477,10924,#7f7f7f
1985,198,Uchagaon,Uchagaon,uchagaon,uchagaon_assembly_constituency,nan,ಸಾಮಾನ್ಯ,Patil Basawant Iroji,ಪಾಟೀಲ್ Basawant Iroji,IND,ಪಕ್ಷೇತರ (IND),35884,57.2,Kutre Yellappa Kummanna,Kutre Yellappa Kummanna,INC,ಕಾಂಗ್ರೆಸ್ (INC),20637,15247,#7f7f7f
1985,199,Bagewadi,Bagewadi,bagewadi,bagewadi_assembly_constituency,nan,ಸಾಮಾನ್ಯ,Malagi Shivaputrappa Chanab asappa,Malagi Shivaputrappa Chanab Asappa,JNP,ಜನತಾ ಪಕ್ಷ (JNP),21553,35.1,Astekar Govind Laxman,Astekar Govind ಲಕ್ಷ್ಮಣ್,IND,ಪಕ್ಷೇತರ (IND),20319,1234,#ff7f0e
1985,200,Gokak,ಗೋಕಾಕ್,gokak,gokak_assembly_constituency,nan,ಸಾಮಾನ್ಯ,Muttennavar mallappa Laxman,Muttennavar Mallappa ಲಕ್ಷ್ಮಣ್,JNP,ಜನತಾ ಪಕ್ಷ (JNP),33806,52.0,Jarkiholi Ramappa laxman,ಜಾರಕಿಹೊಳಿ Ramappa ಲಕ್ಷ್ಮಣ್,INC,ಕಾಂಗ್ರೆಸ್ (INC),29537,4269,#ff7f0e
1985,201,Arabhavi,ಅರಭಾವಿ,arabhavi,arabhavi_assembly_constituency,nan,ಸಾಮಾನ್ಯ,R. M. Patil,ಆರ್. ಎಂ. ಪಾಟೀಲ್,JNP,ಜನತಾ ಪಕ್ಷ (JNP),27503,39.2,Koujalgi Veeranna Shivalingappa,Koujalgi Veeranna ಶಿವಲಿಂಗಪ್ಪ,IND,ಪಕ್ಷೇತರ (IND),21108,6395,#ff7f0e
1985,202,Hukkeri,ಹುಕ್ಕೇರಿ,hukkeri,hukkeri_assembly_constituency,nan,ಸಾಮಾನ್ಯ,Katti Vishwanath Mallappa,ಕತ್ತಿ Vishwanath Mallappa,JNP,ಜನತಾ ಪಕ್ಷ (JNP),32713,56.2,Patil Balagoud Goudappa,ಪಾಟೀಲ್ Balagoud Goudappa,INC,ಕಾಂಗ್ರೆಸ್ (INC),19936,12777,#ff7f0e
1985,203,Sankeshwar,Sankeshwar,sankeshwar,sankeshwar_assembly_constituency,nan,ಸಾಮಾನ್ಯ,Patil Malhargouda Shankargoud,ಪಾಟೀಲ್ Malhargouda Shankargoud,INC,ಕಾಂಗ್ರೆಸ್ (INC),31643,50.7,Karaguppi Prabhakar Shivamallappa,Karaguppi Prabhakar Shivamallappa,JNP,ಜನತಾ ಪಕ್ಷ (JNP),28627,3016,#1f77b4
1985,204,Nippani,ನಿಪ್ಪಾಣಿ,nippani,nippani_assembly_constituency,nan,ಸಾಮಾನ್ಯ,Patil Veerkumar Appaso,ಪಾಟೀಲ್ Veerkumar Appaso,INC,ಕಾಂಗ್ರೆಸ್ (INC),46242,74.6,Chavan Balwantrao Gopal,ಚವಾಣ್ Balwantrao Gopal,IND,ಪಕ್ಷೇತರ (IND),8052,38190,#1f77b4
1985,205,Sadalga,Sadalga,sadalga,sadalga_assembly_constituency,nan,ಸಾಮಾನ್ಯ,Magennavar Kallappa Parisa,Magennavar ಕಲ್ಲಪ್ಪ Parisa,JNP,ಜನತಾ ಪಕ್ಷ (JNP),36813,52.9,Kore Prabhakar Basaprabhu,Kore Prabhakar Basaprabhu,INC,ಕಾಂಗ್ರೆಸ್ (INC),32803,4010,#ff7f0e
1985,206,Chikkodi,ಚಿಕ್ಕೋಡಿ,chikkodi,chikkodi_assembly_constituency,SC,ಪರಿಶಿಷ್ಟ ಜಾತಿ (SC),Chaugule Shakuntala Tukaram,Chaugule Shakuntala Tukaram,JNP,ಜನತಾ ಪಕ್ಷ (JNP),32257,53.6,Karale Laxman Bhimrao,Karale ಲಕ್ಷ್ಮಣ್ Bhimrao,INC,ಕಾಂಗ್ರೆಸ್ (INC),26739,5518,#ff7f0e
1985,207,Raibag,Raibag,raibag,raibag_assembly_constituency,SC,ಪರಿಶಿಷ್ಟ ಜಾತಿ (SC),Ghevari Maruti Gangappa,Ghevari Maruti Gangappa,JNP,ಜನತಾ ಪಕ್ಷ (JNP),41597,51.8,Basanaik Shrimant Krishna,Basanaik Shrimant Krishna,INC,ಕಾಂಗ್ರೆಸ್ (INC),38706,2891,#ff7f0e
1985,208,Kagwad,ಕಾಗವಾಡ,kagwad,kagwad_assembly_constituency,nan,ಸಾಮಾನ್ಯ,Patil Vasanthrao Lakhagouda,ಪಾಟೀಲ್ Vasanthrao Lakhagouda,JNP,ಜನತಾ ಪಕ್ಷ (JNP),33707,53.6,Huddar Yashawant Bhramappa,Huddar Yashawant Bhramappa,INC,ಕಾಂಗ್ರೆಸ್ (INC),26099,7608,#ff7f0e
1985,209,Athani,ಅಥಣಿ,athani,athani_assembly_constituency,nan,ಸಾಮಾನ್ಯ,Leeladevi R. Prasad,Leeladevi ಆರ್. Prasad,JNP,ಜನತಾ ಪಕ್ಷ (JNP),36983,56.8,Yashwanthrao Amarsinh Bhojraj Pawar Desai,Yashwanthrao Amarsinh Bhojraj Pawar ದೇಸಾಯಿ,INC,ಕಾಂಗ್ರೆಸ್ (INC),27409,9574,#ff7f0e
1985,210,Jamkhandi,ಜಮಖಂಡಿ,jamkhandi,jamkhandi_assembly_constituency,nan,ಸಾಮಾನ್ಯ,Bagalkot Gurupad Shivappa,Bagalkot Gurupad Shivappa,JNP,ಜನತಾ ಪಕ್ಷ (JNP),44150,53.7,Nyamagouda Guralingappa Sangappa,Nyamagouda Guralingappa ಸಂಗ್ಲಪ್ಪ,INC,ಕಾಂಗ್ರೆಸ್ (INC),36998,7152,#ff7f0e
1985,211,Bilgi,Bilgi,bilgi,bilgi_assembly_constituency,nan,ಸಾಮಾನ್ಯ,Tungal Baburaddi Venkappa,Tungal Baburaddi Venkappa,JNP,ಜನತಾ ಪಕ್ಷ (JNP),32056,50.8,Patil Siddanagoud Somanagoud,ಪಾಟೀಲ್ Siddanagoud Somanagoud,INC,ಕಾಂಗ್ರೆಸ್ (INC),26711,5345,#ff7f0e
1985,212,Mudhol,ಮುಧೋಳ,mudhol,mudhol_assembly_constituency,SC,ಪರಿಶಿಷ್ಟ ಜಾತಿ (SC),Jamakhandi Bhimappa Gamgappa,Jamakhandi Bhimappa Gamgappa,JNP,ಜನತಾ ಪಕ್ಷ (JNP),40656,59.9,Kattimani Ashok Krishwaji,Kattimani Ashok Krishwaji,INC,ಕಾಂಗ್ರೆಸ್ (INC),25944,14712,#ff7f0e
1985,213,Bagalkot,ಬಾಗಲಕೋಟೆ,bagalkot,bagalkot_assembly_constituency,nan,ಸಾಮಾನ್ಯ,Mantur Goolappa Venkappa,Mantur Goolappa Venkappa,JNP,ಜನತಾ ಪಕ್ಷ (JNP),24557,41.3,Kanthi Rajashekhar Kidiyappa,Kanthi Rajashekhar Kidiyappa,INC,ಕಾಂಗ್ರೆಸ್ (INC),24373,184,#ff7f0e
1985,214,Badami,ಬಾದಾಮಿ,badami,badami_assembly_constituency,nan,ಸಾಮಾನ್ಯ,Desai Ravasaheb Tulasigerappa,ದೇಸಾಯಿ Ravasaheb Tulasigerappa,JNP,ಜನತಾ ಪಕ್ಷ (JNP),36701,59.1,Chimmankatti Balappa Bhimappa,Chimmankatti ಬಾಳಪ್ಪ Bhimappa,INC,ಕಾಂಗ್ರೆಸ್ (INC),22235,14466,#ff7f0e
1985,215,Guledgud,Guledgud,guledgud,guledgud_assembly_constituency,nan,ಸಾಮಾನ್ಯ,Nanjayyanamath Shankarayya Gadigeyya,Nanjayyanamath Shankarayya Gadigeyya,INC,ಕಾಂಗ್ರೆಸ್ (INC),27875,43.9,Hangaragi Veereyya Sangayya,Hangaragi Veereyya Sangayya,JNP,ಜನತಾ ಪಕ್ಷ (JNP),26202,1673,#1f77b4
1985,216,Hungund,ಹುನಗುಂದ,hungund,hungund_assembly_constituency,nan,ಸಾಮಾನ್ಯ,Kadapatti Shivsangappa Siddappa,Kadapatti Shivsangappa Siddappa,JNP,ಜನತಾ ಪಕ್ಷ (JNP),30762,52.3,Kashappanavar Shivshankrappa Rachappa,Kashappanavar Shivshankrappa Rachappa,INC,ಕಾಂಗ್ರೆಸ್ (INC),26745,4017,#ff7f0e
1985,217,Muddebihal,Muddebihal,muddebihal,muddebihal_assembly_constituency,nan,ಸಾಮಾನ್ಯ,Deshmukh Jagadevarao Sanganabajappa,Deshmukh Jagadevarao Sanganabajappa,JNP,ಜನತಾ ಪಕ್ಷ (JNP),35056,68.6,Jaggal Basavarao Gayanappa,Jaggal Basavarao Gayanappa,INC,ಕಾಂಗ್ರೆಸ್ (INC),16052,19004,#ff7f0e
1985,218,Huvin-Hippargi,Huvin Hippargi,huvinhippargi,huvinhippargi_assembly_constituency,nan,ಸಾಮಾನ್ಯ,Desai Shivaputrappa Madiwalappa,ದೇಸಾಯಿ Shivaputrappa Madiwalappa,JNP,ಜನತಾ ಪಕ್ಷ (JNP),31748,52.1,Patil Basanagouda Somangoud,ಪಾಟೀಲ್ Basanagouda Somangoud,INC,ಕಾಂಗ್ರೆಸ್ (INC),27949,3799,#ff7f0e
1985,219,Basavana Bagevadi,Basavana Bagevadi,basavanabagevadi,basavana_bagevadi_assembly_constituency,nan,ಸಾಮಾನ್ಯ,Patil Kumaragouda Adiveppagouda,ಪಾಟೀಲ್ Kumaragouda Adiveppagouda,JNP,ಜನತಾ ಪಕ್ಷ (JNP),29320,52.3,Patil Bimanagouda Thimmanagoud,ಪಾಟೀಲ್ Bimanagouda Thimmanagoud,INC,ಕಾಂಗ್ರೆಸ್ (INC),23744,5576,#ff7f0e
1985,220,Tikota,Tikota,tikota,tikota_assembly_constituency,nan,ಸಾಮಾನ್ಯ,Patil Basanagouda Mallangouda,ಪಾಟೀಲ್ Basanagouda Mallangouda,INC,ಕಾಂಗ್ರೆಸ್ (INC),26829,48.8,Patil Basangouda Rudragouda,ಪಾಟೀಲ್ Basangouda Rudragouda,JNP,ಜನತಾ ಪಕ್ಷ (JNP),25914,915,#1f77b4
1985,221,Bijapur,Bijapur,bijapur,bijapur_assembly_constituency,nan,ಸಾಮಾನ್ಯ,Mahiboobpatel Ladlipatel,Mahiboobpatel Ladlipatel,INC,ಕಾಂಗ್ರೆಸ್ (INC),29488,47.9,Indikar Gousmohiddin Mahammadsab,Indikar Gousmohiddin Mahammadsab,JNP,ಜನತಾ ಪಕ್ಷ (JNP),28693,795,#1f77b4
1985,222,Ballolli,Ballolli,ballolli,ballolli_assembly_constituency,SC,ಪರಿಶಿಷ್ಟ ಜಾತಿ (SC),Jigajinagi Ramesh Chandappa,Jigajinagi ರಮೇಶ್ Chandappa,JNP,ಜನತಾ ಪಕ್ಷ (JNP),32360,58.7,Kondaguli Dayanand Yallappa,Kondaguli Dayanand Yallappa,INC,ಕಾಂಗ್ರೆಸ್ (INC),21311,11049,#ff7f0e
1985,223,Indi,Indi,indi,indi_assembly_constituency,nan,ಸಾಮಾನ್ಯ,Khed Ningappa Siddappa,Khed Ningappa Siddappa,JNP,ಜನತಾ ಪಕ್ಷ (JNP),30349,54.2,Patil Bhimanagouda Rayanagouda,ಪಾಟೀಲ್ Bhimanagouda Rayanagouda,INC,ಕಾಂಗ್ರೆಸ್ (INC),23541,6808,#ff7f0e
1985,224,Sindgi,Sindgi,sindgi,sindgi_assembly_constituency,nan,ಸಾಮಾನ್ಯ,Biradar Mallanagouda Doulataraya,Biradar Mallanagouda Doulataraya,JNP,ಜನತಾ ಪಕ್ಷ (JNP),31483,61.6,Agasar Tippanna Mallappa,Agasar Tippanna Mallappa,INC,ಕಾಂಗ್ರೆಸ್ (INC),17564,13919,#ff7f0e
1983,1,Aurad,ಔರಾದ್,aurad,aurad_assembly_constituency,SC,ಪರಿಶಿಷ್ಟ ಜಾತಿ (SC),Manikrao Patil,Manikrao ಪಾಟೀಲ್,INC,ಕಾಂಗ್ರೆಸ್ (INC),28218,42.9,Baburao Patil,Baburao ಪಾಟೀಲ್,IND,ಪಕ್ಷೇತರ (IND),21620,6598,#1f77b4
1983,2,Bhalki,ಭಾಲ್ಕಿ,bhalki,bhalki_assembly_constituency,nan,ಸಾಮಾನ್ಯ,Bhimanna Khandre,Bhimanna Khandre,INC,ಕಾಂಗ್ರೆಸ್ (INC),32239,61.3,Baburao Gorchin Cholik,Baburao Gorchin Cholik,JNP,ಜನತಾ ಪಕ್ಷ (JNP),20342,11897,#1f77b4
1983,3,Hulsoor,Hulsoor,hulsoor,hulsoor_assembly_constituency,SC,ಪರಿಶಿಷ್ಟ ಜಾತಿ (SC),Ramchander Veerappa,Ramchander Veerappa,INC,ಕಾಂಗ್ರೆಸ್ (INC),17847,49.2,Jairaj Chature,Jairaj Chature,JNP,ಜನತಾ ಪಕ್ಷ (JNP),12216,5631,#1f77b4
1983,4,Bidar,ಬೀದರ್,bidar,bidar_assembly_constituency,nan,ಸಾಮಾನ್ಯ,Narayana Rao Manahalli,Narayana ರಾವ್ Manahalli,BJP,ಬಿಜೆಪಿ (BJP),27756,48.9,Mohsin Kamal,Mohsin Kamal,IND,ಪಕ್ಷೇತರ (IND),21602,6154,#ff7f0e
1983,5,Humnabad,ಹುಮ್ನಾಬಾದ್,humnabad,humnabad_assembly_constituency,nan,ಸಾಮಾನ್ಯ,Baswaraj Havgeppa Patil,Baswaraj Havgeppa ಪಾಟೀಲ್,INC,ಕಾಂಗ್ರೆಸ್ (INC),26528,53.7,Manik Rao,Manik ರಾವ್,BJP,ಬಿಜೆಪಿ (BJP),14611,11917,#1f77b4
1983,6,Basavakalyan,ಬಸವಕಲ್ಯಾಣ,basavakalyan,basavakalyan_assembly_constituency,nan,ಸಾಮಾನ್ಯ,Basawaraj Shankarappa Patil,Basawaraj Shankarappa ಪಾಟೀಲ್,JNP,ಜನತಾ ಪಕ್ಷ (JNP),27494,44.4,Nawab S. M. Kamaluddin,Nawab ಎಸ್. ಎಂ. Kamaluddin,IND,ಪಕ್ಷೇತರ (IND),14144,13350,#ff7f0e
1983,7,Chincholi,ಚಿಂಚೋಳಿ,chincholi,chincholi_assembly_constituency,SC,ಪರಿಶಿಷ್ಟ ಜಾತಿ (SC),Devendrappa Ghalappa Jamadar,Devendrappa Ghalappa Jamadar,INC,ಕಾಂಗ್ರೆಸ್ (INC),19513,38.6,Vaijnath Sangappa Patil,Vaijnath ಸಂಗ್ಲಪ್ಪ ಪಾಟೀಲ್,JNP,ಜನತಾ ಪಕ್ಷ (JNP),19425,88,#1f77b4
1983,8,Kamalapur,Kamalapur,kamalapur,kamalapur_assembly_constituency,SC,ಪರಿಶಿಷ್ಟ ಜಾತಿ (SC),Govind P. Vadeyraj,Govind ಪಿ. Vadeyraj,INC,ಕಾಂಗ್ರೆಸ್ (INC),18830,48.7,Shamarao Pyati,Shamarao Pyati,JNP,ಜನತಾ ಪಕ್ಷ (JNP),13713,5117,#1f77b4
1983,9,Alland,ಆಳಂದ,alland,alland_assembly_constituency,nan,ಸಾಮಾನ್ಯ,B. R. Patil,ಬಿ. ಆರ್. ಪಾಟೀಲ್,JNP,ಜನತಾ ಪಕ್ಷ (JNP),19507,44.9,B. B. Patil Okaly,ಬಿ. ಬಿ. ಪಾಟೀಲ್ Okaly,INC,ಕಾಂಗ್ರೆಸ್ (INC),16163,3344,#ff7f0e
1983,10,Gulbarga,Gulbarga,gulbarga,gulbarga_assembly_constituency,nan,ಸಾಮಾನ್ಯ,S. K. Kanta,ಎಸ್. ಕೆ. Kanta,JNP,ಜನತಾ ಪಕ್ಷ (JNP),25503,36.8,Quamarul Islam Noorul Islam,Quamarul Islam Noorul Islam,IND,ಪಕ್ಷೇತರ (IND),23515,1988,#ff7f0e
1983,11,Shahabad,Shahabad,shahabad,shahabad_assembly_constituency,SC,ಪರಿಶಿಷ್ಟ ಜಾತಿ (SC),K. B. Sharanappa Bhimsha,ಕೆ. ಬಿ. Sharanappa Bhimsha,CPI,ಸಿಪಿಐ (CPI),16888,44.6,Narsing Rao Jadhav,Narsing ರಾವ್ Jadhav,INC,ಕಾಂಗ್ರೆಸ್ (INC),16590,298,#de2d26
1983,12,Afzalpur,ಅಫ್ಜಲ್ ಪುರ,afzalpur,afzalpur_assembly_constituency,nan,ಸಾಮಾನ್ಯ,Hanamanth Rao Desai,Hanamanth ರಾವ್ ದೇಸಾಯಿ,JNP,ಜನತಾ ಪಕ್ಷ (JNP),24648,49.0,M. Y. Patil,ಎಂ. ವೈ. ಪಾಟೀಲ್,INC,ಕಾಂಗ್ರೆಸ್ (INC),19390,5258,#ff7f0e
1983,13,Chittapur,Chittapur,chittapur,chittapur_assembly_constituency,SC,ಪರಿಶಿಷ್ಟ ಜಾತಿ (SC),Vishwanath Patil Hebbal,Vishwanath ಪಾಟೀಲ್ Hebbal,JNP,ಜನತಾ ಪಕ್ಷ (JNP),22096,56.1,Prabhaker Raghavendrarao,Prabhaker Raghavendrarao,INC,ಕಾಂಗ್ರೆಸ್ (INC),12911,9185,#ff7f0e
1983,14,Sedam,ಸೇಡಂ,sedam,sedam_assembly_constituency,nan,ಸಾಮಾನ್ಯ,Nagareddy Patil Sedam,Nagareddy ಪಾಟೀಲ್ Sedam,BJP,ಬಿಜೆಪಿ (BJP),20800,46.1,Sher Khansab Tafjul Hussain Khan,Sher Khansab Tafjul Hussain Khan,INC,ಕಾಂಗ್ರೆಸ್ (INC),18757,2043,#ff7f0e
1983,15,Jewargi,ಜೇವರ್ಗಿ,jewargi,jewargi_assembly_constituency,nan,ಸಾಮಾನ್ಯ,Dharamsingh,Dharamsingh,INC,ಕಾಂಗ್ರೆಸ್ (INC),26643,54.3,Hanumantharaya Revansiddappa,Hanumantharaya Revansiddappa,JNP,ಜನತಾ ಪಕ್ಷ (JNP),16781,9862,#1f77b4
1983,16,Gurmitkal,ಗುರಮಿಟ್ಕಲ್,gurmitkal,gurmitkal_assembly_constituency,nan,ಸಾಮಾನ್ಯ,Malikarjun Khagre,Malikarjun Khagre,INC,ಕಾಂಗ್ರೆಸ್ (INC),30933,67.7,B. S. Gajanana,ಬಿ. ಎಸ್. Gajanana,JNP,ಜನತಾ ಪಕ್ಷ (JNP),14790,16143,#1f77b4
1983,17,Yadgir,ಯಾದಗಿರಿ,yadgir,yadgir_assembly_constituency,nan,ಸಾಮಾನ್ಯ,Vishwanath Reddy,Vishwanath ರೆಡ್ಡಿ,JNP,ಜನತಾ ಪಕ್ಷ (JNP),25606,55.4,Ishwar Chander Lingappa Kollur,Ishwar Chander Lingappa Kollur,INC,ಕಾಂಗ್ರೆಸ್ (INC),16904,8702,#ff7f0e
1983,18,Shahapur,ಶಹಾಪುರ,shahapur,shahapur_assembly_constituency,nan,ಸಾಮಾನ್ಯ,Bapugouda,Bapugouda,JNP,ಜನತಾ ಪಕ್ಷ (JNP),31089,56.9,Shivanna Sawoor,ಶಿವಣ್ಣ Sawoor,INC,ಕಾಂಗ್ರೆಸ್ (INC),23583,7506,#ff7f0e
1983,19,Shorapur,ಶೋರಾಪುರ,shorapur,shorapur_assembly_constituency,ST,ಪರಿಶಿಷ್ಟ ಪಂಗಡ (ST),Madan Gopal Naik,Madan Gopal ನಾಯಕ್,INC,ಕಾಂಗ್ರೆಸ್ (INC),26062,54.0,Raja Pidda Naik,Raja Pidda ನಾಯಕ್,JNP,ಜನತಾ ಪಕ್ಷ (JNP),11177,14885,#1f77b4
1983,20,Devadurga,ದೇವದುರ್ಗ,devadurga,devadurga_assembly_constituency,ST,ಪರಿಶಿಷ್ಟ ಪಂಗಡ (ST),B. Shivanna,ಬಿ. ಶಿವಣ್ಣ,INC,ಕಾಂಗ್ರೆಸ್ (INC),17251,52.7,Yellappa Rangappa,Yellappa Rangappa,JNP,ಜನತಾ ಪಕ್ಷ (JNP),13708,3543,#1f77b4
1983,21,Raichur,ರಾಯಚೂರು,raichur,raichur_assembly_constituency,nan,ಸಾಮಾನ್ಯ,Sangameshwar Sardar,Sangameshwar Sardar,JNP,ಜನತಾ ಪಕ್ಷ (JNP),24777,53.5,M. Omer,ಎಂ. Omer,INC,ಕಾಂಗ್ರೆಸ್ (INC),20094,4683,#ff7f0e
1983,22,Kalmala,Kalmala,kalmala,kalmala_assembly_constituency,nan,ಸಾಮಾನ್ಯ,Sudhendra Rao Kasbe,Sudhendra ರಾವ್ Kasbe,INC,ಕಾಂಗ್ರೆಸ್ (INC),19519,48.2,Krishnamurthy,Krishnamurthy,JNP,ಜನತಾ ಪಕ್ಷ (JNP),16124,3395,#1f77b4
1983,23,Manvi,ಮಾನ್ವಿ,manvi,manvi_assembly_constituency,ST,ಪರಿಶಿಷ್ಟ ಪಂಗಡ (ST),Raja Amarappa Naik Raja Jadi Somalinga Naik,Raja Amarappa ನಾಯಕ್ Raja Jadi Somalinga ನಾಯಕ್,INC,ಕಾಂಗ್ರೆಸ್ (INC),22235,52.5,Shiva Shankar Gouda Amarappa Gouda,Shiva Shankar Gouda Amarappa Gouda,JNP,ಜನತಾ ಪಕ್ಷ (JNP),13635,8600,#1f77b4
1983,24,Lingsugur,Lingsugur,lingsugur,lingsugur_assembly_constituency,SC,ಪರಿಶಿಷ್ಟ ಜಾತಿ (SC),A. Basavaraj Patil Anwari,ಎ. ಬಸವರಾಜ್ ಪಾಟೀಲ್ Anwari,INC,ಕಾಂಗ್ರೆಸ್ (INC),31034,70.0,Ranghavendra Rao D. k. Jagannath,Ranghavendra ರಾವ್ ಡಿ. ಕೆ. Jagannath,BJP,ಬಿಜೆಪಿ (BJP),13321,17713,#1f77b4
1983,25,Sindhnoor,Sindhnoor,sindhnoor,sindhnoor_assembly_constituency,nan,ಸಾಮಾನ್ಯ,Mal.lappa,Mal Lappa,IND,ಪಕ್ಷೇತರ (IND),27942,49.4,Narayanappa,Narayanappa,INC,ಕಾಂಗ್ರೆಸ್ (INC),25596,2346,#7f7f7f
1983,26,Kushtagi,ಕುಷ್ಟಗಿ,kushtagi,kushtagi_assembly_constituency,nan,ಸಾಮಾನ್ಯ,Hanume Gowad Shekhargounda,Hanume Gowad Shekhargounda,INC,ಕಾಂಗ್ರೆಸ್ (INC),24955,60.1,Turkani Sharbhendra Veerappa,Turkani Sharbhendra Veerappa,BJP,ಬಿಜೆಪಿ (BJP),12426,12529,#1f77b4
1983,27,Yelburga,ಯಲಬುರ್ಗಾ,yelburga,yelburga_assembly_constituency,nan,ಸಾಮಾನ್ಯ,Lingaraj Shivashankara Rao Desai,Lingaraj Shivashankara ರಾವ್ ದೇಸಾಯಿ,INC,ಕಾಂಗ್ರೆಸ್ (INC),23387,53.6,Shankar Rao Krishna Rao Deshpande,Shankar ರಾವ್ Krishna ರಾವ್ Deshpande,IND,ಪಕ್ಷೇತರ (IND),19339,4048,#1f77b4
1983,28,Kanakagiri,ಕನಕಗಿರಿ,kanakagiri,kanakagiri_assembly_constituency,SC,ಪರಿಶಿಷ್ಟ ಜಾತಿ (SC),Srirangadevarayalu Venkarayalu,Srirangadevarayalu Venkarayalu,INC,ಕಾಂಗ್ರೆಸ್ (INC),25992,79.1,Durgadas,Durgadas,IND,ಪಕ್ಷೇತರ (IND),5629,20363,#1f77b4
1983,29,Gangavathi,ಗಂಗಾವತಿ,gangavathi,gangavathi_assembly_constituency,nan,ಸಾಮಾನ್ಯ,H. S. Muralidhar,ಎಚ್. ಎಸ್. Muralidhar,IND,ಪಕ್ಷೇತರ (IND),24064,49.0,C. Yadawrao,ಸಿ. Yadawrao,INC,ಕಾಂಗ್ರೆಸ್ (INC),17108,6956,#7f7f7f
1983,30,Koppal,ಕೊಪ್ಪಳ,koppal,koppal_assembly_constituency,nan,ಸಾಮಾನ್ಯ,Mallikarajun Basappa Diwatar,Mallikarajun Basappa Diwatar,INC,ಕಾಂಗ್ರೆಸ್ (INC),28542,58.5,Shankargouda Singatalur,Shankargouda Singatalur,BJP,ಬಿಜೆಪಿ (BJP),20219,8323,#1f77b4
1983,31,Siruguppa,ಸಿರುಗುಪ್ಪ,siruguppa,siruguppa_assembly_constituency,ST,ಪರಿಶಿಷ್ಟ ಪಂಗಡ (ST),Sankarareddy,Sankarareddy,INC,ಕಾಂಗ್ರೆಸ್ (INC),43591,68.7,Kenchanaguddada Mallanna Gouda,Kenchanaguddada Mallanna Gouda,IND,ಪಕ್ಷೇತರ (IND),19062,24529,#1f77b4
1983,32,Kurugodu,Kurugodu,kurugodu,kurugodu_assembly_constituency,nan,ಸಾಮಾನ್ಯ,Naganagouda H.,Naganagouda ಎಚ್.,INC,ಕಾಂಗ್ರೆಸ್ (INC),22734,46.2,Rajashekharagouda N. alias Lokanaguoda,Rajashekharagouda ಎನ್. Alias Lokanaguoda,IND,ಪಕ್ಷೇತರ (IND),20575,2159,#1f77b4
1983,33,Bellary,ಬಳ್ಳಾರಿ,bellary,bellary_assembly_constituency,ST,ಪರಿಶಿಷ್ಟ ಪಂಗಡ (ST),M. Ramappa,ಎಂ. Ramappa,JNP,ಜನತಾ ಪಕ್ಷ (JNP),30350,50.1,Raja Saheb,Raja Saheb,INC,ಕಾಂಗ್ರೆಸ್ (INC),25876,4474,#ff7f0e
1983,34,Hospet,ಹೊಸಪೇಟೆ,hospet,hospet_assembly_constituency,nan,ಸಾಮಾನ್ಯ,G. Shankar Goud,ಜಿ. Shankar Goud,INC,ಕಾಂಗ್ರೆಸ್ (INC),29572,42.9,Gujjala Hanumanthappa,Gujjala Hanumanthappa,IND,ಪಕ್ಷೇತರ (IND),20381,9191,#1f77b4
1983,35,Sandur,ಸಂಡೂರು,sandur,sandur_assembly_constituency,ST,ಪರಿಶಿಷ್ಟ ಪಂಗಡ (ST),Heeroji V. S. Lad,Heeroji ವಿ. ಎಸ್. Lad,INC,ಕಾಂಗ್ರೆಸ್ (INC),30496,63.7,Aravind Malebennur,Aravind Malebennur,CPI,ಸಿಪಿಐ (CPI),17404,13092,#1f77b4
1983,36,Kudligi,ಕೂಡ್ಲಿಗಿ,kudligi,kudligi_assembly_constituency,ST,ಪರಿಶಿಷ್ಟ ಪಂಗಡ (ST),K. Channabasavana Gowd,ಕೆ. Channabasavana Gowd,JNP,ಜನತಾ ಪಕ್ಷ (JNP),24683,48.6,N. T. Bommanna,ಎನ್. ಟಿ. Bommanna,INC,ಕಾಂಗ್ರೆಸ್ (INC),24281,402,#ff7f0e
1983,37,Kottur,Kottur,kottur,kottur_assembly_constituency,nan,ಸಾಮಾನ್ಯ,B. S. Veerabhadrappa,ಬಿ. ಎಸ್. Veerabhadrappa,JNP,ಜನತಾ ಪಕ್ಷ (JNP),34439,61.8,M. M. J. Sadyoatha,ಎಂ. ಎಂ. ಜೆ. Sadyoatha,INC,ಕಾಂಗ್ರೆಸ್ (INC),20507,13932,#ff7f0e
1983,38,Hadagalli,ಹೂವಿನಹಡಗಲಿ,hadagalli,hadagalli_assembly_constituency,SC,ಪರಿಶಿಷ್ಟ ಜಾತಿ (SC),M. P. Prakash,ಎಂ. ಪಿ. ಪ್ರಕಾಶ್,JNP,ಜನತಾ ಪಕ್ಷ (JNP),36740,59.8,B. Lankeppa,ಬಿ. Lankeppa,INC,ಕಾಂಗ್ರೆಸ್ (INC),21719,15021,#ff7f0e
1983,39,Harapanahalli,ಹರಪನಹಳ್ಳಿ,harapanahalli,harapanahalli_assembly_constituency,nan,ಸಾಮಾನ್ಯ,B. H. Yanka Naik,ಬಿ. ಎಚ್. Yanka ನಾಯಕ್,INC,ಕಾಂಗ್ರೆಸ್ (INC),29249,56.6,D. Seelya Naik,ಡಿ. Seelya ನಾಯಕ್,JNP,ಜನತಾ ಪಕ್ಷ (JNP),15532,13717,#1f77b4
1983,40,Harihar,Harihar,harihar,harihar_assembly_constituency,nan,ಸಾಮಾನ್ಯ,K. Mallappa,ಕೆ. Mallappa,JNP,ಜನತಾ ಪಕ್ಷ (JNP),43196,58.2,H. Shivappa,ಎಚ್. Shivappa,INC,ಕಾಂಗ್ರೆಸ್ (INC),29309,13887,#ff7f0e
1983,41,Davangere,Davangere,davangere,davangere_assembly_constituency,nan,ಸಾಮಾನ್ಯ,Pampapathi,Pampapathi,CPI,ಸಿಪಿಐ (CPI),36507,48.2,H. Mohammed Iqbal Sab,ಎಚ್. Mohammed Iqbal Sab,IND,ಪಕ್ಷೇತರ (IND),17928,18579,#de2d26
1983,42,Mayakonda,ಮಾಯಾಕೊಂಡ,mayakonda,mayakonda_assembly_constituency,SC,ಪರಿಶಿಷ್ಟ ಜಾತಿ (SC),K. G. Maheshwarappa,ಕೆ. ಜಿ. Maheshwarappa,JNP,ಜನತಾ ಪಕ್ಷ (JNP),32113,51.4,H. D. Maheshwarappa,ಎಚ್. ಡಿ. Maheshwarappa,INC,ಕಾಂಗ್ರೆಸ್ (INC),25036,7077,#ff7f0e
1983,43,Bharamasagara,Bharamasagara,bharamasagara,bharamasagara_assembly_constituency,SC,ಪರಿಶಿಷ್ಟ ಜಾತಿ (SC),Shivamurthy K.,Shivamurthy ಕೆ.,JNP,ಜನತಾ ಪಕ್ಷ (JNP),35163,63.7,T. Chowdaiah,ಟಿ. Chowdaiah,INC,ಕಾಂಗ್ರೆಸ್ (INC),19540,15623,#ff7f0e
1983,44,Chitradurga,ಚಿತ್ರದುರ್ಗ,chitradurga,chitradurga_assembly_constituency,nan,ಸಾಮಾನ್ಯ,B. L. Gowda,ಬಿ. ಎಲ್. ಗೌಡ,JNP,ಜನತಾ ಪಕ್ಷ (JNP),33536,56.4,V. Masiyappa,ವಿ. Masiyappa,INC,ಕಾಂಗ್ರೆಸ್ (INC),17513,16023,#ff7f0e
1983,45,Jagalur,ಜಗಳೂರು,jagalur,jagalur_assembly_constituency,ST,ಪರಿಶಿಷ್ಟ ಪಂಗಡ (ST),G. H. Aswatha Reddy,ಜಿ. ಎಚ್. Aswatha ರೆಡ್ಡಿ,INC,ಕಾಂಗ್ರೆಸ್ (INC),37998,58.7,M. Basappa,ಎಂ. Basappa,JNP,ಜನತಾ ಪಕ್ಷ (JNP),24832,13166,#1f77b4
1983,46,Molakalmuru,ಮೊಳಕಾಲ್ಮೂರು,molakalmuru,molakalmuru_assembly_constituency,ST,ಪರಿಶಿಷ್ಟ ಪಂಗಡ (ST),N. G. Naik,ಎನ್. ಜಿ. ನಾಯಕ್,INC,ಕಾಂಗ್ರೆಸ್ (INC),27659,50.2,B. M. Thippeswamy,ಬಿ. ಎಂ. Thippeswamy,JNP,ಜನತಾ ಪಕ್ಷ (JNP),19220,8439,#1f77b4
1983,47,Challakere,ಚಳ್ಳಕೆರೆ,challakere,challakere_assembly_constituency,ST,ಪರಿಶಿಷ್ಟ ಪಂಗಡ (ST),H. C. Shivashankarappa,ಎಚ್. ಸಿ. Shivashankarappa,JNP,ಜನತಾ ಪಕ್ಷ (JNP),38146,65.2,B. K. Seetharamaiah,ಬಿ. ಕೆ. Seetharamaiah,INC,ಕಾಂಗ್ರೆಸ್ (INC),17149,20997,#ff7f0e
1983,48,Hiriyur,ಹಿರಿಯೂರು,hiriyur,hiriyur_assembly_constituency,nan,ಸಾಮಾನ್ಯ,K. H. Ranganath,ಕೆ. ಎಚ್. Ranganath,INC,ಕಾಂಗ್ರೆಸ್ (INC),31667,52.8,T. Thippanna,ಟಿ. Thippanna,JNP,ಜನತಾ ಪಕ್ಷ (JNP),27069,4598,#1f77b4
1983,49,Holalkere,ಹೊಳಲ್ಕೆರೆ,holalkere,holalkere_assembly_constituency,SC,ಪರಿಶಿಷ್ಟ ಜಾತಿ (SC),G. Shivalingappa,ಜಿ. ಶಿವಲಿಂಗಪ್ಪ,JNP,ಜನತಾ ಪಕ್ಷ (JNP),36050,55.4,M. B. Thippe Rudrappa,ಎಂ. ಬಿ. Thippe Rudrappa,INC,ಕಾಂಗ್ರೆಸ್ (INC),26637,9413,#ff7f0e
1983,50,Hosadurga,ಹೊಸದುರ್ಗ,hosadurga,hosadurga_assembly_constituency,nan,ಸಾಮಾನ್ಯ,G. Basappa,ಜಿ. Basappa,JNP,ಜನತಾ ಪಕ್ಷ (JNP),39877,57.1,M. V. Rudrappa,ಎಂ. ವಿ. Rudrappa,INC,ಕಾಂಗ್ರೆಸ್ (INC),27913,11964,#ff7f0e
1983,51,Pavagada,ಪಾವಗಡ,pavagada,pavagada_assembly_constituency,SC,ಪರಿಶಿಷ್ಟ ಜಾತಿ (SC),Ugranarasimhappa,Ugranarasimhappa,IND,ಪಕ್ಷೇತರ (IND),42274,60.7,Krishnamurthy K. B.,Krishnamurthy ಕೆ. ಬಿ.,INC,ಕಾಂಗ್ರೆಸ್ (INC),25285,16989,#7f7f7f
1983,52,Sira,ಸಿರಾ,sira,sira_assembly_constituency,nan,ಸಾಮಾನ್ಯ,Mudlegowda P.,Mudlegowda ಪಿ.,IND,ಪಕ್ಷೇತರ (IND),42015,69.8,Krishnaiah S. N.,Krishnaiah ಎಸ್. ಎನ್.,INC,ಕಾಂಗ್ರೆಸ್ (INC),14800,27215,#7f7f7f
1983,53,Kallambella,Kallambella,kallambella,kallambella_assembly_constituency,nan,ಸಾಮಾನ್ಯ,Ganganna B.,Ganganna ಬಿ.,JNP,ಜನತಾ ಪಕ್ಷ (JNP),30969,53.8,Jayachandra T. B.,Jayachandra ಟಿ. ಬಿ.,INC,ಕಾಂಗ್ರೆಸ್ (INC),24094,6875,#ff7f0e
1983,54,Bellavi,Bellavi,bellavi,bellavi_assembly_constituency,nan,ಸಾಮಾನ್ಯ,T. H. H. anumantharayappa,ಟಿ. ಎಚ್. ಎಚ್. Anumantharayappa,INC,ಕಾಂಗ್ರೆಸ್ (INC),29418,47.9,C. N. Bhaskarappa,ಸಿ. ಎನ್. Bhaskarappa,JNP,ಜನತಾ ಪಕ್ಷ (JNP),28410,1008,#1f77b4
1983,55,Madhugiri,ಮಧುಗಿರಿ,madhugiri,madhugiri_assembly_constituency,nan,ಸಾಮಾನ್ಯ,Rajavardhan,Rajavardhan,JNP,ಜನತಾ ಪಕ್ಷ (JNP),29159,47.9,Gangahanumaiah,Gangahanumaiah,INC,ಕಾಂಗ್ರೆಸ್ (INC),28483,676,#ff7f0e
1983,56,Koratagere,ಕೊರಟಗೆರೆ,koratagere,koratagere_assembly_constituency,SC,ಪರಿಶಿಷ್ಟ ಜಾತಿ (SC),Veeranna,Veeranna,JNP,ಜನತಾ ಪಕ್ಷ (JNP),37139,56.4,Mudduramaiah,Mudduramaiah,INC,ಕಾಂಗ್ರೆಸ್ (INC),24136,13003,#ff7f0e
1983,57,Tumkur,Tumkur,tumkur,tumkur_assembly_constituency,nan,ಸಾಮಾನ್ಯ,Lakshminarasimiah,Lakshminarasimiah,JNP,ಜನತಾ ಪಕ್ಷ (JNP),34689,54.1,S. Shafi Ahmed,ಎಸ್. Shafi Ahmed,INC,ಕಾಂಗ್ರೆಸ್ (INC),24159,10530,#ff7f0e
1983,58,Kunigal,ಕುಣಿಗಲ್,kunigal,kunigal_assembly_constituency,nan,ಸಾಮಾನ್ಯ,Y. K. ramaiah,ವೈ. ಕೆ. Ramaiah,JNP,ಜನತಾ ಪಕ್ಷ (JNP),37198,58.6,B. Rudraiah,ಬಿ. Rudraiah,INC,ಕಾಂಗ್ರೆಸ್ (INC),24799,12399,#ff7f0e
1983,59,Huliyurdurga,Huliyurdurga,huliyurdurga,huliyurdurga_assembly_constituency,nan,ಸಾಮಾನ್ಯ,H. Hutchamasthigowda,ಎಚ್. Hutchamasthigowda,IND,ಪಕ್ಷೇತರ (IND),21342,38.7,H. Boregowda,ಎಚ್. Boregowda,INC,ಕಾಂಗ್ರೆಸ್ (INC),16671,4671,#7f7f7f
1983,60,Gubbi,ಗುಬ್ಬಿ,gubbi,gubbi_assembly_constituency,nan,ಸಾಮಾನ್ಯ,S. Revanna,ಎಸ್. Revanna,JNP,ಜನತಾ ಪಕ್ಷ (JNP),29409,49.6,Gatti Chandrasekhar,Gatti Chandrasekhar,INC,ಕಾಂಗ್ರೆಸ್ (INC),20264,9145,#ff7f0e
1983,61,Turuvekere,ತುರುವೇಕೆರೆ,turuvekere,turuvekere_assembly_constituency,nan,ಸಾಮಾನ್ಯ,Bhyrappaji,Bhyrappaji,INC,ಕಾಂಗ್ರೆಸ್ (INC),33110,54.1,K. B. Ramakrishnaiah,ಕೆ. ಬಿ. Ramakrishnaiah,IND,ಪಕ್ಷೇತರ (IND),16423,16687,#1f77b4
1983,62,Tiptur,ತಿಪಟೂರು,tiptur,tiptur_assembly_constituency,nan,ಸಾಮಾನ್ಯ,S. P. Gangadharappa,ಎಸ್. ಪಿ. Gangadharappa,INC,ಕಾಂಗ್ರೆಸ್ (INC),32087,53.0,V. L. Sivappa,ವಿ. ಎಲ್. Sivappa,IND,ಪಕ್ಷೇತರ (IND),19064,13023,#1f77b4
1983,63,Chiknaikanahalli,Chiknaikanahalli,chiknaikanahalli,chiknaikanahalli_assembly_constituency,nan,ಸಾಮಾನ್ಯ,S. G.Ramalingaiah,ಎಸ್. ಜಿ. Ramalingaiah,BJP,ಬಿಜೆಪಿ (BJP),29614,51.0,N. Basavaiah,ಎನ್. Basavaiah,INC,ಕಾಂಗ್ರೆಸ್ (INC),26243,3371,#ff7f0e
1983,64,Gauribidanur,ಗೌರಿಬಿದನೂರು,gauribidanur,gauribidanur_assembly_constituency,nan,ಸಾಮಾನ್ಯ,R. N. Lakshmipathi,ಆರ್. ಎನ್. Lakshmipathi,JNP,ಜನತಾ ಪಕ್ಷ (JNP),34260,52.2,V. Krishna Rao,ವಿ. Krishna ರಾವ್,INC,ಕಾಂಗ್ರೆಸ್ (INC),30426,3834,#ff7f0e
1983,65,Chikballapur,Chikballapur,chikballapur,chikballapur_assembly_constituency,SC,ಪರಿಶಿಷ್ಟ ಜಾತಿ (SC),A. Muniyappa,ಎ. Muniyappa,IND,ಪಕ್ಷೇತರ (IND),40751,63.8,Renuka Rajendran,Renuka Rajendran,INC,ಕಾಂಗ್ರೆಸ್ (INC),21823,18928,#7f7f7f
1983,66,Sidlaghatta,ಶಿಡ್ಲಘಟ್ಟ,sidlaghatta,sidlaghatta_assembly_constituency,nan,ಸಾಮಾನ್ಯ,V. Muniyappa,ವಿ. Muniyappa,INC,ಕಾಂಗ್ರೆಸ್ (INC),34757,51.5,S. Munishamappa,ಎಸ್. Munishamappa,IND,ಪಕ್ಷೇತರ (IND),32244,2513,#1f77b4
1983,67,Bagepalli,ಬಾಗೇಪಲ್ಲಿ,bagepalli,bagepalli_assembly_constituency,nan,ಸಾಮಾನ್ಯ,A. V.Appaswamy Reddy,ಎ. ವಿ. Appaswamy ರೆಡ್ಡಿ,CPM,ಸಿಪಿಎಂ (CPM),35699,58.8,S. Muniraju,ಎಸ್. Muniraju,INC,ಕಾಂಗ್ರೆಸ್ (INC),24137,11562,#a50f15
1983,68,Chintamani,ಚಿಂತಾಮಣಿ,chintamani,chintamani_assembly_constituency,nan,ಸಾಮಾನ್ಯ,Chowda Reddy,Chowda ರೆಡ್ಡಿ,INC,ಕಾಂಗ್ರೆಸ್ (INC),39525,57.3,K. M. Krishna Reddy,ಕೆ. ಎಂ. Krishna ರೆಡ್ಡಿ,JNP,ಜನತಾ ಪಕ್ಷ (JNP),29395,10130,#1f77b4
1983,69,Srinivasapur,ಶ್ರೀನಿವಾಸಪುರ,srinivasapur,srinivasapur_assembly_constituency,nan,ಸಾಮಾನ್ಯ,G. K. Venkatashiva Reddy,ಜಿ. ಕೆ. Venkatashiva ರೆಡ್ಡಿ,INC,ಕಾಂಗ್ರೆಸ್ (INC),30031,49.3,Ramesh Kumar,ರಮೇಶ್ ಕುಮಾರ್,IND,ಪಕ್ಷೇತರ (IND),29389,642,#1f77b4
1983,70,Mulbagal,ಮುಳಬಾಗಿಲು,mulbagal,mulbagal_assembly_constituency,SC,ಪರಿಶಿಷ್ಟ ಜಾತಿ (SC),Beeregowda,Beeregowda,IND,ಪಕ್ಷೇತರ (IND),31862,45.9,J. M. Reddy,ಜೆ. ಎಂ. ರೆಡ್ಡಿ,INC,ಕಾಂಗ್ರೆಸ್ (INC),18091,13771,#7f7f7f
1983,71,Kolar Gold Fields,Kolar Gold Fields,kolargoldfields,kolar_gold_fields_assembly_constituency,SC,ಪರಿಶಿಷ್ಟ ಜಾತಿ (SC),M. Backthavachallam,ಎಂ. Backthavachallam,ADMK,ADMK,16234,35.9,T. S. Mani,ಟಿ. ಎಸ್. Mani,CPM,ಸಿಪಿಎಂ (CPM),14854,1380,#64748b
1983,72,Bethamangala,Bethamangala,bethamangala,bethamangala_assembly_constituency,SC,ಪರಿಶಿಷ್ಟ ಜಾತಿ (SC),C. Venkateshappa,ಸಿ. Venkateshappa,INC,ಕಾಂಗ್ರೆಸ್ (INC),20253,38.9,Lakshmamma Narayanaraju,Lakshmamma Narayanaraju,IND,ಪಕ್ಷೇತರ (IND),20152,101,#1f77b4
1983,73,Kolar,ಕೋಲಾರ,kolar,kolar_assembly_constituency,nan,ಸಾಮಾನ್ಯ,K. R. Srinivasaiah,ಕೆ. ಆರ್. Srinivasaiah,JNP,ಜನತಾ ಪಕ್ಷ (JNP),39005,64.9,Naseer Ahmed,Naseer Ahmed,INC,ಕಾಂಗ್ರೆಸ್ (INC),19250,19755,#ff7f0e
1983,74,Vemgal,Vemgal,vemgal,vemgal_assembly_constituency,nan,ಸಾಮಾನ್ಯ,Byregowda C.,Byregowda ಸಿ.,IND,ಪಕ್ಷೇತರ (IND),48061,71.9,Muniyappa K.,Muniyappa ಕೆ.,INC,ಕಾಂಗ್ರೆಸ್ (INC),14154,33907,#7f7f7f
1983,75,Malur,ಮಲೂರು,malur,malur_assembly_constituency,nan,ಸಾಮಾನ್ಯ,Nagaraju A.,Nagaraju ಎ.,INC,ಕಾಂಗ್ರೆಸ್ (INC),23371,43.1,Dyavarappa H. B.,Dyavarappa ಎಚ್. ಬಿ.,IND,ಪಕ್ಷೇತರ (IND),18235,5136,#1f77b4
1983,76,Malleshwaram,ಮಲ್ಲೇಶ್ವರಂ,malleshwaram,malleshwaram_assembly_constituency,nan,ಸಾಮಾನ್ಯ,P. Ramdev,ಪಿ. Ramdev,JNP,ಜನತಾ ಪಕ್ಷ (JNP),43083,66.0,K. V. Achar,ಕೆ. ವಿ. Achar,INC,ಕಾಂಗ್ರೆಸ್ (INC),14483,28600,#ff7f0e
1983,77,Rajajinagar,ರಾಜಾಜಿ ನಗರ,rajajinagar,rajajinagar_assembly_constituency,nan,ಸಾಮಾನ್ಯ,M. S. Krishnan,ಎಂ. ಎಸ್. Krishnan,CPI,ಸಿಪಿಐ (CPI),54467,54.9,H. D. Gangaraj,ಎಚ್. ಡಿ. Gangaraj,INC,ಕಾಂಗ್ರೆಸ್ (INC),18964,35503,#de2d26
1983,78,Gandhinagar,ಗಾಂಧಿ ನಗರ,gandhinagar,gandhinagar_assembly_constituency,nan,ಸಾಮಾನ್ಯ,M. S. Narayana Rao,ಎಂ. ಎಸ್. Narayana ರಾವ್,JNP,ಜನತಾ ಪಕ್ಷ (JNP),28604,54.7,Hariprasad B. k.,Hariprasad ಬಿ. ಕೆ.,INC,ಕಾಂಗ್ರೆಸ್ (INC),19511,9093,#ff7f0e
1983,79,Chickpet,ಚಿಕ್ಕಪೇಟೆ,chickpet,chickpet_assembly_constituency,nan,ಸಾಮಾನ್ಯ,A. Lakshmi Sagar,ಎ. ಲಕ್ಷ್ಮಿ Sagar,JNP,ಜನತಾ ಪಕ್ಷ (JNP),26113,57.1,M. V. Tiwary,ಎಂ. ವಿ. Tiwary,INC,ಕಾಂಗ್ರೆಸ್ (INC),14692,11421,#ff7f0e
1983,80,Binnypet,Binnypet,binnypet,binnypet_assembly_constituency,nan,ಸಾಮಾನ್ಯ,G. Narayan Kumar,ಜಿ. Narayan ಕುಮಾರ್,JNP,ಜನತಾ ಪಕ್ಷ (JNP),41291,45.3,I. P. D. Salappa,ಐ. ಪಿ. ಡಿ. Salappa,INC,ಕಾಂಗ್ರೆಸ್ (INC),17187,24104,#ff7f0e
1983,81,Chamarajapet,Chamarajapet,chamarajapet,chamarajapet_assembly_constituency,nan,ಸಾಮಾನ್ಯ,M. Obanna Raju,ಎಂ. Obanna ರಾಜು,JNP,ಜನತಾ ಪಕ್ಷ (JNP),17455,36.2,S. Pramila,ಎಸ್. Pramila,INC,ಕಾಂಗ್ರೆಸ್ (INC),9553,7902,#ff7f0e
1983,82,Basavanagudi,ಬಸವನಗುಡಿ,basavanagudi,basavanagudi_assembly_constituency,nan,ಸಾಮಾನ್ಯ,H. L. Thimme Gowda,ಎಚ್. ಎಲ್. Thimme ಗೌಡ,JNP,ಜನತಾ ಪಕ್ಷ (JNP),32567,45.3,S. B. Swethadri,ಎಸ್. ಬಿ. Swethadri,BJP,ಬಿಜೆಪಿ (BJP),21108,11459,#ff7f0e
1983,83,Jayanagar,ಜಯನಗರ,jayanagar,jayanagar_assembly_constituency,nan,ಸಾಮಾನ್ಯ,M. Chandrasekhar,ಎಂ. Chandrasekhar,JNP,ಜನತಾ ಪಕ್ಷ (JNP),37687,54.0,Mallur Ananda Rao,Mallur Ananda ರಾವ್,INC,ಕಾಂಗ್ರೆಸ್ (INC),19381,18306,#ff7f0e
1983,84,Shanthinagar,ಶಾಂತಿ ನಗರ,shanthinagar,shanthinagar_assembly_constituency,SC,ಪರಿಶಿಷ್ಟ ಜಾತಿ (SC),P. D. Govinda Raj,ಪಿ. ಡಿ. Govinda Raj,JNP,ಜನತಾ ಪಕ್ಷ (JNP),29404,59.9,P. K. Ranganathan,ಪಿ. ಕೆ. Ranganathan,INC,ಕಾಂಗ್ರೆಸ್ (INC),15142,14262,#ff7f0e
1983,85,Shivajinagar,ಶಿವಾಜಿನಗರ,shivajinagar,shivajinagar_assembly_constituency,nan,ಸಾಮಾನ್ಯ,M. Raghupathy,ಎಂ. Raghupathy,JNP,ಜನತಾ ಪಕ್ಷ (JNP),21319,54.8,C. M. Ibrahim,ಸಿ. ಎಂ. Ibrahim,INC,ಕಾಂಗ್ರೆಸ್ (INC),13792,7527,#ff7f0e
1983,86,Bharathinagar,Bharathinagar,bharathinagar,bharathinagar_assembly_constituency,nan,ಸಾಮಾನ್ಯ,Michael B. Fernandes,Michael ಬಿ. Fernandes,JNP,ಜನತಾ ಪಕ್ಷ (JNP),20369,40.5,K. J. George,ಕೆ. ಜೆ. George,INC,ಕಾಂಗ್ರೆಸ್ (INC),15285,5084,#ff7f0e
1983,87,Jayamahal,Jayamahal,jayamahal,jayamahal_assembly_constituency,nan,ಸಾಮಾನ್ಯ,Jeevaraj Alva,Jeevaraj Alva,JNP,ಜನತಾ ಪಕ್ಷ (JNP),35622,60.9,S. Hameed Shah,ಎಸ್. Hameed Shah,INC,ಕಾಂಗ್ರೆಸ್ (INC),19407,16215,#ff7f0e
1983,88,Yelahanka,ಯಲಹಂಕ,yelahanka,yelahanka_assembly_constituency,nan,ಸಾಮಾನ್ಯ,V. Sreenivasan,ವಿ. Sreenivasan,JNP,ಜನತಾ ಪಕ್ಷ (JNP),43851,56.0,B. Basavalingappa,ಬಿ. Basavalingappa,INC,ಕಾಂಗ್ರೆಸ್ (INC),31783,12068,#ff7f0e
1983,89,Uttarahalli,Uttarahalli,uttarahalli,uttarahalli_assembly_constituency,nan,ಸಾಮಾನ್ಯ,M. Srinivas,ಎಂ. ಶ್ರೀನಿವಾಸ್,JNP,ಜನತಾ ಪಕ್ಷ (JNP),52175,50.6,C. Narayana Reddy,ಸಿ. Narayana ರೆಡ್ಡಿ,INC,ಕಾಂಗ್ರೆಸ್ (INC),44018,8157,#ff7f0e
1983,90,Varthur,Varthur,varthur,varthur_assembly_constituency,nan,ಸಾಮಾನ್ಯ,S. Suryanarayana Rao,ಎಸ್. Suryanarayana ರಾವ್,CPM,ಸಿಪಿಎಂ (CPM),48344,59.1,B. V. Ramachandra Reddy,ಬಿ. ವಿ. Ramachandra ರೆಡ್ಡಿ,INC,ಕಾಂಗ್ರೆಸ್ (INC),28533,19811,#a50f15
1983,91,Kanakapura,ಕನಕಪುರ,kanakapura,kanakapura_assembly_constituency,nan,ಸಾಮಾನ್ಯ,P. G. R. Sindhia,ಪಿ. ಜಿ. ಆರ್. Sindhia,JNP,ಜನತಾ ಪಕ್ಷ (JNP),37467,58.5,C. Appaji,ಸಿ. Appaji,INC,ಕಾಂಗ್ರೆಸ್ (INC),24603,12864,#ff7f0e
1983,92,Sathanur,Sathanur,sathanur,sathanur_assembly_constituency,nan,ಸಾಮಾನ್ಯ,K. G. Srinivasa Murthy,ಕೆ. ಜಿ. ಶ್ರೀನಿವಾಸ Murthy,JNP,ಜನತಾ ಪಕ್ಷ (JNP),38723,61.6,V. C. Siyaramu,ವಿ. ಸಿ. Siyaramu,INC,ಕಾಂಗ್ರೆಸ್ (INC),21921,16802,#ff7f0e
1983,93,Channapatna,ಚನ್ನಪಟ್ಟಣ,channapatna,channapatna_assembly_constituency,nan,ಸಾಮಾನ್ಯ,M. Varade Gowda (Raju),ಎಂ. Varade ಗೌಡ ( ರಾಜು ),JNP,ಜನತಾ ಪಕ್ಷ (JNP),36910,52.2,T. V. Krishnappa,ಟಿ. ವಿ. Krishnappa,INC,ಕಾಂಗ್ರೆಸ್ (INC),31094,5816,#ff7f0e
1983,94,Ramanagaram,Ramanagaram,ramanagaram,ramanagaram_assembly_constituency,nan,ಸಾಮಾನ್ಯ,C. Boraiah,ಸಿ. Boraiah,JNP,ಜನತಾ ಪಕ್ಷ (JNP),45076,62.0,A. K. Abdul Samad,ಎ. ಕೆ. Abdul Samad,INC,ಕಾಂಗ್ರೆಸ್ (INC),26200,18876,#ff7f0e
1983,95,Magadi,ಮಾಗಡಿ,magadi,magadi_assembly_constituency,nan,ಸಾಮಾನ್ಯ,H. G. Channappa,ಎಚ್. ಜಿ. Channappa,INC,ಕಾಂಗ್ರೆಸ್ (INC),30947,47.7,T. A. Rangaiah,ಟಿ. ಎ. Rangaiah,JNP,ಜನತಾ ಪಕ್ಷ (JNP),29277,1670,#1f77b4
1983,96,Doddaballapur,ದೊಡ್ಡಬಳ್ಳಾಪುರ,doddaballapur,doddaballapur_assembly_constituency,nan,ಸಾಮಾನ್ಯ,Jalappa R. L.,Jalappa ಆರ್. ಎಲ್.,JNP,ಜನತಾ ಪಕ್ಷ (JNP),39896,56.0,Gurujappa K. C.,Gurujappa ಕೆ. ಸಿ.,INC,ಕಾಂಗ್ರೆಸ್ (INC),26316,13580,#ff7f0e
1983,97,Nelamangala,ನೆಲಮಂಗಲ,nelamangala,nelamangala_assembly_constituency,SC,ಪರಿಶಿಷ್ಟ ಜಾತಿ (SC),Sathyanarayana M. G.,Sathyanarayana ಎಂ. ಜಿ.,JNP,ಜನತಾ ಪಕ್ಷ (JNP),28185,56.1,Anjanamurthy,Anjanamurthy,INC,ಕಾಂಗ್ರೆಸ್ (INC),18769,9416,#ff7f0e
1983,98,Devanahalli,ದೇವನಹಳ್ಳಿ,devanahalli,devanahalli_assembly_constituency,SC,ಪರಿಶಿಷ್ಟ ಜಾತಿ (SC),Mariyappa A. M.,Mariyappa ಎ. ಎಂ.,JNP,ಜನತಾ ಪಕ್ಷ (JNP),37462,53.1,Venkatappa M.,Venkatappa ಎಂ.,INC,ಕಾಂಗ್ರೆಸ್ (INC),31991,5471,#ff7f0e
1983,99,Hosakote,ಹೊಸಕೋಟೆ,hosakote,hosakote_assembly_constituency,nan,ಸಾಮಾನ್ಯ,N. Chikke Gowda,ಎನ್. Chikke ಗೌಡ,INC,ಕಾಂಗ್ರೆಸ್ (INC),47822,61.1,S. N. Thabasappa,ಎಸ್. ಎನ್. Thabasappa,JNP,ಜನತಾ ಪಕ್ಷ (JNP),27425,20397,#1f77b4
1983,100,Anekal,ಆನೇಕಲ್,anekal,anekal_assembly_constituency,SC,ಪರಿಶಿಷ್ಟ ಜಾತಿ (SC),Y. Ramakrishna,ವೈ. Ramakrishna,INC,ಕಾಂಗ್ರೆಸ್ (INC),31021,47.3,B. Allallappa,ಬಿ. Allallappa,BJP,ಬಿಜೆಪಿ (BJP),24494,6527,#1f77b4
1983,101,Nagamangala,ನಾಗಮಂಗಲ,nagamangala,nagamangala_assembly_constituency,nan,ಸಾಮಾನ್ಯ,Chigarigowda,Chigarigowda,IND,ಪಕ್ಷೇತರ (IND),36966,59.0,H. T. Krishnappa,ಎಚ್. ಟಿ. Krishnappa,INC,ಕಾಂಗ್ರೆಸ್ (INC),15332,21634,#7f7f7f
1983,102,Maddur,ಮದ್ದೂರು,maddur,maddur_assembly_constituency,nan,ಸಾಮಾನ್ಯ,M. Manchegowda,ಎಂ. Manchegowda,INC,ಕಾಂಗ್ರೆಸ್ (INC),33600,51.0,T. Channegowda,ಟಿ. Channegowda,IND,ಪಕ್ಷೇತರ (IND),19758,13842,#1f77b4
1983,103,Kiragaval,Kiragaval,kiragaval,kiragaval_assembly_constituency,nan,ಸಾಮಾನ್ಯ,G. Madegowda,ಜಿ. Madegowda,INC,ಕಾಂಗ್ರೆಸ್ (INC),36310,55.9,Ramegowda,Ramegowda,JNP,ಜನತಾ ಪಕ್ಷ (JNP),25454,10856,#1f77b4
1983,104,Malavalli,ಮಳವಳ್ಳಿ,malavalli,malavalli_assembly_constituency,SC,ಪರಿಶಿಷ್ಟ ಜಾತಿ (SC),Somasekhar,Somasekhar,JNP,ಜನತಾ ಪಕ್ಷ (JNP),31966,51.5,M. Madaiah,ಎಂ. Madaiah,INC,ಕಾಂಗ್ರೆಸ್ (INC),25345,6621,#ff7f0e
1983,105,Mandya,ಮಂಡ್ಯ,mandya,mandya_assembly_constituency,nan,ಸಾಮಾನ್ಯ,B. Dodda Boregowda,ಬಿ. Dodda Boregowda,JNP,ಜನತಾ ಪಕ್ಷ (JNP),37984,57.7,Sadath Ali Khan,Sadath Ali Khan,INC,ಕಾಂಗ್ರೆಸ್ (INC),26335,11649,#ff7f0e
1983,106,Keragodu,Keragodu,keragodu,keragodu_assembly_constituency,nan,ಸಾಮಾನ್ಯ,H. D Chowdiah,ಎಚ್. ಡಿ. Chowdiah,INC,ಕಾಂಗ್ರೆಸ್ (INC),32483,54.6,K. V. Shankara Gowda,ಕೆ. ವಿ. Shankara ಗೌಡ,JNP,ಜನತಾ ಪಕ್ಷ (JNP),26966,5517,#1f77b4
1983,107,Srirangapatna,ಶ್ರೀರಂಗಪಟ್ಟಣ,srirangapatna,srirangapatna_assembly_constituency,nan,ಸಾಮಾನ್ಯ,A. S. Bandisiddegowda,ಎ. ಎಸ್. Bandisiddegowda,JNP,ಜನತಾ ಪಕ್ಷ (JNP),36634,57.8,M. Srinivas,ಎಂ. ಶ್ರೀನಿವಾಸ್,INC,ಕಾಂಗ್ರೆಸ್ (INC),25843,10791,#ff7f0e
1983,108,Pandavapura,Pandavapura,pandavapura,pandavapura_assembly_constituency,nan,ಸಾಮಾನ್ಯ,K. Kempegowda,ಕೆ. Kempegowda,JNP,ಜನತಾ ಪಕ್ಷ (JNP),29030,45.5,K. M. Kengegowda,ಕೆ. ಎಂ. Kengegowda,INC,ಕಾಂಗ್ರೆಸ್ (INC),22371,6659,#ff7f0e
1983,109,Krishnarajapete,Krishnarajapete,krishnarajapete,krishnarajapete_assembly_constituency,nan,ಸಾಮಾನ್ಯ,M. Puttaswamygowda,ಎಂ. Puttaswamygowda,INC,ಕಾಂಗ್ರೆಸ್ (INC),31499,51.8,Krishna,Krishna,JNP,ಜನತಾ ಪಕ್ಷ (JNP),25766,5733,#1f77b4
1983,110,Hanur,ಹನೂರು,hanur,hanur_assembly_constituency,nan,ಸಾಮಾನ್ಯ,K. P. Shantamurthy,ಕೆ. ಪಿ. Shantamurthy,INC,ಕಾಂಗ್ರೆಸ್ (INC),31357,45.9,G. Raju Gowda,ಜಿ. ರಾಜು ಗೌಡ,IND,ಪಕ್ಷೇತರ (IND),29951,1406,#1f77b4
1983,111,Kollegal,ಕೊಳ್ಳೇಗಾಲ,kollegal,kollegal_assembly_constituency,SC,ಪರಿಶಿಷ್ಟ ಜಾತಿ (SC),B. Basavaiah,ಬಿ. Basavaiah,JNP,ಜನತಾ ಪಕ್ಷ (JNP),28485,51.4,K. Shivasankaraiah,ಕೆ. Shivasankaraiah,INC,ಕಾಂಗ್ರೆಸ್ (INC),18779,9706,#ff7f0e
1983,112,Bannur,Bannur,bannur,bannur_assembly_constituency,nan,ಸಾಮಾನ್ಯ,Boraiah T. P.,Boraiah ಟಿ. ಪಿ.,IND,ಪಕ್ಷೇತರ (IND),30982,48.2,Madegowda K.,Madegowda ಕೆ.,INC,ಕಾಂಗ್ರೆಸ್ (INC),24957,6025,#7f7f7f
1983,113,T.Narasipur,ಟಿ. Narasipur,tnarasipur,tnarasipur_assembly_constituency,SC,ಪರಿಶಿಷ್ಟ ಜಾತಿ (SC),Vasudeva V.,Vasudeva ವಿ.,JNP,ಜನತಾ ಪಕ್ಷ (JNP),28817,53.1,Venkataramana P.,Venkataramana ಪಿ.,INC,ಕಾಂಗ್ರೆಸ್ (INC),18398,10419,#ff7f0e
1983,114,Krishnaraja,Krishnaraja,krishnaraja,krishnaraja_assembly_constituency,nan,ಸಾಮಾನ್ಯ,N. H. Gangadhara,ಎನ್. ಎಚ್. Gangadhara,BJP,ಬಿಜೆಪಿ (BJP),21163,48.9,T. V. Srinivasa Rao,ಟಿ. ವಿ. ಶ್ರೀನಿವಾಸ ರಾವ್,JNP,ಜನತಾ ಪಕ್ಷ (JNP),9116,12047,#ff7f0e
1983,115,Chamaraja,ಚಾಮರಾಜ,chamaraja,chamaraja_assembly_constituency,nan,ಸಾಮಾನ್ಯ,H. Kempegowda,ಎಚ್. Kempegowda,JNP,ಜನತಾ ಪಕ್ಷ (JNP),23967,48.4,Puttegowda,Puttegowda,BJP,ಬಿಜೆಪಿ (BJP),11932,12035,#ff7f0e
1983,116,Narasimharaja,ನರಸಿಂಹರಾಜ,narasimharaja,narasimharaja_assembly_constituency,nan,ಸಾಮಾನ್ಯ,Azeez Said,Azeez Said,JNP,ಜನತಾ ಪಕ್ಷ (JNP),26576,51.3,R. Q. Arshad,ಆರ್. ಕ್ಯೂ. Arshad,INC,ಕಾಂಗ್ರೆಸ್ (INC),17512,9064,#ff7f0e
1983,117,Chamundeswari,Chamundeswari,chamundeswari,chamundeswari_assembly_constituency,nan,ಸಾಮಾನ್ಯ,Siddaramaiah,ಸಿದ್ದರಾಮಯ್ಯ,IND,ಪಕ್ಷೇತರ (IND),26614,43.3,"Jayadevaraje Urs, D.",Jayadevaraje Urs ಡಿ.,INC,ಕಾಂಗ್ರೆಸ್ (INC),23110,3504,#7f7f7f
1983,118,Nanjangud,ನಂಜನಗೂಡು,nanjangud,nanjangud_assembly_constituency,SC,ಪರಿಶಿಷ್ಟ ಜಾತಿ (SC),M. Mahadev,ಎಂ. Mahadev,INC,ಕಾಂಗ್ರೆಸ್ (INC),19124,38.6,K. Narasegowda,ಕೆ. Narasegowda,JNP,ಜನತಾ ಪಕ್ಷ (JNP),19079,45,#1f77b4
1983,119,Santhemarahalli,Santhemarahalli,santhemarahalli,santhemarahalli_assembly_constituency,SC,ಪರಿಶಿಷ್ಟ ಜಾತಿ (SC),Rachaiah B.,Rachaiah ಬಿ.,JNP,ಜನತಾ ಪಕ್ಷ (JNP),30954,59.3,Shivanna M.,ಶಿವಣ್ಣ ಎಂ.,INC,ಕಾಂಗ್ರೆಸ್ (INC),17922,13032,#ff7f0e
1983,120,Chamarajanagar,ಚಾಮರಾಜನಗರ,chamarajanagar,chamarajanagar_assembly_constituency,nan,ಸಾಮಾನ್ಯ,S. Puttaswamy,ಎಸ್. Puttaswamy,INC,ಕಾಂಗ್ರೆಸ್ (INC),34607,47.5,Vatal Nagaraj,Vatal Nagaraj,IND,ಪಕ್ಷೇತರ (IND),28690,5917,#1f77b4
1983,121,Gundlupet,ಗುಂಡ್ಲುಪೇಟೆ,gundlupet,gundlupet_assembly_constituency,nan,ಸಾಮಾನ್ಯ,K. S. Nagarathanamma,ಕೆ. ಎಸ್. Nagarathanamma,INC,ಕಾಂಗ್ರೆಸ್ (INC),44085,62.5,H. N. Srikanta Setty,ಎಚ್. ಎನ್. Srikanta Setty,JNP,ಜನತಾ ಪಕ್ಷ (JNP),25427,18658,#1f77b4
1983,122,Heggadadevanakote,Heggadadevanakote,heggadadevanakote,heggadadevanakote_assembly_constituency,SC,ಪರಿಶಿಷ್ಟ ಜಾತಿ (SC),Chaluvaiah H. B.,Chaluvaiah ಎಚ್. ಬಿ.,JNP,ಜನತಾ ಪಕ್ಷ (JNP),33840,54.3,Susheela,Susheela,INC,ಕಾಂಗ್ರೆಸ್ (INC),13652,20188,#ff7f0e
1983,123,Hunasuru,Hunasuru,hunasuru,hunasuru_assembly_constituency,nan,ಸಾಮಾನ್ಯ,Chandra Prabha,Chandra Prabha,JNP,ಜನತಾ ಪಕ್ಷ (JNP),50951,74.1,Prema Kumar H. N.,Prema ಕುಮಾರ್ ಎಚ್. ಎನ್.,INC,ಕಾಂಗ್ರೆಸ್ (INC),15363,35588,#ff7f0e
1983,124,Krishnarajanagara,Krishnarajanagara,krishnarajanagara,krishnarajanagara_assembly_constituency,nan,ಸಾಮಾನ್ಯ,S. Nanjappa,ಎಸ್. Nanjappa,JNP,ಜನತಾ ಪಕ್ಷ (JNP),35896,54.4,H. Viswanath,ಎಚ್. Viswanath,INC,ಕಾಂಗ್ರೆಸ್ (INC),28546,7350,#ff7f0e
1983,125,Periyapatna,ಪಿರಿಯಾಪಟ್ಟಣ,periyapatna,periyapatna_assembly_constituency,nan,ಸಾಮಾನ್ಯ,K. S. Kalamari Gowda,ಕೆ. ಎಸ್. Kalamari ಗೌಡ,INC,ಕಾಂಗ್ರೆಸ್ (INC),23338,33.9,C. Ramaraje Urs,ಸಿ. Ramaraje Urs,JNP,ಜನತಾ ಪಕ್ಷ (JNP),16807,6531,#1f77b4
1983,126,Virajpet,ವಿರಾಜಪೇಟೆ,virajpet,virajpet_assembly_constituency,nan,ಸಾಮಾನ್ಯ,G. K. Subbaiah,ಜಿ. ಕೆ. Subbaiah,INC,ಕಾಂಗ್ರೆಸ್ (INC),22581,54.4,Paniyaravara P. Choma,Paniyaravara ಪಿ. Choma,BJP,ಬಿಜೆಪಿ (BJP),14009,8572,#1f77b4
1983,127,Madikere,Madikere,madikere,madikere_assembly_constituency,nan,ಸಾಮಾನ್ಯ,Mundanda M. Nanaiah,Mundanda ಎಂ. Nanaiah,INC,ಕಾಂಗ್ರೆಸ್ (INC),20762,40.0,Chengapa M. M.,Chengapa ಎಂ. ಎಂ.,BJP,ಬಿಜೆಪಿ (BJP),15030,5732,#1f77b4
1983,128,Somwarpet,Somwarpet,somwarpet,somwarpet_assembly_constituency,nan,ಸಾಮಾನ್ಯ,B. A. Jivijaya,ಬಿ. ಎ. Jivijaya,JNP,ಜನತಾ ಪಕ್ಷ (JNP),31544,52.7,R. Gundu Rao,ಆರ್. Gundu ರಾವ್,INC,ಕಾಂಗ್ರೆಸ್ (INC),26162,5382,#ff7f0e
1983,129,Belur,ಬೇಲೂರು,belur,belur_assembly_constituency,nan,ಸಾಮಾನ್ಯ,D. Mallesha,ಡಿ. Mallesha,JNP,ಜನತಾ ಪಕ್ಷ (JNP),25648,50.7,S. H. Puttaranganath,ಎಸ್. ಎಚ್. Puttaranganath,INC,ಕಾಂಗ್ರೆಸ್ (INC),19806,5842,#ff7f0e
1983,130,Arsikere,ಅರಸೀಕೆರೆ,arsikere,arsikere_assembly_constituency,nan,ಸಾಮಾನ್ಯ,G. S. Basavaraju,ಜಿ. ಎಸ್. Basavaraju,INC,ಕಾಂಗ್ರೆಸ್ (INC),32877,51.4,D. B. Gangadharappa,ಡಿ. ಬಿ. Gangadharappa,IND,ಪಕ್ಷೇತರ (IND),19095,13782,#1f77b4
1983,131,Gandsi,Gandsi,gandsi,gandsi_assembly_constituency,nan,ಸಾಮಾನ್ಯ,B. Nanjappa,ಬಿ. Nanjappa,JNP,ಜನತಾ ಪಕ್ಷ (JNP),32433,53.6,Haranahalli Ramaswamy,Haranahalli Ramaswamy,INC,ಕಾಂಗ್ರೆಸ್ (INC),18736,13697,#ff7f0e
1983,132,Sravanabelagola,Sravanabelagola,sravanabelagola,sravanabelagola_assembly_constituency,nan,ಸಾಮಾನ್ಯ,H. C. Sreekantaiah alias Anniah,ಎಚ್. ಸಿ. Sreekantaiah Alias Anniah,INC,ಕಾಂಗ್ರೆಸ್ (INC),41164,55.3,N. Gangadhara,ಎನ್. Gangadhara,JNP,ಜನತಾ ಪಕ್ಷ (JNP),29662,11502,#1f77b4
1983,133,Holenarasipur,ಹೊಳೆನರಸೀಪುರ,holenarasipur,holenarasipur_assembly_constituency,nan,ಸಾಮಾನ್ಯ,H D Devegowda,ಎಚ್. ಡಿ. Devegowda,JNP,ಜನತಾ ಪಕ್ಷ (JNP),37239,54.5,K. Kumaraswamy,ಕೆ. Kumaraswamy,INC,ಕಾಂಗ್ರೆಸ್ (INC),28158,9081,#ff7f0e
1983,134,Arkalgud,ಅರಕಲಗೂಡು,arkalgud,arkalgud_assembly_constituency,nan,ಸಾಮಾನ್ಯ,K. B. Mallappa,ಕೆ. ಬಿ. Mallappa,JNP,ಜನತಾ ಪಕ್ಷ (JNP),33927,59.8,B. N. Puttegowda,ಬಿ. ಎನ್. Puttegowda,INC,ಕಾಂಗ್ರೆಸ್ (INC),22225,11702,#ff7f0e
1983,135,Hassan,ಹಾಸನ,hassan,hassan_assembly_constituency,nan,ಸಾಮಾನ್ಯ,B. V. Kari Gowda,ಬಿ. ವಿ. Kari ಗೌಡ,JNP,ಜನತಾ ಪಕ್ಷ (JNP),24911,39.5,K. H. Hanume Gowda,ಕೆ. ಎಚ್. Hanume ಗೌಡ,INC,ಕಾಂಗ್ರೆಸ್ (INC),20952,3959,#ff7f0e
1983,136,Sakleshpur,ಸಕಲೇಶಪುರ,sakleshpur,sakleshpur_assembly_constituency,SC,ಪರಿಶಿಷ್ಟ ಜಾತಿ (SC),J. D. Somappa,ಜೆ. ಡಿ. Somappa,INC,ಕಾಂಗ್ರೆಸ್ (INC),25778,41.9,M. P. Manjunath,ಎಂ. ಪಿ. Manjunath,BJP,ಬಿಜೆಪಿ (BJP),21253,4525,#1f77b4
1983,137,Sullia,ಸುಳ್ಯ,sullia,sullia_assembly_constituency,SC,ಪರಿಶಿಷ್ಟ ಜಾತಿ (SC),Bakila Hukrappa,Bakila Hukrappa,BJP,ಬಿಜೆಪಿ (BJP),21975,42.6,N. Sheena,ಎನ್. Sheena,INC,ಕಾಂಗ್ರೆಸ್ (INC),15426,6549,#ff7f0e
1983,138,Puttur,ಪುತ್ತೂರು,puttur,puttur_assembly_constituency,nan,ಸಾಮಾನ್ಯ,K. Rama Bhat,ಕೆ. Rama Bhat,BJP,ಬಿಜೆಪಿ (BJP),26618,45.6,B. Sankappa Rai,ಬಿ. Sankappa Rai,INC,ಕಾಂಗ್ರೆಸ್ (INC),25189,1429,#ff7f0e
1983,139,Vittal,Vittal,vittal,vittal_assembly_constituency,nan,ಸಾಮಾನ್ಯ,A. Rukmayya Poojari,ಎ. Rukmayya Poojari,BJP,ಬಿಜೆಪಿ (BJP),22277,37.9,B. Shivarama Shetty,ಬಿ. Shivarama Shetty,INC,ಕಾಂಗ್ರೆಸ್ (INC),14779,7498,#ff7f0e
1983,140,Belthangady,ಬೆಳ್ತಂಗಡಿ,belthangady,belthangady_assembly_constituency,nan,ಸಾಮಾನ್ಯ,K. Vasantha Bangera,ಕೆ. Vasantha Bangera,BJP,ಬಿಜೆಪಿ (BJP),35579,62.2,K. Gangadhara Gowda,ಕೆ. Gangadhara ಗೌಡ,INC,ಕಾಂಗ್ರೆಸ್ (INC),21660,13919,#ff7f0e
1983,141,Bantwal,Bantwal,bantwal,bantwal_assembly_constituency,nan,ಸಾಮಾನ್ಯ,N. Shiva Rao,ಎನ್. Shiva ರಾವ್,BJP,ಬಿಜೆಪಿ (BJP),17690,38.1,K. P. Abdulla,ಕೆ. ಪಿ. Abdulla,INC,ಕಾಂಗ್ರೆಸ್ (INC),14217,3473,#ff7f0e
1983,142,Mangalore,ಮಂಗಳೂರು,mangalore,mangalore_assembly_constituency,nan,ಸಾಮಾನ್ಯ,V. Dhananjaya Kumar,ವಿ. Dhananjaya ಕುಮಾರ್,BJP,ಬಿಜೆಪಿ (BJP),22909,44.8,P. F. Rodrigues,ಪಿ. ಎಫ್. Rodrigues,INC,ಕಾಂಗ್ರೆಸ್ (INC),19062,3847,#ff7f0e
1983,143,Ullal,Ullal,ullal,ullal_assembly_constituency,nan,ಸಾಮಾನ್ಯ,P. Ramachandra Rao,ಪಿ. Ramachandra ರಾವ್,CPM,ಸಿಪಿಎಂ (CPM),16423,32.4,K. S. Mohmmed Masood,ಕೆ. ಎಸ್. Mohmmed Masood,INC,ಕಾಂಗ್ರೆಸ್ (INC),13903,2520,#a50f15
1983,144,Surathkal,Surathkal,surathkal,surathkal_assembly_constituency,nan,ಸಾಮಾನ್ಯ,Lokayya Shetty,Lokayya Shetty,JNP,ಜನತಾ ಪಕ್ಷ (JNP),29082,61.8,Adyanthaya N. M.,Adyanthaya ಎನ್. ಎಂ.,INC,ಕಾಂಗ್ರೆಸ್ (INC),17951,11131,#ff7f0e
1983,145,Kaup,ಕಾಪು,kaup,kaup_assembly_constituency,nan,ಸಾಮಾನ್ಯ,Vasantha V. Salian,Vasantha ವಿ. Salian,INC,ಕಾಂಗ್ರೆಸ್ (INC),22839,50.6,Gangadhara,Gangadhara,BJP,ಬಿಜೆಪಿ (BJP),16442,6397,#1f77b4
1983,146,Udupi,ಉಡುಪಿ,udupi,udupi_assembly_constituency,nan,ಸಾಮಾನ್ಯ,V. S. Acharya,ವಿ. ಎಸ್. Acharya,BJP,ಬಿಜೆಪಿ (BJP),26385,49.3,M. Manorama Madhavaraj,ಎಂ. Manorama Madhavaraj,INC,ಕಾಂಗ್ರೆಸ್ (INC),23146,3239,#ff7f0e
1983,147,Brahmavar,Brahmavar,brahmavar,brahmavar_assembly_constituency,nan,ಸಾಮಾನ್ಯ,B. B. Shetty,ಬಿ. ಬಿ. Shetty,BJP,ಬಿಜೆಪಿ (BJP),27504,47.7,Basavaraj,ಬಸವರಾಜ್,INC,ಕಾಂಗ್ರೆಸ್ (INC),26550,954,#ff7f0e
1983,148,Coondapur,Coondapur,coondapur,coondapur_assembly_constituency,nan,ಸಾಮಾನ್ಯ,Prathapchandra Shetty,Prathapchandra Shetty,INC,ಕಾಂಗ್ರೆಸ್ (INC),32469,54.9,Mani Gopal,Mani Gopal,JNP,ಜನತಾ ಪಕ್ಷ (JNP),25197,7272,#1f77b4
1983,149,Baindur,Baindur,baindur,baindur_assembly_constituency,nan,ಸಾಮಾನ್ಯ,Appanna Hegde,Appanna ಹೆಗಡೆ,JNP,ಜನತಾ ಪಕ್ಷ (JNP),25771,49.3,G. S. Acharya,ಜಿ. ಎಸ್. Acharya,INC,ಕಾಂಗ್ರೆಸ್ (INC),25747,24,#ff7f0e
1983,150,Karkala,ಕಾರ್ಕಳ,karkala,karkala_assembly_constituency,nan,ಸಾಮಾನ್ಯ,Veerappa Moily M.,Veerappa Moily ಎಂ.,INC,ಕಾಂಗ್ರೆಸ್ (INC),26176,51.9,M. K. Vijayakumar,ಎಂ. ಕೆ. Vijayakumar,BJP,ಬಿಜೆಪಿ (BJP),20272,5904,#1f77b4
1983,151,Moodabidri,ಮೂಡಬಿದಿರೆ,moodabidri,moodabidri_assembly_constituency,nan,ಸಾಮಾನ್ಯ,Amarnatha Sheety K.,Amarnatha Sheety ಕೆ.,JNP,ಜನತಾ ಪಕ್ಷ (JNP),24433,55.4,Devdas Kattemar,Devdas Kattemar,INC,ಕಾಂಗ್ರೆಸ್ (INC),19676,4757,#ff7f0e
1983,152,Sringeri,ಶೃಂಗೇರಿ,sringeri,sringeri_assembly_constituency,nan,ಸಾಮಾನ್ಯ,H. G. Govinde Gowda,ಎಚ್. ಜಿ. Govinde ಗೌಡ,JNP,ಜನತಾ ಪಕ್ಷ (JNP),30270,54.7,B. Ramaiah Begane,ಬಿ. Ramaiah Begane,INC,ಕಾಂಗ್ರೆಸ್ (INC),24349,5921,#ff7f0e
1983,153,Mudigere,ಮೂಡಿಗೆರೆ,mudigere,mudigere_assembly_constituency,SC,ಪರಿಶಿಷ್ಟ ಜಾತಿ (SC),P. Thippaiah,ಪಿ. Thippaiah,JNP,ಜನತಾ ಪಕ್ಷ (JNP),20830,48.5,Motamma,Motamma,INC,ಕಾಂಗ್ರೆಸ್ (INC),20111,719,#ff7f0e
1983,154,Chikmagalur,ಚಿಕ್ಕಮಗಳೂರು,chikmagalur,chikmagalur_assembly_constituency,nan,ಸಾಮಾನ್ಯ,H. A. Narayana Gowda,ಎಚ್. ಎ. Narayana ಗೌಡ,JNP,ಜನತಾ ಪಕ್ಷ (JNP),26766,58.7,K. R. Hiriyanna Gowda,ಕೆ. ಆರ್. Hiriyanna ಗೌಡ,INC,ಕಾಂಗ್ರೆಸ್ (INC),17134,9632,#ff7f0e
1983,155,Birur,Birur,birur,birur_assembly_constituency,nan,ಸಾಮಾನ್ಯ,S. R Laxmaiah,ಎಸ್. ಆರ್. Laxmaiah,JNP,ಜನತಾ ಪಕ್ಷ (JNP),23698,47.3,K. S. Mallikarjuna Pasanna,ಕೆ. ಎಸ್. Mallikarjuna Pasanna,INC,ಕಾಂಗ್ರೆಸ್ (INC),23158,540,#ff7f0e
1983,156,Kadur,ಕಡೂರು,kadur,kadur_assembly_constituency,nan,ಸಾಮಾನ್ಯ,N. K. Huchappa,ಎನ್. ಕೆ. Huchappa,INC,ಕಾಂಗ್ರೆಸ್ (INC),15223,28.5,K. M. Krishnamurthy,ಕೆ. ಎಂ. Krishnamurthy,IND,ಪಕ್ಷೇತರ (IND),13563,1660,#1f77b4
1983,157,Tarikere,ತಾರೀಕೆರೆ,tarikere,tarikere_assembly_constituency,nan,ಸಾಮಾನ್ಯ,H. R. Raju,ಎಚ್. ಆರ್. ರಾಜು,INC,ಕಾಂಗ್ರೆಸ್ (INC),38516,62.0,T. V. Shivasankarappa,ಟಿ. ವಿ. Shivasankarappa,JNP,ಜನತಾ ಪಕ್ಷ (JNP),21809,16707,#1f77b4
1983,158,Channagiri,ಚನ್ನಗಿರಿ,channagiri,channagiri_assembly_constituency,nan,ಸಾಮಾನ್ಯ,J. H. Patel,ಜೆ. ಎಚ್. Patel,JNP,ಜನತಾ ಪಕ್ಷ (JNP),34571,55.1,N. G. Halappa,ಎನ್. ಜಿ. Halappa,INC,ಕಾಂಗ್ರೆಸ್ (INC),28188,6383,#ff7f0e
1983,159,Holehonnur,Holehonnur,holehonnur,holehonnur_assembly_constituency,SC,ಪರಿಶಿಷ್ಟ ಜಾತಿ (SC),G. Basavannappa,ಜಿ. Basavannappa,JNP,ಜನತಾ ಪಕ್ಷ (JNP),30056,52.2,K. G. Channa Naik,ಕೆ. ಜಿ. Channa ನಾಯಕ್,INC,ಕಾಂಗ್ರೆಸ್ (INC),25413,4643,#ff7f0e
1983,160,Bhadravathi,Bhadravathi,bhadravathi,bhadravathi_assembly_constituency,nan,ಸಾಮಾನ್ಯ,Salar S. Siddappa,Salar ಎಸ್. Siddappa,JNP,ಜನತಾ ಪಕ್ಷ (JNP),34576,49.3,D. Mnjappa,ಡಿ. Mnjappa,INC,ಕಾಂಗ್ರೆಸ್ (INC),26343,8233,#ff7f0e
1983,161,Honnali,ಹೊನ್ನಾಳಿ,honnali,honnali_assembly_constituency,nan,ಸಾಮಾನ್ಯ,D. G. Basavana Gowda,ಡಿ. ಜಿ. Basavana ಗೌಡ,IND,ಪಕ್ಷೇತರ (IND),41672,54.4,M. Lakshmana,ಎಂ. ಲಕ್ಷ್ಮಣ,JNP,ಜನತಾ ಪಕ್ಷ (JNP),19352,22320,#7f7f7f
1983,162,Shimoga,ಶಿವಮೊಗ್ಗ,shimoga,shimoga_assembly_constituency,nan,ಸಾಮಾನ್ಯ,M. Ananda Rao,ಎಂ. Ananda ರಾವ್,BJP,ಬಿಜೆಪಿ (BJP),25475,35.1,M. C. Maheshwarappa,ಎಂ. ಸಿ. Maheshwarappa,JNP,ಜನತಾ ಪಕ್ಷ (JNP),22211,3264,#ff7f0e
1983,163,Tirthahalli,ತೀರ್ಥಹಳ್ಳಿ,tirthahalli,tirthahalli_assembly_constituency,nan,ಸಾಮಾನ್ಯ,D. B. Chandre Gowda,ಡಿ. ಬಿ. Chandre ಗೌಡ,JNP,ಜನತಾ ಪಕ್ಷ (JNP),21442,36.9,Kaddidal Diwakar,Kaddidal Diwakar,INC,ಕಾಂಗ್ರೆಸ್ (INC),19071,2371,#ff7f0e
1983,164,Hosanagar,Hosanagar,hosanagar,hosanagar_assembly_constituency,nan,ಸಾಮಾನ್ಯ,B. Swamy Rao,ಬಿ. ಸ್ವಾಮಿ ರಾವ್,JNP,ಜನತಾ ಪಕ್ಷ (JNP),29542,51.4,S. M. Sheeranaly Chandrashrkhar,ಎಸ್. ಎಂ. Sheeranaly Chandrashrkhar,INC,ಕಾಂಗ್ರೆಸ್ (INC),20143,9399,#ff7f0e
1983,165,Sagar,ಸಾಗರ,sagar,sagar_assembly_constituency,nan,ಸಾಮಾನ್ಯ,L. T. Thimmappa Hegade,ಎಲ್. ಟಿ. Thimmappa Hegade,INC,ಕಾಂಗ್ರೆಸ್ (INC),20895,37.1,K. G. Shivappa,ಕೆ. ಜಿ. Shivappa,JNP,ಜನತಾ ಪಕ್ಷ (JNP),19229,1666,#1f77b4
1983,166,Sorab,ಸೊರಬ,sorab,sorab_assembly_constituency,nan,ಸಾಮಾನ್ಯ,S. Bangarappa,ಎಸ್. Bangarappa,JNP,ಜನತಾ ಪಕ್ಷ (JNP),37081,64.3,Kagodu Thimmappa,Kagodu Thimmappa,INC,ಕಾಂಗ್ರೆಸ್ (INC),20559,16522,#ff7f0e
1983,167,Shikaripura,ಶಿಕಾರಿಪುರ,shikaripura,shikaripura_assembly_constituency,nan,ಸಾಮಾನ್ಯ,B S Yeddyurappa,ಬಿ. ಎಸ್. Yeddyurappa,BJP,ಬಿಜೆಪಿ (BJP),40687,64.2,K. Yenkatappa,ಕೆ. Yenkatappa,INC,ಕಾಂಗ್ರೆಸ್ (INC),18504,22183,#ff7f0e
1983,168,Sirsi,ಶಿರಸಿ,sirsi,sirsi_assembly_constituency,nan,ಸಾಮಾನ್ಯ,Kanade Gopal Mukund,Kanade Gopal Mukund,JNP,ಜನತಾ ಪಕ್ಷ (JNP),23540,40.4,Revankar Shankar Purushottam,Revankar Shankar Purushottam,INC,ಕಾಂಗ್ರೆಸ್ (INC),18575,4965,#ff7f0e
1983,169,Bhatkal,ಭಟ್ಕಳ,bhatkal,bhatkal_assembly_constituency,nan,ಸಾಮಾನ್ಯ,Naik Rama Narayan,ನಾಯಕ್ Rama Narayan,JNP,ಜನತಾ ಪಕ್ಷ (JNP),30119,52.1,S. M. Yahya,ಎಸ್. ಎಂ. Yahya,INC,ಕಾಂಗ್ರೆಸ್ (INC),27746,2373,#ff7f0e
1983,170,Kumta,ಕುಮಟಾ,kumta,kumta_assembly_constituency,nan,ಸಾಮಾನ್ಯ,Karki M. P.,Karki ಎಂ. ಪಿ.,BJP,ಬಿಜೆಪಿ (BJP),21004,37.3,Nayak Seetaram Vasudev,Nayak Seetaram Vasudev,INC,ಕಾಂಗ್ರೆಸ್ (INC),19026,1978,#ff7f0e
1983,171,Ankola,Ankola,ankola,ankola_assembly_constituency,nan,ಸಾಮಾನ್ಯ,Hegde Shripad Ramakrishna,ಹೆಗಡೆ Shripad Ramakrishna,INC,ಕಾಂಗ್ರೆಸ್ (INC),16379,34.1,Anasuya Gajanan Sharma Kallal,Anasuya Gajanan Sharma Kallal,JNP,ಜನತಾ ಪಕ್ಷ (JNP),13479,2900,#1f77b4
1983,172,Karwar,ಕಾರವಾರ,karwar,karwar_assembly_constituency,nan,ಸಾಮಾನ್ಯ,Rane Prabhakar Sadashiv,Rane Prabhakar Sadashiv,INC,ಕಾಂಗ್ರೆಸ್ (INC),21657,42.3,Naik Mota Teku,ನಾಯಕ್ Mota Teku,IND,ಪಕ್ಷೇತರ (IND),12123,9534,#1f77b4
1983,173,Haliyal,ಹಳಿಯಾಳ,haliyal,haliyal_assembly_constituency,nan,ಸಾಮಾನ್ಯ,Deshpande Raghunath Vishwanathrao,Deshpande Raghunath Vishwanathrao,JNP,ಜನತಾ ಪಕ್ಷ (JNP),41926,58.6,Ghadi Virupakshappa Mallappa,Ghadi Virupakshappa Mallappa,INC,ಕಾಂಗ್ರೆಸ್ (INC),29065,12861,#ff7f0e
1983,174,Dharwad Rural,Dharwad Rural,dharwadrural,dharwad_rural_assembly_constituency,nan,ಸಾಮಾನ್ಯ,Pudakalakatti Chanabasappa Virupaxappa,Pudakalakatti Chanabasappa Virupaxappa,INC,ಕಾಂಗ್ರೆಸ್ (INC),30240,56.0,M. A. Contractor,ಎಂ. ಎ. Contractor,JNP,ಜನತಾ ಪಕ್ಷ (JNP),21946,8294,#1f77b4
1983,175,Dharwad,ಧಾರವಾಡ,dharwad,dharwad_assembly_constituency,nan,ಸಾಮಾನ್ಯ,More S. R.,More ಎಸ್. ಆರ್.,INC,ಕಾಂಗ್ರೆಸ್ (INC),17991,31.2,Bellad Chandrakant Gurappa,Bellad Chandrakant Gurappa,JNP,ಜನತಾ ಪಕ್ಷ (JNP),17859,132,#1f77b4
1983,176,Hubli,Hubli,hubli,hubli_assembly_constituency,nan,ಸಾಮಾನ್ಯ,Jaratarghar Mahadevsa Govindsa,Jaratarghar Mahadevsa Govindsa,BJP,ಬಿಜೆಪಿ (BJP),22938,40.8,Mudhol Abdularahiman Janglisab,Mudhol Abdularahiman Janglisab,CPI,ಸಿಪಿಐ (CPI),18424,4514,#ff7f0e
1983,177,Hubli Rural,Hubli Rural,hublirural,hubli_rural_assembly_constituency,nan,ಸಾಮಾನ್ಯ,Bommai Somappa Rayappa,ಬೊಮ್ಮಾಯಿ Somappa Rayappa,JNP,ಜನತಾ ಪಕ್ಷ (JNP),31644,49.4,Wali Rachappa Gangappa,Wali Rachappa Gangappa,INC,ಕಾಂಗ್ರೆಸ್ (INC),22341,9303,#ff7f0e
1983,178,Kalghatgi,ಕಲಘಟಗಿ,kalghatgi,kalghatgi_assembly_constituency,nan,ಸಾಮಾನ್ಯ,Fathar Jacob Pallipurathu,Fathar Jacob Pallipurathu,IND,ಪಕ್ಷೇತರ (IND),23664,46.6,Patil Fakiragouda Shivanagouda,ಪಾಟೀಲ್ Fakiragouda Shivanagouda,INC,ಕಾಂಗ್ರೆಸ್ (INC),23168,496,#7f7f7f
1983,179,Kundgol,ಕುಂದಗೋಳ,kundgol,kundgol_assembly_constituency,nan,ಸಾಮಾನ್ಯ,Kubihal Veerappa Shekharappa,Kubihal Veerappa Shekharappa,INC,ಕಾಂಗ್ರೆಸ್ (INC),28848,54.4,Mulkipatil Shankargouda Ramanagouda,Mulkipatil Shankargouda Ramanagouda,JNP,ಜನತಾ ಪಕ್ಷ (JNP),22489,6359,#1f77b4
1983,180,Shiggaon,ಶಿಗ್ಗಾಂವಿ,shiggaon,shiggaon_assembly_constituency,nan,ಸಾಮಾನ್ಯ,Nadaf Mohammed Kasimsab Mardansab,Nadaf Mohammed Kasimsab Mardansab,INC,ಕಾಂಗ್ರೆಸ್ (INC),26801,48.1,Patil Hanamanatagoud Raghunathgoud,ಪಾಟೀಲ್ Hanamanatagoud Raghunathgoud,JNP,ಜನತಾ ಪಕ್ಷ (JNP),24250,2551,#1f77b4
1983,181,Hanagal,Hanagal,hanagal,hanagal_assembly_constituency,nan,ಸಾಮಾನ್ಯ,Udashi Chanabasappa Hangal Mahalingappa,Udashi Chanabasappa Hangal ಮಹಾಲಿಂಗಪ್ಪ,IND,ಪಕ್ಷೇತರ (IND),35617,56.6,Tahasildar Monohar Hanumantappa,Tahasildar Monohar Hanumantappa,INC,ಕಾಂಗ್ರೆಸ್ (INC),25565,10052,#7f7f7f
1983,182,Hirekerur,ಹಿರೇಕೆರೂರು,hirekerur,hirekerur_assembly_constituency,nan,ಸಾಮಾನ್ಯ,Bankar Basavannappa Gadlappa,Bankar Basavannappa Gadlappa,IND,ಪಕ್ಷೇತರ (IND),32268,51.2,Gubbi Shankarrao Basalingappagouda,Gubbi Shankarrao Basalingappagouda,INC,ಕಾಂಗ್ರೆಸ್ (INC),27517,4751,#7f7f7f
1983,183,Ranibennur,ರಾಣೆಬೆನ್ನೂರು,ranibennur,ranibennur_assembly_constituency,nan,ಸಾಮಾನ್ಯ,Patil Basanagouda Guranagouda,ಪಾಟೀಲ್ Basanagouda Guranagouda,JNP,ಜನತಾ ಪಕ್ಷ (JNP),36395,54.4,Karur Maradeppa Mallappa,Karur Maradeppa Mallappa,IND,ಪಕ್ಷೇತರ (IND),13302,23093,#ff7f0e
1983,184,Byadgi,ಬ್ಯಾಡಗಿ,byadgi,byadgi_assembly_constituency,nan,ಸಾಮಾನ್ಯ,Lamani Heggappa Deshappa,Lamani Heggappa Deshappa,INC,ಕಾಂಗ್ರೆಸ್ (INC),20377,42.4,Bilagi Kalloleppa Sabanna,Bilagi Kalloleppa Sabanna,JNP,ಜನತಾ ಪಕ್ಷ (JNP),13488,6889,#1f77b4
1983,185,Haveri,ಹಾವೇರಿ,haveri,haveri_assembly_constituency,SC,ಪರಿಶಿಷ್ಟ ಜಾತಿ (SC),Kalakoti Chittaranjan Chanabaneppa,Kalakoti Chittaranjan Chanabaneppa,JNP,ಜನತಾ ಪಕ್ಷ (JNP),33316,53.6,Girji Rajashekhar Basavaneppa,Girji Rajashekhar Basavaneppa,INC,ಕಾಂಗ್ರೆಸ್ (INC),26813,6503,#ff7f0e
1983,186,Shirahatti,ಶಿರಹಟ್ಟಿ,shirahatti,shirahatti_assembly_constituency,SC,ಪರಿಶಿಷ್ಟ ಜಾತಿ (SC),Upanal Gulappa Fakeerappa,Upanal Gulappa Fakeerappa,IND,ಪಕ್ಷೇತರ (IND),25825,49.1,Kulkarni Narayan Gurunath,Kulkarni Narayan Gurunath,INC,ಕಾಂಗ್ರೆಸ್ (INC),20540,5285,#7f7f7f
1983,187,Mundargi,Mundargi,mundargi,mundargi_assembly_constituency,nan,ಸಾಮಾನ್ಯ,Kurudagi Kuberappa Hanumantappa,Kurudagi Kuberappa Hanumantappa,INC,ಕಾಂಗ್ರೆಸ್ (INC),23264,45.9,Humbarwadi Nagappa,Humbarwadi Nagappa,IND,ಪಕ್ಷೇತರ (IND),19784,3480,#1f77b4
1983,188,Gadag,ಗದಗ,gadag,gadag_assembly_constituency,nan,ಸಾಮಾನ್ಯ,Muttinapendimath Chanaveerayya Shantayya,Muttinapendimath Chanaveerayya Shantayya,INC,ಕಾಂಗ್ರೆಸ್ (INC),25104,45.9,Desai Hanamantagouda Yallanagouda,ದೇಸಾಯಿ Hanamantagouda Yallanagouda,JNP,ಜನತಾ ಪಕ್ಷ (JNP),20697,4407,#1f77b4
1983,189,Ron,ರೋಣ,ron,ron_assembly_constituency,nan,ಸಾಮಾನ್ಯ,Doddameti Jananadev Shivanagappa,Doddameti Jananadev Shivanagappa,JNP,ಜನತಾ ಪಕ್ಷ (JNP),31721,59.1,Mathikatti Veerabhadrappa Adiveppa,Mathikatti Veerabhadrappa Adiveppa,INC,ಕಾಂಗ್ರೆಸ್ (INC),20979,10742,#ff7f0e
1983,190,Naragund,Naragund,naragund,naragund_assembly_constituency,nan,ಸಾಮಾನ್ಯ,Yavagal Basavaraddi Rangaraddi,Yavagal Basavaraddi Rangaraddi,JNP,ಜನತಾ ಪಕ್ಷ (JNP),22675,55.0,B. R. Patil,ಬಿ. ಆರ್. ಪಾಟೀಲ್,INC,ಕಾಂಗ್ರೆಸ್ (INC),14156,8519,#ff7f0e
1983,191,Navalgund,ನವಲಗುಂದ,navalgund,navalgund_assembly_constituency,nan,ಸಾಮಾನ್ಯ,Kulkarni Mallappa Karaveerappa,Kulkarni Mallappa Karaveerappa,INC,ಕಾಂಗ್ರೆಸ್ (INC),25524,56.4,Desai Nemachandra Jinnappa,ದೇಸಾಯಿ Nemachandra Jinnappa,JNP,ಜನತಾ ಪಕ್ಷ (JNP),13857,11667,#1f77b4
1983,192,Ramdurg,ರಾಮದುರ್ಗ,ramdurg,ramdurg_assembly_constituency,nan,ಸಾಮಾನ್ಯ,Koppad Fakirappa Allappa,Koppad Fakirappa Allappa,INC,ಕಾಂಗ್ರೆಸ್ (INC),31688,64.8,Gouroji Ramesh Muruteppa,Gouroji ರಮೇಶ್ Muruteppa,JNP,ಜನತಾ ಪಕ್ಷ (JNP),11877,19811,#1f77b4
1983,193,Parasgad,Parasgad,parasgad,parasgad_assembly_constituency,nan,ಸಾಮಾನ್ಯ,Patil Ramanagouda Venkanagouda,ಪಾಟೀಲ್ Ramanagouda Venkanagouda,INC,ಕಾಂಗ್ರೆಸ್ (INC),28126,45.7,Nugganatti Yallappa Karabasappa,Nugganatti Yallappa Karabasappa,JNP,ಜನತಾ ಪಕ್ಷ (JNP),26053,2073,#1f77b4
1983,194,Bailhongal,ಬೈಲಹೊಂಗಲ,bailhongal,bailhongal_assembly_constituency,nan,ಸಾಮಾನ್ಯ,Balekundargi Ramalingappa Channabasappa,Balekundargi Ramalingappa Channabasappa,INC,ಕಾಂಗ್ರೆಸ್ (INC),30957,56.4,Deyannavar Veerappa Kallappa,Deyannavar Veerappa ಕಲ್ಲಪ್ಪ,JNP,ಜನತಾ ಪಕ್ಷ (JNP),23159,7798,#1f77b4
1983,195,Kittur,ಕಿತ್ತೂರು,kittur,kittur_assembly_constituency,nan,ಸಾಮಾನ್ಯ,Inamdar Danappagouda Basanagouda,Inamdar Danappagouda Basanagouda,JNP,ಜನತಾ ಪಕ್ಷ (JNP),34866,56.1,Naghnoor Mugatsaheb Nabisahab,Naghnoor Mugatsaheb Nabisahab,INC,ಕಾಂಗ್ರೆಸ್ (INC),24894,9972,#ff7f0e
1983,196,Khanapur,ಖಾನಾಪುರ,khanapur,khanapur_assembly_constituency,nan,ಸಾಮಾನ್ಯ,Patil Vasantrao Parashram,ಪಾಟೀಲ್ Vasantrao Parashram,IND,ಪಕ್ಷೇತರ (IND),40633,61.6,Ambadagatti Masnu Fakirappa,Ambadagatti Masnu Fakirappa,INC,ಕಾಂಗ್ರೆಸ್ (INC),16501,24132,#7f7f7f
1983,197,Belgaum,Belgaum,belgaum,belgaum_assembly_constituency,nan,ಸಾಮಾನ್ಯ,Mane Rajabhau Shankar Rao,Mane Rajabhau Shankar ರಾವ್,IND,ಪಕ್ಷೇತರ (IND),42763,54.1,Doddannavar Surendra alias Komalanna Ramachandra,Doddannavar Surendra Alias Komalanna Ramachandra,INC,ಕಾಂಗ್ರೆಸ್ (INC),30159,12604,#7f7f7f
1983,198,Uchagaon,Uchagaon,uchagaon,uchagaon_assembly_constituency,nan,ಸಾಮಾನ್ಯ,Patil Basavant Iroji,ಪಾಟೀಲ್ Basavant Iroji,IND,ಪಕ್ಷೇತರ (IND),41940,56.9,Nandihalli Parashuram Bharamaji,Nandihalli Parashuram Bharamaji,INC,ಕಾಂಗ್ರೆಸ್ (INC),28544,13396,#7f7f7f
1983,199,Bagewadi,Bagewadi,bagewadi,bagewadi_assembly_constituency,nan,ಸಾಮಾನ್ಯ,Asjtekar Govind Laxman,Asjtekar Govind ಲಕ್ಷ್ಮಣ್,IND,ಪಕ್ಷೇತರ (IND),21333,37.2,Patil Ninganagouda Basanagouda,ಪಾಟೀಲ್ Ninganagouda Basanagouda,JNP,ಜನತಾ ಪಕ್ಷ (JNP),16981,4352,#7f7f7f
1983,200,Gokak,ಗೋಕಾಕ್,gokak,gokak_assembly_constituency,nan,ಸಾಮಾನ್ಯ,Muttennavar Mallappa Laxman,Muttennavar Mallappa ಲಕ್ಷ್ಮಣ್,JNP,ಜನತಾ ಪಕ್ಷ (JNP),26258,49.7,Naik Laxman Siddappa,ನಾಯಕ್ ಲಕ್ಷ್ಮಣ್ Siddappa,INC,ಕಾಂಗ್ರೆಸ್ (INC),23253,3005,#ff7f0e
1983,201,Arabhavi,ಅರಭಾವಿ,arabhavi,arabhavi_assembly_constituency,nan,ಸಾಮಾನ್ಯ,Koujalgi Veeranna Shivalingappa,Koujalgi Veeranna ಶಿವಲಿಂಗಪ್ಪ,INC,ಕಾಂಗ್ರೆಸ್ (INC),32974,57.6,Gotadaki Siddlingappa Balappa,Gotadaki Siddlingappa ಬಾಳಪ್ಪ,JNP,ಜನತಾ ಪಕ್ಷ (JNP),9125,23849,#1f77b4
1983,202,Hukkeri,ಹುಕ್ಕೇರಿ,hukkeri,hukkeri_assembly_constituency,nan,ಸಾಮಾನ್ಯ,Desai Alagoud Basaprabhu,ದೇಸಾಯಿ Alagoud Basaprabhu,INC,ಕಾಂಗ್ರೆಸ್ (INC),20855,44.3,Maha Janashetti Shivayogi Shivalingappa,Maha Janashetti Shivayogi ಶಿವಲಿಂಗಪ್ಪ,JNP,ಜನತಾ ಪಕ್ಷ (JNP),20034,821,#1f77b4
1983,203,Sankeshwar,Sankeshwar,sankeshwar,sankeshwar_assembly_constituency,nan,ಸಾಮಾನ್ಯ,Patil Mallaragouda Shankargouda,ಪಾಟೀಲ್ Mallaragouda Shankargouda,INC,ಕಾಂಗ್ರೆಸ್ (INC),27335,48.0,Khot Lakmappa Kallappa,Khot Lakmappa ಕಲ್ಲಪ್ಪ,JNP,ಜನತಾ ಪಕ್ಷ (JNP),26965,370,#1f77b4
1983,204,Nippani,ನಿಪ್ಪಾಣಿ,nippani,nippani_assembly_constituency,nan,ಸಾಮಾನ್ಯ,Shinde Balasaheb Dattaji,Shinde Balasaheb Dattaji,IND,ಪಕ್ಷೇತರ (IND),21658,38.1,Joshi Subhash Shridhar,Joshi Subhash Shridhar,IND,ಪಕ್ಷೇತರ (IND),18043,3615,#7f7f7f
1983,205,Sadalga,Sadalga,sadalga,sadalga_assembly_constituency,nan,ಸಾಮಾನ್ಯ,Nimbalkar Ajitsingh Appasaheb,Nimbalkar Ajitsingh Appasaheb,INC,ಕಾಂಗ್ರೆಸ್ (INC),31114,53.6,Patil Malagouda Annasab,ಪಾಟೀಲ್ Malagouda Annasab,IND,ಪಕ್ಷೇತರ (IND),25076,6038,#1f77b4
1983,206,Chikkodi,ಚಿಕ್ಕೋಡಿ,chikkodi,chikkodi_assembly_constituency,SC,ಪರಿಶಿಷ್ಟ ಜಾತಿ (SC),Hegre Parashuram Padmanna,Hegre Parashuram Padmanna,JNP,ಜನತಾ ಪಕ್ಷ (JNP),22446,46.5,Chikodi Sidray Dundappa,Chikodi Sidray Dundappa,INC,ಕಾಂಗ್ರೆಸ್ (INC),21817,629,#ff7f0e
1983,207,Raibag,Raibag,raibag,raibag_assembly_constituency,SC,ಪರಿಶಿಷ್ಟ ಜಾತಿ (SC),Kamble Shravana Satyappa,Kamble Shravana Satyappa,JNP,ಜನತಾ ಪಕ್ಷ (JNP),31365,50.7,Nadoni Rama Sidling,Nadoni Rama Sidling,INC,ಕಾಂಗ್ರೆಸ್ (INC),28071,3294,#ff7f0e
1983,208,Kagwad,ಕಾಗವಾಡ,kagwad,kagwad_assembly_constituency,nan,ಸಾಮಾನ್ಯ,Patil Vasantrao Lakhagoud,ಪಾಟೀಲ್ Vasantrao Lakhagoud,JNP,ಜನತಾ ಪಕ್ಷ (JNP),35007,62.6,Jakanur Annarao Balappa,Jakanur Annarao ಬಾಳಪ್ಪ,INC,ಕಾಂಗ್ರೆಸ್ (INC),20933,14074,#ff7f0e
1983,209,Athani,ಅಥಣಿ,athani,athani_assembly_constituency,nan,ಸಾಮಾನ್ಯ,Pawar Desai Sidharaj alias Dhairyashilarao Bhojaraj,Pawar ದೇಸಾಯಿ Sidharaj Alias Dhairyashilarao ಭೋಜರಾಜ್,INC,ಕಾಂಗ್ರೆಸ್ (INC),24336,48.6,Kage Alagouda Bharamagoud,ಕಾගේ ಆಲಗೌಡ Bharamagoud,JNP,ಜನತಾ ಪಕ್ಷ (JNP),19795,4541,#1f77b4
1983,210,Jamkhandi,ಜಮಖಂಡಿ,jamkhandi,jamkhandi_assembly_constituency,nan,ಸಾಮಾನ್ಯ,Bagalkot Gurupad Shivappa,Bagalkot Gurupad Shivappa,JNP,ಜನತಾ ಪಕ್ಷ (JNP),41445,57.1,Jatti Danappa Basappa,Jatti Danappa Basappa,INC,ಕಾಂಗ್ರೆಸ್ (INC),17580,23865,#ff7f0e
1983,211,Bilgi,Bilgi,bilgi,bilgi_assembly_constituency,nan,ಸಾಮಾನ್ಯ,Patil Siddanagouda Somangouda,ಪಾಟೀಲ್ Siddanagouda Somangouda,INC,ಕಾಂಗ್ರೆಸ್ (INC),27413,50.6,Belagali Pampakevi Rayappa,Belagali Pampakevi Rayappa,JNP,ಜನತಾ ಪಕ್ಷ (JNP),13273,14140,#1f77b4
1983,212,Mudhol,ಮುಧೋಳ,mudhol,mudhol_assembly_constituency,SC,ಪರಿಶಿಷ್ಟ ಜಾತಿ (SC),Kattimani Ashok Krishnaji,Kattimani Ashok Krishnaji,INC,ಕಾಂಗ್ರೆಸ್ (INC),30713,60.3,Kale Surendra Kalasappa,Kale Surendra Kalasappa,IND,ಪಕ್ಷೇತರ (IND),15204,15509,#1f77b4
1983,213,Bagalkot,ಬಾಗಲಕೋಟೆ,bagalkot,bagalkot_assembly_constituency,nan,ಸಾಮಾನ್ಯ,Mantur Gulappa Venkappa,Mantur Gulappa Venkappa,IND,ಪಕ್ಷೇತರ (IND),25213,42.3,Kalligudd Parappa Karabasappa,Kalligudd Parappa Karabasappa,INC,ಕಾಂಗ್ರೆಸ್ (INC),17364,7849,#7f7f7f
1983,214,Badami,ಬಾದಾಮಿ,badami,badami_assembly_constituency,nan,ಸಾಮಾನ್ಯ,Chimmankanti Balappa Bhimappa,Chimmankanti ಬಾಳಪ್ಪ Bhimappa,INC,ಕಾಂಗ್ರೆಸ್ (INC),27336,50.9,Desai Raosaheb Tulsigerappa,ದೇಸಾಯಿ ರಾವ್ಸಾಹೇಬ್ Tulsigerappa,IND,ಪಕ್ಷೇತರ (IND),24360,2976,#1f77b4
1983,215,Guledgud,Guledgud,guledgud,guledgud_assembly_constituency,nan,ಸಾಮಾನ್ಯ,Banni Mallikarjun Veerappa,Banni ಮಲ್ಲಿಕಾರ್ಜುನ್ Veerappa,BJP,ಬಿಜೆಪಿ (BJP),23166,43.8,Janali Basangouda Veeranagouda,Janali Basangouda Veeranagouda,INC,ಕಾಂಗ್ರೆಸ್ (INC),22640,526,#ff7f0e
1983,216,Hungund,ಹುನಗುಂದ,hungund,hungund_assembly_constituency,nan,ಸಾಮಾನ್ಯ,Kadapatti Shivasangappa Siddappa,Kadapatti Shivasangappa Siddappa,JNP,ಜನತಾ ಪಕ್ಷ (JNP),27254,56.6,Patil Shivayya Mahabalayya,ಪಾಟೀಲ್ Shivayya Mahabalayya,INC,ಕಾಂಗ್ರೆಸ್ (INC),19286,7968,#ff7f0e
1983,217,Muddebihal,Muddebihal,muddebihal,muddebihal_assembly_constituency,nan,ಸಾಮಾನ್ಯ,Desgmukh Jagadevarao Sanganabasappa,Desgmukh Jagadevarao Sanganabasappa,JNP,ಜನತಾ ಪಕ್ಷ (JNP),21885,46.7,Bhagawant Ramarao Sheshabhatta,Bhagawant Ramarao Sheshabhatta,IND,ಪಕ್ಷೇತರ (IND),9530,12355,#ff7f0e
1983,218,Huvin-Hippargi,Huvin Hippargi,huvinhippargi,huvinhippargi_assembly_constituency,nan,ಸಾಮಾನ್ಯ,Patil Basana Gouda Somanagouda,ಪಾಟೀಲ್ Basana Gouda Somanagouda,INC,ಕಾಂಗ್ರೆಸ್ (INC),30320,58.7,Patil Basana Gouda Linganagouda,ಪಾಟೀಲ್ Basana Gouda Linganagouda,JNP,ಜನತಾ ಪಕ್ಷ (JNP),17872,12448,#1f77b4
1983,219,Basavana Bagevadi,Basavana Bagevadi,basavanabagevadi,basavana_bagevadi_assembly_constituency,nan,ಸಾಮಾನ್ಯ,Patil Basana Gouda Somanagouda,ಪಾಟೀಲ್ Basana Gouda Somanagouda,INC,ಕಾಂಗ್ರೆಸ್ (INC),34386,68.8,Pattanashetti Rajashekhar Viragondappa,Pattanashetti Rajashekhar Viragondappa,BJP,ಬಿಜೆಪಿ (BJP),15577,18809,#1f77b4
1983,220,Tikota,Tikota,tikota,tikota_assembly_constituency,nan,ಸಾಮಾನ್ಯ,Patil Basanagouda Mallanagouda,ಪಾಟೀಲ್ Basanagouda Mallanagouda,INC,ಕಾಂಗ್ರೆಸ್ (INC),27884,58.3,Kotihal Basagond Mallapapa,Kotihal Basagond Mallapapa,JNP,ಜನತಾ ಪಕ್ಷ (JNP),18092,9792,#1f77b4
1983,221,Bijapur,Bijapur,bijapur,bijapur_assembly_constituency,nan,ಸಾಮಾನ್ಯ,Gachinmath Chandrashekar Gurupadaya,Gachinmath Chandrashekar Gurupadaya,BJP,ಬಿಜೆಪಿ (BJP),28795,50.3,Jahagirdar Sayed Khajahuseni Sayed Jeelanisaheb,Jahagirdar Sayed Khajahuseni Sayed Jeelanisaheb,INC,ಕಾಂಗ್ರೆಸ್ (INC),24974,3821,#ff7f0e
1983,222,Ballolli,Ballolli,ballolli,ballolli_assembly_constituency,SC,ಪರಿಶಿಷ್ಟ ಜಾತಿ (SC),Jingajinigi Ramesh Chadnappa,Jingajinigi ರಮೇಶ್ Chadnappa,JNP,ಜನತಾ ಪಕ್ಷ (JNP),24603,50.3,Arakeri Siddarth Sangappa,Arakeri Siddarth ಸಂಗ್ಲಪ್ಪ,INC,ಕಾಂಗ್ರೆಸ್ (INC),11876,12727,#ff7f0e
1983,223,Indi,Indi,indi,indi_assembly_constituency,nan,ಸಾಮಾನ್ಯ,Kallur Revanasiddappa Ramagondappa,Kallur Revanasiddappa Ramagondappa,INC,ಕಾಂಗ್ರೆಸ್ (INC),24132,50.8,Patil Basanagouda Babanagouda,ಪಾಟೀಲ್ Basanagouda Babanagouda,IND,ಪಕ್ಷೇತರ (IND),11098,13034,#1f77b4
1983,224,Sindgi,Sindgi,sindgi,sindgi_assembly_constituency,nan,ಸಾಮಾನ್ಯ,Patil ninganagoud Rachana Goud,ಪಾಟೀಲ್ Ninganagoud Rachana Goud,INC,ಕಾಂಗ್ರೆಸ್ (INC),25778,52.1,Biradar Mallanagouda Doulataraya,Biradar Mallanagouda Doulataraya,JNP,ಜನತಾ ಪಕ್ಷ (JNP),18788,6990,#1f77b4
1978,1,Aurad,ಔರಾದ್,aurad,aurad_assembly_constituency,SC,ಪರಿಶಿಷ್ಟ ಜಾತಿ (SC),Manik Rao Patil,Manik ರಾವ್ ಪಾಟೀಲ್,INC(I),ಕಾಂಗ್ರೆಸ್ ಐ (INC-I),36381,55.2,Bapurao Vithal Rao Patil,Bapurao Vithal ರಾವ್ ಪಾಟೀಲ್,IND,ಪಕ್ಷೇತರ (IND),18946,17435,#3182bd
1978,2,Bhalki,ಭಾಲ್ಕಿ,bhalki,bhalki_assembly_constituency,nan,ಸಾಮಾನ್ಯ,Bhimanna Shivalingappa Kandre,Bhimanna ಶಿವಲಿಂಗಪ್ಪ Kandre,INC,ಕಾಂಗ್ರೆಸ್ (INC),22806,44.6,Bidu Rao Gorehinchollikar,Bidu ರಾವ್ Gorehinchollikar,INC(I),ಕಾಂಗ್ರೆಸ್ ಐ (INC-I),17999,4807,#1f77b4
1978,3,Hulsoor,Hulsoor,hulsoor,hulsoor_assembly_constituency,SC,ಪರಿಶಿಷ್ಟ ಜಾತಿ (SC),Madanlal Badeappa,Madanlal Badeappa,INC(I),ಕಾಂಗ್ರೆಸ್ ಐ (INC-I),14562,36.1,Tatyarao Kamble,Tatyarao Kamble,JNP,ಜನತಾ ಪಕ್ಷ (JNP),13027,1535,#3182bd
1978,4,Bidar,ಬೀದರ್,bidar,bidar_assembly_constituency,nan,ಸಾಮಾನ್ಯ,Veershetty Moglappa Kusnoor,Veershetty Moglappa Kusnoor,INC(I),ಕಾಂಗ್ರೆಸ್ ಐ (INC-I),29809,57.2,Kashinath Gurappa,Kashinath Gurappa,JNP,ಜನತಾ ಪಕ್ಷ (JNP),13515,16294,#3182bd
1978,5,Humnabad,ಹುಮ್ನಾಬಾದ್,humnabad,humnabad_assembly_constituency,nan,ಸಾಮಾನ್ಯ,Baswaraj Hawgappa,Baswaraj Hawgappa,JNP,ಜನತಾ ಪಕ್ಷ (JNP),16167,29.7,V.N.Patil,ವಿ. ಎನ್. ಪಾಟೀಲ್,CPI,ಸಿಪಿಐ (CPI),14297,1870,#ff7f0e
1978,6,Basavakalyan,ಬಸವಕಲ್ಯಾಣ,basavakalyan,basavakalyan_assembly_constituency,nan,ಸಾಮಾನ್ಯ,Bapu Rao Hulsoorker,Bapu ರಾವ್ Hulsoorker,INC(I),ಕಾಂಗ್ರೆಸ್ ಐ (INC-I),23827,46.0,Tajuddin Nawazbhai,Tajuddin Nawazbhai,JNP,ಜನತಾ ಪಕ್ಷ (JNP),18868,4959,#3182bd
1978,7,Chincholi,ಚಿಂಚೋಳಿ,chincholi,chincholi_assembly_constituency,SC,ಪರಿಶಿಷ್ಟ ಜಾತಿ (SC),Devendrappa Ghalappa Jamadar,Devendrappa Ghalappa Jamadar,INC(I),ಕಾಂಗ್ರೆಸ್ ಐ (INC-I),25963,51.6,Vaijnath Patil Sangappa Patil,Vaijnath ಪಾಟೀಲ್ ಸಂಗ್ಲಪ್ಪ ಪಾಟೀಲ್,JNP,ಜನತಾ ಪಕ್ಷ (JNP),19508,6455,#3182bd
1978,8,Kamalapur,Kamalapur,kamalapur,kamalapur_assembly_constituency,SC,ಪರಿಶಿಷ್ಟ ಜಾತಿ (SC),Govind P. Vadeyaraj,Govind ಪಿ. Vadeyaraj,JNP,ಜನತಾ ಪಕ್ಷ (JNP),23110,51.6,Narsing Rao Jadhav,Narsing ರಾವ್ Jadhav,INC(I),ಕಾಂಗ್ರೆಸ್ ಐ (INC-I),17301,5809,#ff7f0e
1978,9,Alland,ಆಳಂದ,alland,alland_assembly_constituency,nan,ಸಾಮಾನ್ಯ,Anna Rao Bhem Rao Patil Kotalli,Anna ರಾವ್ Bhem ರಾವ್ ಪಾಟೀಲ್ Kotalli,JNP,ಜನತಾ ಪಕ್ಷ (JNP),26232,56.5,Digamber Rao Balwant Rao Kalmanker,Digamber ರಾವ್ Balwant ರಾವ್ Kalmanker,INC(I),ಕಾಂಗ್ರೆಸ್ ಐ (INC-I),16956,9276,#ff7f0e
1978,10,Gulbarga,Gulbarga,gulbarga,gulbarga_assembly_constituency,nan,ಸಾಮಾನ್ಯ,Qamarul Islam,Qamarul Islam,IND,ಪಕ್ಷೇತರ (IND),18005,32.8,Sadat Hussain Ustad,Sadat Hussain Ustad,JNP,ಜನತಾ ಪಕ್ಷ (JNP),17242,763,#7f7f7f
1978,11,Shahabad,Shahabad,shahabad,shahabad_assembly_constituency,SC,ಪರಿಶಿಷ್ಟ ಜಾತಿ (SC),Sharnappa Fakeerappa Bhairy,Sharnappa Fakeerappa Bhairy,CPI,ಸಿಪಿಐ (CPI),22685,51.5,S.M.Hagaragi,ಎಸ್. ಎಂ. Hagaragi,JNP,ಜನತಾ ಪಕ್ಷ (JNP),14047,8638,#de2d26
1978,12,Afzalpur,ಅಫ್ಜಲ್ ಪುರ,afzalpur,afzalpur_assembly_constituency,nan,ಸಾಮಾನ್ಯ,M.Y.Patil,ಎಂ. ವೈ. ಪಾಟೀಲ್,JNP,ಜನತಾ ಪಕ್ಷ (JNP),23823,47.5,Hanmath Rao Desai,Hanmath ರಾವ್ ದೇಸಾಯಿ,INC(I),ಕಾಂಗ್ರೆಸ್ ಐ (INC-I),23436,387,#ff7f0e
1978,13,Chittapur,Chittapur,chittapur,chittapur_assembly_constituency,SC,ಪರಿಶಿಷ್ಟ ಜಾತಿ (SC),Prabhakar R.Telkar,Prabhakar ಆರ್. Telkar,INC(I),ಕಾಂಗ್ರೆಸ್ ಐ (INC-I),20814,56.1,Kusumakar Desai,Kusumakar ದೇಸಾಯಿ,JNP,ಜನತಾ ಪಕ್ಷ (JNP),10015,10799,#3182bd
1978,14,Sedam,ಸೇಡಂ,sedam,sedam_assembly_constituency,nan,ಸಾಮಾನ್ಯ,Sher Khan,Sher Khan,INC(I),ಕಾಂಗ್ರೆಸ್ ಐ (INC-I),22397,45.3,Baswanth Reddy,Baswanth ರೆಡ್ಡಿ,JNP,ಜನತಾ ಪಕ್ಷ (JNP),18761,3636,#3182bd
1978,15,Jewargi,ಜೇವರ್ಗಿ,jewargi,jewargi_assembly_constituency,nan,ಸಾಮಾನ್ಯ,Dharam Singh Narayan SIngh,Dharam Singh Narayan Singh,INC(I),ಕಾಂಗ್ರೆಸ್ ಐ (INC-I),26584,54.1,Mallappa Malkappa Sahu Alur,Mallappa Malkappa Sahu Alur,JNP,ಜನತಾ ಪಕ್ಷ (JNP),14989,11595,#3182bd
1978,16,Gurmitkal,ಗುರಮಿಟ್ಕಲ್,gurmitkal,gurmitkal_assembly_constituency,nan,ಸಾಮಾನ್ಯ,Mallikarajun Kharge,Mallikarajun ಖರ್ಗೆ,INC(I),ಕಾಂಗ್ರೆಸ್ ಐ (INC-I),30380,65.0,G.Mahadevappa Tamanna,ಜಿ. ಮಹಾದೇವಪ್ಪ Tamanna,JNP,ಜನತಾ ಪಕ್ಷ (JNP),13781,16599,#3182bd
1978,17,Yadgir,ಯಾದಗಿರಿ,yadgir,yadgir_assembly_constituency,nan,ಸಾಮಾನ್ಯ,Sharnapa Nagappa Kalburgi Sharnapa Nagappa Kalburgi,Sharnapa Nagappa Kalburgi Sharnapa Nagappa Kalburgi,INC(I),ಕಾಂಗ್ರೆಸ್ ಐ (INC-I),28309,55.5,Vishwanathreddy Rachabngouda,Vishwanathreddy Rachabngouda,JNP,ಜನತಾ ಪಕ್ಷ (JNP),20759,7550,#3182bd
1978,18,Shahapur,ಶಹಾಪುರ,shahapur,shahapur_assembly_constituency,nan,ಸಾಮಾನ್ಯ,Shivanna Sawoor,ಶಿವಣ್ಣ Sawoor,INC(I),ಕಾಂಗ್ರೆಸ್ ಐ (INC-I),29132,59.9,Inayatur Rahman Ataur Rahman Siddigi,Inayatur Rahman Ataur Rahman Siddigi,JNP,ಜನತಾ ಪಕ್ಷ (JNP),16098,13034,#3182bd
1978,19,Shorapur,ಶೋರಾಪುರ,shorapur,shorapur_assembly_constituency,ST,ಪರಿಶಿಷ್ಟ ಪಂಗಡ (ST),Raja Kumar Naik,Raja ಕುಮಾರ್ ನಾಯಕ್,INC(I),ಕಾಂಗ್ರೆಸ್ ಐ (INC-I),23201,52.0,Raja Pid Naik,Raja Pid ನಾಯಕ್,JNP,ಜನತಾ ಪಕ್ಷ (JNP),16461,6740,#3182bd
1978,20,Devadurga,ದೇವದುರ್ಗ,devadurga,devadurga_assembly_constituency,ST,ಪರಿಶಿಷ್ಟ ಪಂಗಡ (ST),B. Shivanna,ಬಿ. ಶಿವಣ್ಣ,INC(I),ಕಾಂಗ್ರೆಸ್ ಐ (INC-I),21752,62.6,Noorya Naik Hemlya Naik,Noorya ನಾಯಕ್ Hemlya ನಾಯಕ್,JNP,ಜನತಾ ಪಕ್ಷ (JNP),9921,11831,#3182bd
1978,21,Raichur,ರಾಯಚೂರು,raichur,raichur_assembly_constituency,nan,ಸಾಮಾನ್ಯ,Nazeer Ahmad Siddiqui,Nazeer Ahmad Siddiqui,INC(I),ಕಾಂಗ್ರೆಸ್ ಐ (INC-I),20619,54.5,V. Rajanna Laxayya,ವಿ. Rajanna Laxayya,IND,ಪಕ್ಷೇತರ (IND),9013,11606,#3182bd
1978,22,Kalmala,Kalmala,kalmala,kalmala_assembly_constituency,nan,ಸಾಮಾನ್ಯ,Sudhendra Rao Kasbe,Sudhendra ರಾವ್ Kasbe,INC(I),ಕಾಂಗ್ರೆಸ್ ಐ (INC-I),19301,50.2,Muniyappa Muddanna,Muniyappa Muddanna,JNP,ಜನತಾ ಪಕ್ಷ (JNP),11957,7344,#3182bd
1978,23,Manvi,ಮಾನ್ವಿ,manvi,manvi_assembly_constituency,ST,ಪರಿಶಿಷ್ಟ ಪಂಗಡ (ST),R. Ambanna Naik Dorai Hanamappa Naik,ಆರ್. Ambanna ನಾಯಕ್ Dorai Hanamappa ನಾಯಕ್,INC(I),ಕಾಂಗ್ರೆಸ್ ಐ (INC-I),17325,39.3,K. Rajasekharappa,ಕೆ. Rajasekharappa,JNP,ಜನತಾ ಪಕ್ಷ (JNP),15817,1508,#3182bd
1978,24,Lingsugur,Lingsugur,lingsugur,lingsugur_assembly_constituency,SC,ಪರಿಶಿಷ್ಟ ಜಾತಿ (SC),Baswaraj Appagouda Timmangouda Anwari,Baswaraj Appagouda Timmangouda Anwari,INC(I),ಕಾಂಗ್ರೆಸ್ ಐ (INC-I),28510,54.8,Raj Amarappa Naik,Raj Amarappa ನಾಯಕ್,JNP,ಜನತಾ ಪಕ್ಷ (JNP),20809,7701,#3182bd
1978,25,Sindhnoor,Sindhnoor,sindhnoor,sindhnoor_assembly_constituency,nan,ಸಾಮಾನ್ಯ,Narayanappa Hanumanthappa,Narayanappa Hanumanthappa,INC(I),ಕಾಂಗ್ರೆಸ್ ಐ (INC-I),21536,37.1,Amare Gouda Channan Gouda,Amare Gouda Channan Gouda,INC,ಕಾಂಗ್ರೆಸ್ (INC),18875,2661,#3182bd
1978,26,Kushtagi,ಕುಷ್ಟಗಿ,kushtagi,kushtagi_assembly_constituency,nan,ಸಾಮಾನ್ಯ,M. Ganganna Bheemappa,ಎಂ. Ganganna Bheemappa,INC(I),ಕಾಂಗ್ರೆಸ್ ಐ (INC-I),27908,57.4,Vittappa Pampanna Kantli,Vittappa Pampanna Kantli,JNP,ಜನತಾ ಪಕ್ಷ (JNP),9699,18209,#3182bd
1978,27,Yelburga,ಯಲಬುರ್ಗಾ,yelburga,yelburga_assembly_constituency,nan,ಸಾಮಾನ್ಯ,Shrilingraj Shivashankar Rao,Shrilingraj Shivashankar ರಾವ್,INC(I),ಕಾಂಗ್ರೆಸ್ ಐ (INC-I),32453,63.6,Shankarappa Siddappa,Shankarappa Siddappa,JNP,ಜನತಾ ಪಕ್ಷ (JNP),14504,17949,#3182bd
1978,28,Kanakagiri,ಕನಕಗಿರಿ,kanakagiri,kanakagiri_assembly_constituency,SC,ಪರಿಶಿಷ್ಟ ಜಾತಿ (SC),M.Nagappa Mukappa,ಎಂ. Nagappa Mukappa,INC(I),ಕಾಂಗ್ರೆಸ್ ಐ (INC-I),27932,57.7,Mariyappa Doddabasappa Bhatada,Mariyappa Doddabasappa Bhatada,JNP,ಜನತಾ ಪಕ್ಷ (JNP),12924,15008,#3182bd
1978,29,Gangavathi,ಗಂಗಾವತಿ,gangavathi,gangavathi_assembly_constituency,nan,ಸಾಮಾನ್ಯ,C.Yadave Rao Shesha Rao,ಸಿ. Yadave ರಾವ್ Shesha ರಾವ್,INC(I),ಕಾಂಗ್ರೆಸ್ ಐ (INC-I),31973,57.3,Srirangadevarayalu VCeeravenkatadevarayalu,Srirangadevarayalu Vceeravenkatadevarayalu,JNP,ಜನತಾ ಪಕ್ಷ (JNP),18652,13321,#3182bd
1978,30,Koppal,ಕೊಪ್ಪಳ,koppal,koppal_assembly_constituency,nan,ಸಾಮಾನ್ಯ,Veeranna Pampanna Mudgal,Veeranna Pampanna Mudgal,INC(I),ಕಾಂಗ್ರೆಸ್ ಐ (INC-I),30402,61.7,Shankragouda Lingagouda Singataloor,Shankragouda Lingagouda Singataloor,JNP,ಜನತಾ ಪಕ್ಷ (JNP),13353,17049,#3182bd
1978,31,Siruguppa,ಸಿರುಗುಪ್ಪ,siruguppa,siruguppa_assembly_constituency,ST,ಪರಿಶಿಷ್ಟ ಪಂಗಡ (ST),Ramaiah B. E.,Ramaiah ಬಿ. ಇ.,INC(I),ಕಾಂಗ್ರೆಸ್ ಐ (INC-I),34465,52.8,Narayana Swamy K.,Narayana ಸ್ವಾಮಿ ಕೆ.,JNP,ಜನತಾ ಪಕ್ಷ (JNP),25596,8869,#3182bd
1978,32,Kurugodu,Kurugodu,kurugodu,kurugodu_assembly_constituency,nan,ಸಾಮಾನ್ಯ,Ramappa M.,Ramappa ಎಂ.,INC(I),ಕಾಂಗ್ರೆಸ್ ಐ (INC-I),26833,51.1,Karibasappa Allam,Karibasappa Allam,JNP,ಜನತಾ ಪಕ್ಷ (JNP),19168,7665,#3182bd
1978,33,Bellary,ಬಳ್ಳಾರಿ,bellary,bellary_assembly_constituency,ST,ಪರಿಶಿಷ್ಟ ಪಂಗಡ (ST),Bhasker Naidu K.,Bhasker Naidu ಕೆ.,INC(I),ಕಾಂಗ್ರೆಸ್ ಐ (INC-I),25911,48.5,Abdul Huq,Abdul Huq,JNP,ಜನತಾ ಪಕ್ಷ (JNP),21147,4764,#3182bd
1978,34,Hospet,ಹೊಸಪೇಟೆ,hospet,hospet_assembly_constituency,nan,ಸಾಮಾನ್ಯ,K. Gudusaheb,ಕೆ. Gudusaheb,INC(I),ಕಾಂಗ್ರೆಸ್ ಐ (INC-I),34855,53.9,G. Shankara Goud,ಜಿ. Shankara Goud,JNP,ಜನತಾ ಪಕ್ಷ (JNP),26754,8101,#3182bd
1978,35,Sandur,ಸಂಡೂರು,sandur,sandur_assembly_constituency,ST,ಪರಿಶಿಷ್ಟ ಪಂಗಡ (ST),C. Rudrappa,ಸಿ. Rudrappa,INC(I),ಕಾಂಗ್ರೆಸ್ ಐ (INC-I),31206,62.2,Y. Thimmappa,ವೈ. Thimmappa,JNP,ಜನತಾ ಪಕ್ಷ (JNP),15318,15888,#3182bd
1978,36,Kudligi,ಕೂಡ್ಲಿಗಿ,kudligi,kudligi_assembly_constituency,ST,ಪರಿಶಿಷ್ಟ ಪಂಗಡ (ST),T. Somappa,ಟಿ. Somappa,INC(I),ಕಾಂಗ್ರೆಸ್ ಐ (INC-I),31136,63.8,B. Sathyanarayana Sing,ಬಿ. Sathyanarayana Sing,JNP,ಜನತಾ ಪಕ್ಷ (JNP),13942,17194,#3182bd
1978,37,Kottur,Kottur,kottur,kottur_assembly_constituency,nan,ಸಾಮಾನ್ಯ,M. M. J. Sadyojatha,ಎಂ. ಎಂ. ಜೆ. Sadyojatha,INC(I),ಕಾಂಗ್ರೆಸ್ ಐ (INC-I),26076,49.1,B. S. Veerabhadrappa,ಬಿ. ಎಸ್. Veerabhadrappa,JNP,ಜನತಾ ಪಕ್ಷ (JNP),17401,8675,#3182bd
1978,38,Hadagalli,ಹೂವಿನಹಡಗಲಿ,hadagalli,hadagalli_assembly_constituency,SC,ಪರಿಶಿಷ್ಟ ಜಾತಿ (SC),Karibasavanagoud Kogali,Karibasavanagoud Kogali,INC(I),ಕಾಂಗ್ರೆಸ್ ಐ (INC-I),26962,47.2,M.P.Prakash,ಎಂ. ಪಿ. ಪ್ರಕಾಶ್,JNP,ಜನತಾ ಪಕ್ಷ (JNP),22952,4010,#3182bd
1978,39,Harapanahalli,ಹರಪನಹಳ್ಳಿ,harapanahalli,harapanahalli_assembly_constituency,nan,ಸಾಮಾನ್ಯ,D. Narayanadas,ಡಿ. Narayanadas,INC(I),ಕಾಂಗ್ರೆಸ್ ಐ (INC-I),26244,51.9,B.Y. Namanaik,ಬಿ. ವೈ. Namanaik,JNP,ಜನತಾ ಪಕ್ಷ (JNP),20151,6093,#3182bd
1978,40,Harihar,Harihar,harihar,harihar_assembly_constituency,nan,ಸಾಮಾನ್ಯ,P.Basavana Gowda,ಪಿ. Basavana ಗೌಡ,INC(I),ಕಾಂಗ್ರೆಸ್ ಐ (INC-I),36644,55.4,H.Shivappa,ಎಚ್. Shivappa,JNP,ಜನತಾ ಪಕ್ಷ (JNP),26359,10285,#3182bd
1978,41,Davangere,Davangere,davangere,davangere_assembly_constituency,nan,ಸಾಮಾನ್ಯ,Pampathi,Pampathi,CPI,ಸಿಪಿಐ (CPI),32199,51.1,K. Mallappa,ಕೆ. Mallappa,JNP,ಜನತಾ ಪಕ್ಷ (JNP),24410,7789,#de2d26
1978,42,Mayakonda,ಮಾಯಾಕೊಂಡ,mayakonda,mayakonda_assembly_constituency,SC,ಪರಿಶಿಷ್ಟ ಜಾತಿ (SC),Nagamma C. Keshavamurty,Nagamma ಸಿ. Keshavamurty,INC(I),ಕಾಂಗ್ರೆಸ್ ಐ (INC-I),28277,47.0,K.G. Maheswarappa,ಕೆ. ಜಿ. Maheswarappa,JNP,ಜನತಾ ಪಕ್ಷ (JNP),22556,5721,#3182bd
1978,43,Bharamasagara,Bharamasagara,bharamasagara,bharamasagara_assembly_constituency,SC,ಪರಿಶಿಷ್ಟ ಜಾತಿ (SC),T.Chowdiah,ಟಿ. Chowdiah,INC(I),ಕಾಂಗ್ರೆಸ್ ಐ (INC-I),26124,53.1,H.Putta Bai,ಎಚ್. Putta Bai,JNP,ಜನತಾ ಪಕ್ಷ (JNP),14659,11465,#3182bd
1978,44,Chitradurga,ಚಿತ್ರದುರ್ಗ,chitradurga,chitradurga_assembly_constituency,nan,ಸಾಮಾನ್ಯ,V.Masiyappa,ವಿ. Masiyappa,INC(I),ಕಾಂಗ್ರೆಸ್ ಐ (INC-I),32697,57.5,C.Abdul Rahim,ಸಿ. Abdul Rahim,JNP,ಜನತಾ ಪಕ್ಷ (JNP),21621,11076,#3182bd
1978,45,Jagalur,ಜಗಳೂರು,jagalur,jagalur_assembly_constituency,ST,ಪರಿಶಿಷ್ಟ ಪಂಗಡ (ST),G.H. Aswatha Reddy,ಜಿ. ಎಚ್. Aswatha ರೆಡ್ಡಿ,JNP,ಜನತಾ ಪಕ್ಷ (JNP),23555,40.1,B.H. Sreenivasanaik,ಬಿ. ಎಚ್. Sreenivasanaik,INC(I),ಕಾಂಗ್ರೆಸ್ ಐ (INC-I),23496,59,#ff7f0e
1978,46,Molakalmuru,ಮೊಳಕಾಲ್ಮೂರು,molakalmuru,molakalmuru_assembly_constituency,ST,ಪರಿಶಿಷ್ಟ ಪಂಗಡ (ST),Patil Papanaik,ಪಾಟೀಲ್ Papanaik,INC(I),ಕಾಂಗ್ರೆಸ್ ಐ (INC-I),30316,50.5,H.C. Boraiah,ಎಚ್. ಸಿ. Boraiah,JNP,ಜನತಾ ಪಕ್ಷ (JNP),27075,3241,#3182bd
1978,47,Challakere,ಚಳ್ಳಕೆರೆ,challakere,challakere_assembly_constituency,ST,ಪರಿಶಿಷ್ಟ ಪಂಗಡ (ST),N.Jayanna,ಎನ್. Jayanna,INC(I),ಕಾಂಗ್ರೆಸ್ ಐ (INC-I),38411,63.2,B.L.Gowda,ಬಿ. ಎಲ್. ಗೌಡ,JNP,ಜನತಾ ಪಕ್ಷ (JNP),21120,17291,#3182bd
1978,48,Hiriyur,ಹಿರಿಯೂರು,hiriyur,hiriyur_assembly_constituency,nan,ಸಾಮಾನ್ಯ,K.H.Ranganath,ಕೆ. ಎಚ್. Ranganath,INC(I),ಕಾಂಗ್ರೆಸ್ ಐ (INC-I),40938,68.7,D.Manjunath,ಡಿ. Manjunath,JNP,ಜನತಾ ಪಕ್ಷ (JNP),16730,24208,#3182bd
1978,49,Holalkere,ಹೊಳಲ್ಕೆರೆ,holalkere,holalkere_assembly_constituency,SC,ಪರಿಶಿಷ್ಟ ಜಾತಿ (SC),K.H.Siddarampna,ಕೆ. ಎಚ್. Siddarampna,INC(I),ಕಾಂಗ್ರೆಸ್ ಐ (INC-I),20573,33.5,M.B.Thipparudrappa,ಎಂ. ಬಿ. Thipparudrappa,INC,ಕಾಂಗ್ರೆಸ್ (INC),19904,669,#3182bd
1978,50,Hosadurga,ಹೊಸದುರ್ಗ,hosadurga,hosadurga_assembly_constituency,nan,ಸಾಮಾನ್ಯ,K.Venkataramaiah,ಕೆ. Venkataramaiah,INC(I),ಕಾಂಗ್ರೆಸ್ ಐ (INC-I),30539,51.3,K.R.Shivaprakash,ಕೆ. ಆರ್. Shivaprakash,INC,ಕಾಂಗ್ರೆಸ್ (INC),13285,17254,#3182bd
1978,51,Pavagada,ಪಾವಗಡ,pavagada,pavagada_assembly_constituency,SC,ಪರಿಶಿಷ್ಟ ಜಾತಿ (SC),Nagappa,Nagappa,INC(I),ಕಾಂಗ್ರೆಸ್ ಐ (INC-I),31511,48.1,D.Anjanappa,ಡಿ. Anjanappa,JNP,ಜನತಾ ಪಕ್ಷ (JNP),20341,11170,#3182bd
1978,52,Sira,ಸಿರಾ,sira,sira_assembly_constituency,nan,ಸಾಮಾನ್ಯ,S.Lingaiah,ಎಸ್. Lingaiah,INC(I),ಕಾಂಗ್ರೆಸ್ ಐ (INC-I),32270,54.9,P.Mudlegowda,ಪಿ. Mudlegowda,JNP,ಜನತಾ ಪಕ್ಷ (JNP),22775,9495,#3182bd
1978,53,Kallambella,Kallambella,kallambella,kallambella_assembly_constituency,nan,ಸಾಮಾನ್ಯ,T.B.Jayachandra,ಟಿ. ಬಿ. Jayachandra,INC(I),ಕಾಂಗ್ರೆಸ್ ಐ (INC-I),27645,52.9,B.Ganganna,ಬಿ. Ganganna,JNP,ಜನತಾ ಪಕ್ಷ (JNP),19833,7812,#3182bd
1978,54,Bellavi,Bellavi,bellavi,bellavi_assembly_constituency,nan,ಸಾಮಾನ್ಯ,G.S.Shivananjappa,ಜಿ. ಎಸ್. Shivananjappa,JNP,ಜನತಾ ಪಕ್ಷ (JNP),27736,47.4,R.Narayana,ಆರ್. Narayana,INC(I),ಕಾಂಗ್ರೆಸ್ ಐ (INC-I),27134,602,#ff7f0e
1978,55,Madhugiri,ಮಧುಗಿರಿ,madhugiri,madhugiri_assembly_constituency,nan,ಸಾಮಾನ್ಯ,Gangahamumaiah,Gangahamumaiah,INC(I),ಕಾಂಗ್ರೆಸ್ ಐ (INC-I),32686,51.9,Gangabovi,Gangabovi,JNP,ಜನತಾ ಪಕ್ಷ (JNP),25820,6866,#3182bd
1978,56,Koratagere,ಕೊರಟಗೆರೆ,koratagere,koratagere_assembly_constituency,SC,ಪರಿಶಿಷ್ಟ ಜಾತಿ (SC),Muddaramaiah,Muddaramaiah,INC(I),ಕಾಂಗ್ರೆಸ್ ಐ (INC-I),29833,46.8,Veeranna,Veeranna,JNP,ಜನತಾ ಪಕ್ಷ (JNP),24835,4998,#3182bd
1978,57,Tumkur,Tumkur,tumkur,tumkur_assembly_constituency,nan,ಸಾಮಾನ್ಯ,Nazeer Ahmed,Nazeer Ahmed,INC(I),ಕಾಂಗ್ರೆಸ್ ಐ (INC-I),34199,53.8,Mohamed Gaiban Khan,Mohamed Gaiban Khan,JNP,ಜನತಾ ಪಕ್ಷ (JNP),24733,9466,#3182bd
1978,58,Kunigal,ಕುಣಿಗಲ್,kunigal,kunigal_assembly_constituency,nan,ಸಾಮಾನ್ಯ,Andanaiah,Andanaiah,INC(I),ಕಾಂಗ್ರೆಸ್ ಐ (INC-I),32654,53.3,Thammanna G.,Thammanna ಜಿ.,JNP,ಜನತಾ ಪಕ್ಷ (JNP),24463,8191,#3182bd
1978,59,Huliyurdurga,Huliyurdurga,huliyurdurga,huliyurdurga_assembly_constituency,nan,ಸಾಮಾನ್ಯ,Mayanna D.T,Mayanna ಡಿ. ಟಿ.,JNP,ಜನತಾ ಪಕ್ಷ (JNP),25045,47.7,Boregowda H.,Boregowda ಎಚ್.,INC(I),ಕಾಂಗ್ರೆಸ್ ಐ (INC-I),15595,9450,#ff7f0e
1978,60,Gubbi,ಗುಬ್ಬಿ,gubbi,gubbi_assembly_constituency,nan,ಸಾಮಾನ್ಯ,Gatti Chandrashekar,Gatti Chandrashekar,INC(I),ಕಾಂಗ್ರೆಸ್ ಐ (INC-I),28186,48.9,S.Revanna,ಎಸ್. Revanna,JNP,ಜನತಾ ಪಕ್ಷ (JNP),24117,4069,#3182bd
1978,61,Turuvekere,ತುರುವೇಕೆರೆ,turuvekere,turuvekere_assembly_constituency,nan,ಸಾಮಾನ್ಯ,K.H.Ramakrishnaiah,ಕೆ. ಎಚ್. Ramakrishnaiah,INC(I),ಕಾಂಗ್ರೆಸ್ ಐ (INC-I),23270,39.3,D.M. Nanjappa,ಡಿ. ಎಂ. Nanjappa,JNP,ಜನತಾ ಪಕ್ಷ (JNP),20747,2523,#3182bd
1978,62,Tiptur,ತಿಪಟೂರು,tiptur,tiptur_assembly_constituency,nan,ಸಾಮಾನ್ಯ,V.L. Shivappa,ವಿ. ಎಲ್. Shivappa,INC(I),ಕಾಂಗ್ರೆಸ್ ಐ (INC-I),28339,46.4,M.R.Ramanna,ಎಂ. ಆರ್. Ramanna,JNP,ಜನತಾ ಪಕ್ಷ (JNP),26511,1828,#3182bd
1978,63,Chiknaikanahalli,Chiknaikanahalli,chiknaikanahalli,chiknaikanahalli_assembly_constituency,nan,ಸಾಮಾನ್ಯ,N.Basavaiah,ಎನ್. Basavaiah,INC(I),ಕಾಂಗ್ರೆಸ್ ಐ (INC-I),31627,54.6,T.M. Majabath,ಟಿ. ಎಂ. Majabath,JNP,ಜನತಾ ಪಕ್ಷ (JNP),22594,9033,#3182bd
1978,64,Gauribidanur,ಗೌರಿಬಿದನೂರು,gauribidanur,gauribidanur_assembly_constituency,nan,ಸಾಮಾನ್ಯ,Papaiah B.N.k,Papaiah ಬಿ. ಎನ್. ಕೆ.,INC(I),ಕಾಂಗ್ರೆಸ್ ಐ (INC-I),33756,51.4,Lakshmi Pathi R.N.,ಲಕ್ಷ್ಮಿ Pathi ಆರ್. ಎನ್.,JNP,ಜನತಾ ಪಕ್ಷ (JNP),29932,3824,#3182bd
1978,65,Chikballapur,Chikballapur,chikballapur,chikballapur_assembly_constituency,SC,ಪರಿಶಿಷ್ಟ ಜಾತಿ (SC),Renuka Rajendran,Renuka Rajendran,INC(I),ಕಾಂಗ್ರೆಸ್ ಐ (INC-I),32378,55.6,Muniyapa A.,Muniyapa ಎ.,JNP,ಜನತಾ ಪಕ್ಷ (JNP),22008,10370,#3182bd
1978,66,Sidlaghatta,ಶಿಡ್ಲಘಟ್ಟ,sidlaghatta,sidlaghatta_assembly_constituency,nan,ಸಾಮಾನ್ಯ,S.Munishamapra,ಎಸ್. Munishamapra,INC(I),ಕಾಂಗ್ರೆಸ್ ಐ (INC-I),34683,52.8,E.Venkmatarayappa,ಇ. Venkmatarayappa,JNP,ಜನತಾ ಪಕ್ಷ (JNP),27106,7577,#3182bd
1978,67,Bagepalli,ಬಾಗೇಪಲ್ಲಿ,bagepalli,bagepalli_assembly_constituency,nan,ಸಾಮಾನ್ಯ,S.Muni kaju,ಎಸ್. Muni Kaju,INC(I),ಕಾಂಗ್ರೆಸ್ ಐ (INC-I),27052,47.5,V.Krishna Rao,ವಿ. Krishna ರಾವ್,INC,ಕಾಂಗ್ರೆಸ್ (INC),10337,16715,#3182bd
1978,68,Chintamani,ಚಿಂತಾಮಣಿ,chintamani,chintamani_assembly_constituency,nan,ಸಾಮಾನ್ಯ,Chowdareddy,Chowdareddy,INC(I),ಕಾಂಗ್ರೆಸ್ ಐ (INC-I),46062,68.5,T.K. Gangireddy,ಟಿ. ಕೆ. Gangireddy,JNP,ಜನತಾ ಪಕ್ಷ (JNP),19692,26370,#3182bd
1978,69,Srinivasapur,ಶ್ರೀನಿವಾಸಪುರ,srinivasapur,srinivasapur_assembly_constituency,nan,ಸಾಮಾನ್ಯ,Ramesh Kumar,ರಮೇಶ್ ಕುಮಾರ್,INC(I),ಕಾಂಗ್ರೆಸ್ ಐ (INC-I),31867,58.9,R.G.Narayanareddy,ಆರ್. ಜಿ. Narayanareddy,INC,ಕಾಂಗ್ರೆಸ್ (INC),12067,19800,#3182bd
1978,70,Mulbagal,ಮುಳಬಾಗಿಲು,mulbagal,mulbagal_assembly_constituency,SC,ಪರಿಶಿಷ್ಟ ಜಾತಿ (SC),J.M.Reddy,ಜೆ. ಎಂ. ರೆಡ್ಡಿ,INC(I),ಕಾಂಗ್ರೆಸ್ ಐ (INC-I),22300,34.9,Beere Gowda,Beere ಗೌಡ,JNP,ಜನತಾ ಪಕ್ಷ (JNP),17871,4429,#3182bd
1978,71,Kolar Gold Fields,Kolar Gold Fields,kolargoldfields,kolar_gold_fields_assembly_constituency,SC,ಪರಿಶಿಷ್ಟ ಜಾತಿ (SC),C.M.Arumugham,ಸಿ. ಎಂ. Arumugham,RPI,ಆರ್‌ಪಿಐ (RPI),21920,47.5,S.Rajagopal,ಎಸ್. Rajagopal,JNP,ಜನತಾ ಪಕ್ಷ (JNP),13784,8136,#8c564b
1978,72,Bethamangala,Bethamangala,bethamangala,bethamangala_assembly_constituency,SC,ಪರಿಶಿಷ್ಟ ಜಾತಿ (SC),C.Venkateshappa,ಸಿ. Venkateshappa,INC(I),ಕಾಂಗ್ರೆಸ್ ಐ (INC-I),27715,53.3,T.Channaiah,ಟಿ. Channaiah,JNP,ಜನತಾ ಪಕ್ಷ (JNP),14098,13617,#3182bd
1978,73,Kolar,ಕೋಲಾರ,kolar,kolar_assembly_constituency,nan,ಸಾಮಾನ್ಯ,M.Abdul Latheef,ಎಂ. Abdul Latheef,INC(I),ಕಾಂಗ್ರೆಸ್ ಐ (INC-I),26576,46.8,P.Venkatagiriyappa,ಪಿ. Venkatagiriyappa,JNP,ಜನತಾ ಪಕ್ಷ (JNP),26182,394,#3182bd
1978,74,Vemgal,Vemgal,vemgal,vemgal_assembly_constituency,nan,ಸಾಮಾನ್ಯ,S.Govinda Gowda,ಎಸ್. Govinda ಗೌಡ,INC(I),ಕಾಂಗ್ರೆಸ್ ಐ (INC-I),36000,55.8,C.Byre Gowda,ಸಿ. Byre ಗೌಡ,JNP,ಜನತಾ ಪಕ್ಷ (JNP),26239,9761,#3182bd
1978,75,Malur,ಮಲೂರು,malur,malur_assembly_constituency,nan,ಸಾಮಾನ್ಯ,P.N.Reddy,ಪಿ. ಎನ್. ರೆಡ್ಡಿ,INC(I),ಕಾಂಗ್ರೆಸ್ ಐ (INC-I),23656,45.4,Lakshmidevi Ramanna,Lakshmidevi Ramanna,JNP,ಜನತಾ ಪಕ್ಷ (JNP),14866,8790,#3182bd
1978,76,Malleshwaram,ಮಲ್ಲೇಶ್ವರಂ,malleshwaram,malleshwaram_assembly_constituency,nan,ಸಾಮಾನ್ಯ,P.Ramdev,ಪಿ. Ramdev,JNP,ಜನತಾ ಪಕ್ಷ (JNP),32936,57.0,M.S.Krishnan,ಎಂ. ಎಸ್. Krishnan,CPI,ಸಿಪಿಐ (CPI),20918,12018,#ff7f0e
1978,77,Rajajinagar,ರಾಜಾಜಿ ನಗರ,rajajinagar,rajajinagar_assembly_constituency,nan,ಸಾಮಾನ್ಯ,Mallur Ananda Rao,Mallur Ananda ರಾವ್,JNP,ಜನತಾ ಪಕ್ಷ (JNP),42693,52.6,B.C. Somasekhar,ಬಿ. ಸಿ. Somasekhar,INC(I),ಕಾಂಗ್ರೆಸ್ ಐ (INC-I),25173,17520,#ff7f0e
1978,78,Gandhinagar,ಗಾಂಧಿ ನಗರ,gandhinagar,gandhinagar_assembly_constituency,nan,ಸಾಮಾನ್ಯ,K.Lakshman,ಕೆ. Lakshman,INC(I),ಕಾಂಗ್ರೆಸ್ ಐ (INC-I),18372,37.2,M.R.Jayaram,ಎಂ. ಆರ್. Jayaram,JNP,ಜನತಾ ಪಕ್ಷ (JNP),15202,3170,#3182bd
1978,79,Chickpet,ಚಿಕ್ಕಪೇಟೆ,chickpet,chickpet_assembly_constituency,nan,ಸಾಮಾನ್ಯ,A.Lakshmisagar,ಎ. Lakshmisagar,JNP,ಜನತಾ ಪಕ್ಷ (JNP),19459,43.2,M.V.Thiwary,ಎಂ. ವಿ. Thiwary,INC(I),ಕಾಂಗ್ರೆಸ್ ಐ (INC-I),14756,4703,#ff7f0e
1978,80,Binnypet,Binnypet,binnypet,binnypet_assembly_constituency,nan,ಸಾಮಾನ್ಯ,I.P.D Salappa,ಐ. ಪಿ. ಡಿ. Salappa,INC(I),ಕಾಂಗ್ರೆಸ್ ಐ (INC-I),28037,44.7,K.Prabhkara Reddy,ಕೆ. Prabhkara ರೆಡ್ಡಿ,JNP,ಜನತಾ ಪಕ್ಷ (JNP),15474,12563,#3182bd
1978,81,Chamarajapet,Chamarajapet,chamarajapet,chamarajapet_assembly_constituency,nan,ಸಾಮಾನ್ಯ,Premila S.,Premila ಎಸ್.,JNP,ಜನತಾ ಪಕ್ಷ (JNP),20806,42.7,Prabhakar T.S.,Prabhakar ಟಿ. ಎಸ್.,INC(I),ಕಾಂಗ್ರೆಸ್ ಐ (INC-I),15697,5109,#ff7f0e
1978,82,Basavanagudi,ಬಸವನಗುಡಿ,basavanagudi,basavanagudi_assembly_constituency,nan,ಸಾಮಾನ್ಯ,Shamanna T.R.,Shamanna ಟಿ. ಆರ್.,JNP,ಜನತಾ ಪಕ್ಷ (JNP),47362,74.8,Narasinga Rao D.S.,Narasinga ರಾವ್ ಡಿ. ಎಸ್.,INC(I),ಕಾಂಗ್ರೆಸ್ ಐ (INC-I),14418,32944,#ff7f0e
1978,83,Jayanagar,ಜಯನಗರ,jayanagar,jayanagar_assembly_constituency,nan,ಸಾಮಾನ್ಯ,Chandrashekar M.,Chandrashekar ಎಂ.,JNP,ಜನತಾ ಪಕ್ಷ (JNP),35209,56.6,Sathyanarayana M.S.,Sathyanarayana ಎಂ. ಎಸ್.,INC(I),ಕಾಂಗ್ರೆಸ್ ಐ (INC-I),17941,17268,#ff7f0e
1978,84,Shanthinagar,ಶಾಂತಿ ನಗರ,shanthinagar,shanthinagar_assembly_constituency,SC,ಪರಿಶಿಷ್ಟ ಜಾತಿ (SC),Ranganathan P.K.,Ranganathan ಪಿ. ಕೆ.,INC(I),ಕಾಂಗ್ರೆಸ್ ಐ (INC-I),17851,40.8,Govindaraja P.D.,Govindaraja ಪಿ. ಡಿ.,JNP,ಜನತಾ ಪಕ್ಷ (JNP),14511,3340,#3182bd
1978,85,Shivajinagar,ಶಿವಾಜಿನಗರ,shivajinagar,shivajinagar_assembly_constituency,nan,ಸಾಮಾನ್ಯ,Ibrahim C.M.,Ibrahim ಸಿ. ಎಂ.,JNP,ಜನತಾ ಪಕ್ಷ (JNP),17725,49.3,"Srinivasulu Naidy\u, K.R.",Srinivasulu Naidy ಯು. ಕೆ. ಆರ್.,INC(I),ಕಾಂಗ್ರೆಸ್ ಐ (INC-I),13717,4008,#ff7f0e
1978,86,Bharathinagar,Bharathinagar,bharathinagar,bharathinagar_assembly_constituency,nan,ಸಾಮಾನ್ಯ,Michel B. Fernaneds,Michel ಬಿ. Fernaneds,JNP,ಜನತಾ ಪಕ್ಷ (JNP),14106,29.4,Muniswamy M.,Muniswamy ಎಂ.,INC(I),ಕಾಂಗ್ರೆಸ್ ಐ (INC-I),13498,608,#ff7f0e
1978,87,Jayamahal,Jayamahal,jayamahal,jayamahal_assembly_constituency,nan,ಸಾಮಾನ್ಯ,Jeevaraj Alva,Jeevaraj Alva,JNP,ಜನತಾ ಪಕ್ಷ (JNP),18316,39.7,Hameed Shah S.,Hameed Shah ಎಸ್.,INC(I),ಕಾಂಗ್ರೆಸ್ ಐ (INC-I),15991,2325,#ff7f0e
1978,88,Yelahanka,ಯಲಹಂಕ,yelahanka,yelahanka_assembly_constituency,nan,ಸಾಮಾನ್ಯ,B.Basavalingappa,ಬಿ. Basavalingappa,INC(I),ಕಾಂಗ್ರೆಸ್ ಐ (INC-I),33662,53.6,D.Munichinnappa,ಡಿ. Munichinnappa,JNP,ಜನತಾ ಪಕ್ಷ (JNP),28587,5075,#3182bd
1978,89,Uttarahalli,Uttarahalli,uttarahalli,uttarahalli_assembly_constituency,nan,ಸಾಮಾನ್ಯ,M.V. Rajasekharan,ಎಂ. ವಿ. Rajasekharan,JNP,ಜನತಾ ಪಕ್ಷ (JNP),34081,48.6,S.C. Venkatesh,ಎಸ್. ಸಿ. Venkatesh,INC(I),ಕಾಂಗ್ರೆಸ್ ಐ (INC-I),30944,3137,#ff7f0e
1978,90,Varthur,Varthur,varthur,varthur_assembly_constituency,nan,ಸಾಮಾನ್ಯ,B.V. Ramachandra Reddy,ಬಿ. ವಿ. Ramachandra ರೆಡ್ಡಿ,JNP,ಜನತಾ ಪಕ್ಷ (JNP),28613,41.1,H.T.Somashekara Reddy,ಎಚ್. ಟಿ. Somashekara ರೆಡ್ಡಿ,INC(I),ಕಾಂಗ್ರೆಸ್ ಐ (INC-I),19301,9312,#ff7f0e
1978,91,Kanakapura,ಕನಕಪುರ,kanakapura,kanakapura_assembly_constituency,nan,ಸಾಮಾನ್ಯ,Appaji C.,Appaji ಸಿ.,INC(I),ಕಾಂಗ್ರೆಸ್ ಐ (INC-I),30883,50.7,Srinivasa Murthy K.G,ಶ್ರೀನಿವಾಸ Murthy ಕೆ. ಜಿ.,JNP,ಜನತಾ ಪಕ್ಷ (JNP),27590,3293,#3182bd
1978,92,Sathanur,Sathanur,sathanur,sathanur_assembly_constituency,nan,ಸಾಮಾನ್ಯ,Shivalinge Gowda K.L,Shivalinge ಗೌಡ ಕೆ. ಎಲ್.,JNP,ಜನತಾ ಪಕ್ಷ (JNP),29243,46.9,Kariappa S.,Kariappa ಎಸ್.,INC(I),ಕಾಂಗ್ರೆಸ್ ಐ (INC-I),28840,403,#ff7f0e
1978,93,Channapatna,ಚನ್ನಪಟ್ಟಣ,channapatna,channapatna_assembly_constituency,nan,ಸಾಮಾನ್ಯ,D.T.Ramu,ಡಿ. ಟಿ. Ramu,INC(I),ಕಾಂಗ್ರೆಸ್ ಐ (INC-I),32601,46.3,B.J. Linge Gowda,ಬಿ. ಜೆ. Linge ಗೌಡ,IND,ಪಕ್ಷೇತರ (IND),19190,13411,#3182bd
1978,94,Ramanagaram,Ramanagaram,ramanagaram,ramanagaram_assembly_constituency,nan,ಸಾಮಾನ್ಯ,A.K. Abdul Samad,ಎ. ಕೆ. Abdul Samad,INC(I),ಕಾಂಗ್ರೆಸ್ ಐ (INC-I),27837,42.8,C.Boraiah,ಸಿ. Boraiah,JNP,ಜನತಾ ಪಕ್ಷ (JNP),20875,6962,#3182bd
1978,95,Magadi,ಮಾಗಡಿ,magadi,magadi_assembly_constituency,nan,ಸಾಮಾನ್ಯ,Bettaswamy Gowda,Bettaswamy ಗೌಡ,JNP,ಜನತಾ ಪಕ್ಷ (JNP),31628,49.1,Hulikatte G. Channappa,Hulikatte ಜಿ. Channappa,INC(I),ಕಾಂಗ್ರೆಸ್ ಐ (INC-I),26255,5373,#ff7f0e
1978,96,Doddaballapur,ದೊಡ್ಡಬಳ್ಳಾಪುರ,doddaballapur,doddaballapur_assembly_constituency,nan,ಸಾಮಾನ್ಯ,G.Ramegowda,ಜಿ. Ramegowda,INC(I),ಕಾಂಗ್ರೆಸ್ ಐ (INC-I),39476,56.9,A.Neelakantaiah,ಎ. Neelakantaiah,JNP,ಜನತಾ ಪಕ್ಷ (JNP),28338,11138,#3182bd
1978,97,Nelamangala,ನೆಲಮಂಗಲ,nelamangala,nelamangala_assembly_constituency,SC,ಪರಿಶಿಷ್ಟ ಜಾತಿ (SC),K.Prabhakar,ಕೆ. Prabhakar,INC(I),ಕಾಂಗ್ರೆಸ್ ಐ (INC-I),20666,44.1,Doddathimmaiah,Doddathimmaiah,JNP,ಜನತಾ ಪಕ್ಷ (JNP),19388,1278,#3182bd
1978,98,Devanahalli,ದೇವನಹಳ್ಳಿ,devanahalli,devanahalli_assembly_constituency,SC,ಪರಿಶಿಷ್ಟ ಜಾತಿ (SC),B.N. Bache Gowda,ಬಿ. ಎನ್. Bache ಗೌಡ,JNP,ಜನತಾ ಪಕ್ಷ (JNP),32919,47.9,Munu Gowda,Munu ಗೌಡ,INC(I),ಕಾಂಗ್ರೆಸ್ ಐ (INC-I),27246,5673,#ff7f0e
1978,99,Hosakote,ಹೊಸಕೋಟೆ,hosakote,hosakote_assembly_constituency,nan,ಸಾಮಾನ್ಯ,B.n.Bache Gowda,ಬಿ. ಎನ್. Bache ಗೌಡ,JNP,ಜನತಾ ಪಕ್ಷ (JNP),35387,47.5,Mune Gowda,Mune ಗೌಡ,INC,ಕಾಂಗ್ರೆಸ್ (INC),20795,14592,#ff7f0e
1978,100,Anekal,ಆನೇಕಲ್,anekal,anekal_assembly_constituency,SC,ಪರಿಶಿಷ್ಟ ಜಾತಿ (SC),Y.Ramakrishan,ವೈ. Ramakrishan,JNP,ಜನತಾ ಪಕ್ಷ (JNP),36041,55.9,M.Annappa,ಎಂ. Annappa,INC(I),ಕಾಂಗ್ರೆಸ್ ಐ (INC-I),24289,11752,#ff7f0e
1978,101,Nagamangala,ನಾಗಮಂಗಲ,nagamangala,nagamangala_assembly_constituency,nan,ಸಾಮಾನ್ಯ,H.T.Krishanappa,ಎಚ್. ಟಿ. Krishanappa,IND,ಪಕ್ಷೇತರ (IND),23721,39.7,K.Singarigowda,ಕೆ. Singarigowda,JNP,ಜನತಾ ಪಕ್ಷ (JNP),18475,5246,#7f7f7f
1978,102,Maddur,ಮದ್ದೂರು,maddur,maddur_assembly_constituency,nan,ಸಾಮಾನ್ಯ,M.Manchegowda,ಎಂ. Manchegowda,JNP,ಜನತಾ ಪಕ್ಷ (JNP),37261,57.2,A.D.Billigowda,ಎ. ಡಿ. Billigowda,INC(I),ಕಾಂಗ್ರೆಸ್ ಐ (INC-I),14700,22561,#ff7f0e
1978,103,Kiragaval,Kiragaval,kiragaval,kiragaval_assembly_constituency,nan,ಸಾಮಾನ್ಯ,G.Made Gowda,ಜಿ. Made ಗೌಡ,JNP,ಜನತಾ ಪಕ್ಷ (JNP),40711,64.0,Rame Gowda,Rame ಗೌಡ,INC(I),ಕಾಂಗ್ರೆಸ್ ಐ (INC-I),19480,21231,#ff7f0e
1978,104,Malavalli,ಮಳವಳ್ಳಿ,malavalli,malavalli_assembly_constituency,SC,ಪರಿಶಿಷ್ಟ ಜಾತಿ (SC),K.L. Mariswami,ಕೆ. ಎಲ್. Mariswami,JNP,ಜನತಾ ಪಕ್ಷ (JNP),27774,45.9,M. Shivaiah,ಎಂ. Shivaiah,INC(I),ಕಾಂಗ್ರೆಸ್ ಐ (INC-I),27712,62,#ff7f0e
1978,105,Mandya,ಮಂಡ್ಯ,mandya,mandya_assembly_constituency,nan,ಸಾಮಾನ್ಯ,M.S. Athmanada,ಎಂ. ಎಸ್. Athmanada,JNP,ಜನತಾ ಪಕ್ಷ (JNP),31041,48.7,Sadath Ali Khan,Sadath Ali Khan,INC(I),ಕಾಂಗ್ರೆಸ್ ಐ (INC-I),28294,2747,#ff7f0e
1978,106,Keragodu,Keragodu,keragodu,keragodu_assembly_constituency,nan,ಸಾಮಾನ್ಯ,H.D.Chowdaiah,ಎಚ್. ಡಿ. Chowdaiah,JNP,ಜನತಾ ಪಕ್ಷ (JNP),34515,61.6,M.D. Siddaramaiah,ಎಂ. ಡಿ. ಸಿದ್ದರಾಮಯ್ಯ,INC(I),ಕಾಂಗ್ರೆಸ್ ಐ (INC-I),14556,19959,#ff7f0e
1978,107,Srirangapatna,ಶ್ರೀರಂಗಪಟ್ಟಣ,srirangapatna,srirangapatna_assembly_constituency,nan,ಸಾಮಾನ್ಯ,M.Srinivas,ಎಂ. ಶ್ರೀನಿವಾಸ್,JNP,ಜನತಾ ಪಕ್ಷ (JNP),20127,33.7,C.L. Govindaraju,ಸಿ. ಎಲ್. Govindaraju,INC(I),ಕಾಂಗ್ರೆಸ್ ಐ (INC-I),18647,1480,#ff7f0e
1978,108,Pandavapura,Pandavapura,pandavapura,pandavapura_assembly_constituency,nan,ಸಾಮಾನ್ಯ,K.Rajagopal,ಕೆ. Rajagopal,JNP,ಜನತಾ ಪಕ್ಷ (JNP),27341,45.2,C.B.Marigowda,ಸಿ. ಬಿ. Marigowda,INC(I),ಕಾಂಗ್ರೆಸ್ ಐ (INC-I),17885,9456,#ff7f0e
1978,109,Krishnarajapete,Krishnarajapete,krishnarajapete,krishnarajapete_assembly_constituency,nan,ಸಾಮಾನ್ಯ,S.M.Lingappa,ಎಸ್. ಎಂ. Lingappa,JNP,ಜನತಾ ಪಕ್ಷ (JNP),26352,43.4,K.Ujjinilingeswar,ಕೆ. Ujjinilingeswar,INC(I),ಕಾಂಗ್ರೆಸ್ ಐ (INC-I),20040,6312,#ff7f0e
1978,110,Hanur,ಹನೂರು,hanur,hanur_assembly_constituency,nan,ಸಾಮಾನ್ಯ,Rajugowda G.,Rajugowda ಜಿ.,INC(I),ಕಾಂಗ್ರೆಸ್ ಐ (INC-I),37530,54.1,Nagappa H.,Nagappa ಎಚ್.,JNP,ಜನತಾ ಪಕ್ಷ (JNP),29447,8083,#3182bd
1978,111,Kollegal,ಕೊಳ್ಳೇಗಾಲ,kollegal,kollegal_assembly_constituency,SC,ಪರಿಶಿಷ್ಟ ಜಾತಿ (SC),Siddamadaiah M.,Siddamadaiah ಎಂ.,INC(I),ಕಾಂಗ್ರೆಸ್ ಐ (INC-I),28188,48.4,Basavaiah B.,Basavaiah ಬಿ.,JNP,ಜನತಾ ಪಕ್ಷ (JNP),26646,1542,#3182bd
1978,112,Bannur,Bannur,bannur,bannur_assembly_constituency,nan,ಸಾಮಾನ್ಯ,Madegtowda K.,Madegtowda ಕೆ.,INC(I),ಕಾಂಗ್ರೆಸ್ ಐ (INC-I),26422,42.2,Ramaswamy K.J.,Ramaswamy ಕೆ. ಜೆ.,JNP,ಜನತಾ ಪಕ್ಷ (JNP),22307,4115,#3182bd
1978,113,T.Narasipur,ಟಿ. Narasipur,tnarasipur,tnarasipur_assembly_constituency,SC,ಪರಿಶಿಷ್ಟ ಜಾತಿ (SC),Venkataramana P.,Venkataramana ಪಿ.,INC(I),ಕಾಂಗ್ರೆಸ್ ಐ (INC-I),28061,51.8,Sreenivasa Prasad V.,Sreenivasa Prasad ವಿ.,JNP,ಜನತಾ ಪಕ್ಷ (JNP),20334,7727,#3182bd
1978,114,Krishnaraja,Krishnaraja,krishnaraja,krishnaraja_assembly_constituency,nan,ಸಾಮಾನ್ಯ,H.Gangadharan,ಎಚ್. Gangadharan,JNP,ಜನತಾ ಪಕ್ಷ (JNP),25091,60.3,K.S. Suryanarayana Rao,ಕೆ. ಎಸ್. Suryanarayana ರಾವ್,INC(I),ಕಾಂಗ್ರೆಸ್ ಐ (INC-I),15150,9941,#ff7f0e
1978,115,Chamaraja,ಚಾಮರಾಜ,chamaraja,chamaraja_assembly_constituency,nan,ಸಾಮಾನ್ಯ,K.Puttaswamy,ಕೆ. Puttaswamy,JNP,ಜನತಾ ಪಕ್ಷ (JNP),24524,54.5,B.N. Kengegowda,ಬಿ. ಎನ್. Kengegowda,INC(I),ಕಾಂಗ್ರೆಸ್ ಐ (INC-I),18103,6421,#ff7f0e
1978,116,Narasimharaja,ನರಸಿಂಹರಾಜ,narasimharaja,narasimharaja_assembly_constituency,nan,ಸಾಮಾನ್ಯ,Azez Sait,Azez ಸೇಟ್,INC(I),ಕಾಂಗ್ರೆಸ್ ಐ (INC-I),28718,58.8,B.Ilyas Ahmad,ಬಿ. Ilyas Ahmad,JNP,ಜನತಾ ಪಕ್ಷ (JNP),16070,12648,#3182bd
1978,117,Chamundeswari,Chamundeswari,chamundeswari,chamundeswari_assembly_constituency,nan,ಸಾಮಾನ್ಯ,D.Jayadevaraja Urs,ಡಿ. Jayadevaraja Urs,INC(I),ಕಾಂಗ್ರೆಸ್ ಐ (INC-I),20529,36.4,M.Rajashekara Murthy,ಎಂ. Rajashekara Murthy,JNP,ಜನತಾ ಪಕ್ಷ (JNP),19450,1079,#3182bd
1978,118,Nanjangud,ನಂಜನಗೂಡು,nanjangud,nanjangud_assembly_constituency,SC,ಪರಿಶಿಷ್ಟ ಜಾತಿ (SC),K.B.Shivaiah,ಕೆ. ಬಿ. Shivaiah,INC(I),ಕಾಂಗ್ರೆಸ್ ಐ (INC-I),19639,37.7,Puttaveer Tharak,Puttaveer Tharak,JNP,ಜನತಾ ಪಕ್ಷ (JNP),12854,6785,#3182bd
1978,119,Santhemarahalli,Santhemarahalli,santhemarahalli,santhemarahalli_assembly_constituency,SC,ಪರಿಶಿಷ್ಟ ಜಾತಿ (SC),M.Madaiah (Ramasamundra),ಎಂ. Madaiah ( Ramasamundra ),INC(I),ಕಾಂಗ್ರೆಸ್ ಐ (INC-I),23026,44.8,S.M.Siddayya,ಎಸ್. ಎಂ. Siddayya,JNP,ಜನತಾ ಪಕ್ಷ (JNP),21398,1628,#3182bd
1978,120,Chamarajanagar,ಚಾಮರಾಜನಗರ,chamarajanagar,chamarajanagar_assembly_constituency,nan,ಸಾಮಾನ್ಯ,M.C.Basappa,ಎಂ. ಸಿ. Basappa,JNP,ಜನತಾ ಪಕ್ಷ (JNP),36389,48.8,S.Puttaswamy,ಎಸ್. Puttaswamy,INC,ಕಾಂಗ್ರೆಸ್ (INC),20511,15878,#ff7f0e
1978,121,Gundlupet,ಗುಂಡ್ಲುಪೇಟೆ,gundlupet,gundlupet_assembly_constituency,nan,ಸಾಮಾನ್ಯ,H.K.Shivarudrappa,ಎಚ್. ಕೆ. Shivarudrappa,IND,ಪಕ್ಷೇತರ (IND),27141,39.5,K.S. Nagarathanamma,ಕೆ. ಎಸ್. Nagarathanamma,IND,ಪಕ್ಷೇತರ (IND),26870,271,#7f7f7f
1978,122,Heggadadevanakote,Heggadadevanakote,heggadadevanakote,heggadadevanakote_assembly_constituency,SC,ಪರಿಶಿಷ್ಟ ಜಾತಿ (SC),Susheela Cheluvaraj,Susheela Cheluvaraj,INC(I),ಕಾಂಗ್ರೆಸ್ ಐ (INC-I),27821,48.3,H.B.Cheluvaiah,ಎಚ್. ಬಿ. Cheluvaiah,JNP,ಜನತಾ ಪಕ್ಷ (JNP),16661,11160,#3182bd
1978,123,Hunasuru,Hunasuru,hunasuru,hunasuru_assembly_constituency,nan,ಸಾಮಾನ್ಯ,D.Devaraj Urs,ಡಿ. Devaraj Urs,INC(I),ಕಾಂಗ್ರೆಸ್ ಐ (INC-I),36766,55.2,H.L. Thimmegowda,ಎಚ್. ಎಲ್. Thimmegowda,JNP,ಜನತಾ ಪಕ್ಷ (JNP),24711,12055,#3182bd
1978,124,Krishnarajanagara,Krishnarajanagara,krishnarajanagara,krishnarajanagara_assembly_constituency,nan,ಸಾಮಾನ್ಯ,Viswanatha H.,Viswanatha ಎಚ್.,INC(I),ಕಾಂಗ್ರೆಸ್ ಐ (INC-I),33571,54.9,Nanjappa S.,Nanjappa ಎಸ್.,JNP,ಜನತಾ ಪಕ್ಷ (JNP),24441,9130,#3182bd
1978,125,Periyapatna,ಪಿರಿಯಾಪಟ್ಟಣ,periyapatna,periyapatna_assembly_constituency,nan,ಸಾಮಾನ್ಯ,Kala Marigowda K. S.,Kala Marigowda ಕೆ. ಎಸ್.,JNP,ಜನತಾ ಪಕ್ಷ (JNP),28152,42.3,Kariyappa K. P.,Kariyappa ಕೆ. ಪಿ.,INC(I),ಕಾಂಗ್ರೆಸ್ ಐ (INC-I),20847,7305,#ff7f0e
1978,126,Virajpet,ವಿರಾಜಪೇಟೆ,virajpet,virajpet_assembly_constituency,nan,ಸಾಮಾನ್ಯ,G. K. Subhaiah,ಜಿ. ಕೆ. Subhaiah,INC(I),ಕಾಂಗ್ರೆಸ್ ಐ (INC-I),25309,48.5,Paniyeravara P. Choma,Paniyeravara ಪಿ. Choma,JNP,ಜನತಾ ಪಕ್ಷ (JNP),23040,2269,#3182bd
1978,127,Madikere,Madikere,madikere,madikere_assembly_constituency,nan,ಸಾಮಾನ್ಯ,Merianda C. Nanaiah,Merianda ಸಿ. Nanaiah,INC(I),ಕಾಂಗ್ರೆಸ್ ಐ (INC-I),25327,44.2,A. K. Subbaiah,ಎ. ಕೆ. Subbaiah,JNP,ಜನತಾ ಪಕ್ಷ (JNP),22453,2874,#3182bd
1978,128,Somwarpet,Somwarpet,somwarpet,somwarpet_assembly_constituency,nan,ಸಾಮಾನ್ಯ,R. Gunda Rao,ಆರ್. Gunda ರಾವ್,INC(I),ಕಾಂಗ್ರೆಸ್ ಐ (INC-I),31588,51.3,B. A. Jivijaya,ಬಿ. ಎ. Jivijaya,JNP,ಜನತಾ ಪಕ್ಷ (JNP),27982,3606,#3182bd
1978,129,Belur,ಬೇಲೂರು,belur,belur_assembly_constituency,nan,ಸಾಮಾನ್ಯ,Lakshmanaiah B. H.,Lakshmanaiah ಬಿ. ಎಚ್.,JNP,ಜನತಾ ಪಕ್ಷ (JNP),26045,50.1,Udayakumar,Udayakumar,INC(I),ಕಾಂಗ್ರೆಸ್ ಐ (INC-I),23286,2759,#ff7f0e
1978,130,Arsikere,ಅರಸೀಕೆರೆ,arsikere,arsikere_assembly_constituency,nan,ಸಾಮಾನ್ಯ,D. B. Gangadharappa,ಡಿ. ಬಿ. Gangadharappa,INC(I),ಕಾಂಗ್ರೆಸ್ ಐ (INC-I),36062,56.5,K. N. Durgappa Setty,ಕೆ. ಎನ್. Durgappa Setty,JNP,ಜನತಾ ಪಕ್ಷ (JNP),19585,16477,#3182bd
1978,131,Gandsi,Gandsi,gandsi,gandsi_assembly_constituency,nan,ಸಾಮಾನ್ಯ,Haranahalli Ramaswamy,Haranahalli Ramaswamy,INC(I),ಕಾಂಗ್ರೆಸ್ ಐ (INC-I),23352,42.9,B. Nanjappa,ಬಿ. Nanjappa,JNP,ಜನತಾ ಪಕ್ಷ (JNP),21484,1868,#3182bd
1978,132,Sravanabelagola,Sravanabelagola,sravanabelagola,sravanabelagola_assembly_constituency,nan,ಸಾಮಾನ್ಯ,H. C. Srikantaiah,ಎಚ್. ಸಿ. Srikantaiah,INC(I),ಕಾಂಗ್ರೆಸ್ ಐ (INC-I),43045,60.7,N. Gangadhara,ಎನ್. Gangadhara,JNP,ಜನತಾ ಪಕ್ಷ (JNP),25440,17605,#3182bd
1978,133,Holenarasipur,ಹೊಳೆನರಸೀಪುರ,holenarasipur,holenarasipur_assembly_constituency,nan,ಸಾಮಾನ್ಯ,H D Devegowda,ಎಚ್. ಡಿ. Devegowda,JNP,ಜನತಾ ಪಕ್ಷ (JNP),33992,52.4,K. Kumaraswamy,ಕೆ. Kumaraswamy,INC(I),ಕಾಂಗ್ರೆಸ್ ಐ (INC-I),28472,5520,#ff7f0e
1978,134,Arkalgud,ಅರಕಲಗೂಡು,arkalgud,arkalgud_assembly_constituency,nan,ಸಾಮಾನ್ಯ,Mallapa K. B.,Mallapa ಕೆ. ಬಿ.,JNP,ಜನತಾ ಪಕ್ಷ (JNP),32315,55.0,Puttalingegowda,Puttalingegowda,INC(I),ಕಾಂಗ್ರೆಸ್ ಐ (INC-I),13824,18491,#ff7f0e
1978,135,Hassan,ಹಾಸನ,hassan,hassan_assembly_constituency,nan,ಸಾಮಾನ್ಯ,Hanumegowda K. H.,Hanumegowda ಕೆ. ಎಚ್.,INC(I),ಕಾಂಗ್ರೆಸ್ ಐ (INC-I),34344,54.8,Munivenkate Gowda A. C.,Munivenkate ಗೌಡ ಎ. ಸಿ.,JNP,ಜನತಾ ಪಕ್ಷ (JNP),24731,9613,#3182bd
1978,136,Sakleshpur,ಸಕಲೇಶಪುರ,sakleshpur,sakleshpur_assembly_constituency,SC,ಪರಿಶಿಷ್ಟ ಜಾತಿ (SC),Somappa J. D.,Somappa ಜೆ. ಡಿ.,INC(I),ಕಾಂಗ್ರೆಸ್ ಐ (INC-I),32658,48.1,Shivappa B. B.,Shivappa ಬಿ. ಬಿ.,JNP,ಜನತಾ ಪಕ್ಷ (JNP),22361,10297,#3182bd
1978,137,Sullia,ಸುಳ್ಯ,sullia,sullia_assembly_constituency,SC,ಪರಿಶಿಷ್ಟ ಜಾತಿ (SC),A. Ramachandra,ಎ. Ramachandra,JNP,ಜನತಾ ಪಕ್ಷ (JNP),24148,44.5,P. D. Bangera,ಪಿ. ಡಿ. Bangera,INC(I),ಕಾಂಗ್ರೆಸ್ ಐ (INC-I),20874,3274,#ff7f0e
1978,138,Puttur,ಪುತ್ತೂರು,puttur,puttur_assembly_constituency,nan,ಸಾಮಾನ್ಯ,K. Rama Bhat,ಕೆ. Rama Bhat,JNP,ಜನತಾ ಪಕ್ಷ (JNP),25751,43.3,Betta P. Ishwara Bhat,Betta ಪಿ. Ishwara Bhat,INC(I),ಕಾಂಗ್ರೆಸ್ ಐ (INC-I),25109,642,#ff7f0e
1978,139,Vittal,Vittal,vittal,vittal_assembly_constituency,nan,ಸಾಮಾನ್ಯ,B. V. Kakkilaya,ಬಿ. ವಿ. Kakkilaya,CPI,ಸಿಪಿಐ (CPI),31030,51.9,B. A. Ummarabba,ಬಿ. ಎ. Ummarabba,JNP,ಜನತಾ ಪಕ್ಷ (JNP),20838,10192,#de2d26
1978,140,Belthangady,ಬೆಳ್ತಂಗಡಿ,belthangady,belthangady_assembly_constituency,nan,ಸಾಮಾನ್ಯ,Gangadhar K. Gangadhar K.,Gangadhar ಕೆ. Gangadhar ಕೆ.,INC(I),ಕಾಂಗ್ರೆಸ್ ಐ (INC-I),31255,55.5,K. Chidananda,ಕೆ. Chidananda,JNP,ಜನತಾ ಪಕ್ಷ (JNP),21388,9867,#3182bd
1978,141,Bantwal,Bantwal,bantwal,bantwal_assembly_constituency,nan,ಸಾಮಾನ್ಯ,B. A. Mohideen,ಬಿ. ಎ. Mohideen,INC(I),ಕಾಂಗ್ರೆಸ್ ಐ (INC-I),30790,60.1,A. Rukmayya Poojary,ಎ. Rukmayya ಪೂಜಾರಿ,JNP,ಜನತಾ ಪಕ್ಷ (JNP),18409,12381,#3182bd
1978,142,Mangalore,ಮಂಗಳೂರು,mangalore,mangalore_assembly_constituency,nan,ಸಾಮಾನ್ಯ,P. F. Rodrigues,ಪಿ. ಎಫ್. Rodrigues,INC(I),ಕಾಂಗ್ರೆಸ್ ಐ (INC-I),26579,50.1,Sharda Achar,Sharda Achar,JNP,ಜನತಾ ಪಕ್ಷ (JNP),25344,1235,#3182bd
1978,143,Ullal,Ullal,ullal,ullal_assembly_constituency,nan,ಸಾಮಾನ್ಯ,U. T. Fareed,ಯು. ಟಿ. Fareed,INC(I),ಕಾಂಗ್ರೆಸ್ ಐ (INC-I),30174,57.1,P. Ramachandra Rao,ಪಿ. Ramachandra ರಾವ್,CPM,ಸಿಪಿಎಂ (CPM),12445,17729,#3182bd
1978,144,Surathkal,Surathkal,surathkal,surathkal_assembly_constituency,nan,ಸಾಮಾನ್ಯ,Subbayya Shetty,Subbayya Shetty,INC(I),ಕಾಂಗ್ರೆಸ್ ಐ (INC-I),29452,58.6,J. R. Pais,ಜೆ. ಆರ್. Pais,JNP,ಜನತಾ ಪಕ್ಷ (JNP),15203,14249,#3182bd
1978,145,Kaup,ಕಾಪು,kaup,kaup_assembly_constituency,nan,ಸಾಮಾನ್ಯ,B. Bhasker Shetty,ಬಿ. Bhasker Shetty,INC(I),ಕಾಂಗ್ರೆಸ್ ಐ (INC-I),29030,57.7,Dayanatha K. Kotian,Dayanatha ಕೆ. Kotian,JNP,ಜನತಾ ಪಕ್ಷ (JNP),20312,8718,#3182bd
1978,146,Udupi,ಉಡುಪಿ,udupi,udupi_assembly_constituency,nan,ಸಾಮಾನ್ಯ,M. Monarama Madhwaraj,ಎಂ. Monarama Madhwaraj,INC(I),ಕಾಂಗ್ರೆಸ್ ಐ (INC-I),30899,55.6,Shridhara M. Kalmady,Shridhara ಎಂ. Kalmady,JNP,ಜನತಾ ಪಕ್ಷ (JNP),22819,8080,#3182bd
1978,147,Brahmavar,Brahmavar,brahmavar,brahmavar_assembly_constituency,nan,ಸಾಮಾನ್ಯ,Ananda Kunda Hegde,Ananda Kunda ಹೆಗಡೆ,INC(I),ಕಾಂಗ್ರೆಸ್ ಐ (INC-I),29021,49.3,V. S. Acharya,ವಿ. ಎಸ್. Acharya,JNP,ಜನತಾ ಪಕ್ಷ (JNP),26158,2863,#3182bd
1978,148,Coondapur,Coondapur,coondapur,coondapur_assembly_constituency,nan,ಸಾಮಾನ್ಯ,Kaup Sanjiva Shetty,Kaup Sanjiva Shetty,JNP,ಜನತಾ ಪಕ್ಷ (JNP),28612,49.1,Mani Gopala,Mani Gopala,INC(I),ಕಾಂಗ್ರೆಸ್ ಐ (INC-I),26748,1864,#ff7f0e
1978,149,Baindur,Baindur,baindur,baindur_assembly_constituency,nan,ಸಾಮಾನ್ಯ,Gopalrishna Kodgi,Gopalrishna Kodgi,INC(I),ಕಾಂಗ್ರೆಸ್ ಐ (INC-I),29622,59.2,Elwin P. Crasto,Elwin ಪಿ. Crasto,JNP,ಜನತಾ ಪಕ್ಷ (JNP),17655,11967,#3182bd
1978,150,Karkala,ಕಾರ್ಕಳ,karkala,karkala_assembly_constituency,nan,ಸಾಮಾನ್ಯ,M. Veerappa Moily,ಎಂ. Veerappa Moily,INC(I),ಕಾಂಗ್ರೆಸ್ ಐ (INC-I),29941,55.6,M. K. Vijayakumar,ಎಂ. ಕೆ. Vijayakumar,JNP,ಜನತಾ ಪಕ್ಷ (JNP),20985,8956,#3182bd
1978,151,Moodabidri,ಮೂಡಬಿದಿರೆ,moodabidri,moodabidri_assembly_constituency,nan,ಸಾಮಾನ್ಯ,Damodar Mulky,Damodar Mulky,INC(I),ಕಾಂಗ್ರೆಸ್ ಐ (INC-I),25800,52.6,K. Amarnath Shetty,ಕೆ. Amarnath Shetty,JNP,ಜನತಾ ಪಕ್ಷ (JNP),21121,4679,#3182bd
1978,152,Sringeri,ಶೃಂಗೇರಿ,sringeri,sringeri_assembly_constituency,nan,ಸಾಮಾನ್ಯ,B. Ramaiah,ಬಿ. Ramaiah,INC(I),ಕಾಂಗ್ರೆಸ್ ಐ (INC-I),34716,59.8,H. V. Srikanta Bhatta,ಎಚ್. ವಿ. Srikanta Bhatta,JNP,ಜನತಾ ಪಕ್ಷ (JNP),20458,14258,#3182bd
1978,153,Mudigere,ಮೂಡಿಗೆರೆ,mudigere,mudigere_assembly_constituency,SC,ಪರಿಶಿಷ್ಟ ಜಾತಿ (SC),Motamma,Motamma,INC(I),ಕಾಂಗ್ರೆಸ್ ಐ (INC-I),34449,66.6,N. U. Sagunaiah,ಎನ್. ಯು. Sagunaiah,JNP,ಜನತಾ ಪಕ್ಷ (JNP),16217,18232,#3182bd
1978,154,Chikmagalur,ಚಿಕ್ಕಮಗಳೂರು,chikmagalur,chikmagalur_assembly_constituency,nan,ಸಾಮಾನ್ಯ,C. A. Chandre Gowda,ಸಿ. ಎ. Chandre ಗೌಡ,INC(I),ಕಾಂಗ್ರೆಸ್ ಐ (INC-I),26113,54.1,B. L. Subbamma,ಬಿ. ಎಲ್. Subbamma,JNP,ಜನತಾ ಪಕ್ಷ (JNP),18102,8011,#3182bd
1978,155,Birur,Birur,birur,birur_assembly_constituency,nan,ಸಾಮಾನ್ಯ,M. Mallappa,ಎಂ. Mallappa,INC(I),ಕಾಂಗ್ರೆಸ್ ಐ (INC-I),24078,46.6,N. K. Huchappa,ಎನ್. ಕೆ. Huchappa,JNP,ಜನತಾ ಪಕ್ಷ (JNP),23591,487,#3182bd
1978,156,Kadur,ಕಡೂರು,kadur,kadur_assembly_constituency,nan,ಸಾಮಾನ್ಯ,K. M. Thammaiah,ಕೆ. ಎಂ. Thammaiah,JNP,ಜನತಾ ಪಕ್ಷ (JNP),19223,36.0,K. T. Muddiyappa,ಕೆ. ಟಿ. Muddiyappa,INC(I),ಕಾಂಗ್ರೆಸ್ ಐ (INC-I),13732,5491,#ff7f0e
1978,157,Tarikere,ತಾರೀಕೆರೆ,tarikere,tarikere_assembly_constituency,nan,ಸಾಮಾನ್ಯ,H. M. Mallikarjunappa,ಎಚ್. ಎಂ. Mallikarjunappa,INC(I),ಕಾಂಗ್ರೆಸ್ ಐ (INC-I),30016,48.4,H. R. Basavaraju,ಎಚ್. ಆರ್. Basavaraju,JNP,ಜನತಾ ಪಕ್ಷ (JNP),22478,7538,#3182bd
1978,158,Channagiri,ಚನ್ನಗಿರಿ,channagiri,channagiri_assembly_constituency,nan,ಸಾಮಾನ್ಯ,J. H. Patel,ಜೆ. ಎಚ್. Patel,JNP,ಜನತಾ ಪಕ್ಷ (JNP),30227,49.0,Abdul Hameed Khan,Abdul Hameed Khan,INC(I),ಕಾಂಗ್ರೆಸ್ ಐ (INC-I),19826,10401,#ff7f0e
1978,159,Holehonnur,Holehonnur,holehonnur,holehonnur_assembly_constituency,SC,ಪರಿಶಿಷ್ಟ ಜಾತಿ (SC),G. Basavanappa,ಜಿ. Basavanappa,INC(I),ಕಾಂಗ್ರೆಸ್ ಐ (INC-I),28160,50.4,K. G. Channa Naik,ಕೆ. ಜಿ. Channa ನಾಯಕ್,JNP,ಜನತಾ ಪಕ್ಷ (JNP),22487,5673,#3182bd
1978,160,Bhadravathi,Bhadravathi,bhadravathi,bhadravathi_assembly_constituency,nan,ಸಾಮಾನ್ಯ,G. Rajashekar,ಜಿ. Rajashekar,INC(I),ಕಾಂಗ್ರೆಸ್ ಐ (INC-I),32573,49.6,K. M. Javaraiah,ಕೆ. ಎಂ. Javaraiah,JNP,ಜನತಾ ಪಕ್ಷ (JNP),29099,3474,#3182bd
1978,161,Honnali,ಹೊನ್ನಾಳಿ,honnali,honnali_assembly_constituency,nan,ಸಾಮಾನ್ಯ,H. B. Kadasiddappa,ಎಚ್. ಬಿ. Kadasiddappa,INC(I),ಕಾಂಗ್ರೆಸ್ ಐ (INC-I),33845,49.9,D. G. Basavanagowda,ಡಿ. ಜಿ. Basavanagowda,JNP,ಜನತಾ ಪಕ್ಷ (JNP),31740,2105,#3182bd
1978,162,Shimoga,ಶಿವಮೊಗ್ಗ,shimoga,shimoga_assembly_constituency,nan,ಸಾಮಾನ್ಯ,K. H. Srinivasa,ಕೆ. ಎಚ್. ಶ್ರೀನಿವಾಸ,INC(I),ಕಾಂಗ್ರೆಸ್ ಐ (INC-I),33047,52.5,D. H. Shankara Murthy,ಡಿ. ಎಚ್. Shankara Murthy,JNP,ಜನತಾ ಪಕ್ಷ (JNP),21373,11674,#3182bd
1978,163,Tirthahalli,ತೀರ್ಥಹಳ್ಳಿ,tirthahalli,tirthahalli_assembly_constituency,nan,ಸಾಮಾನ್ಯ,Kadilal Divakara,Kadilal Divakara,INC(I),ಕಾಂಗ್ರೆಸ್ ಐ (INC-I),32798,56.1,Konandur Lingappa,Konandur Lingappa,JNP,ಜನತಾ ಪಕ್ಷ (JNP),14938,17860,#3182bd
1978,164,Hosanagar,Hosanagar,hosanagar,hosanagar_assembly_constituency,nan,ಸಾಮಾನ್ಯ,S. M. Sheeranaly Chandrasekhar,ಎಸ್. ಎಂ. Sheeranaly Chandrasekhar,INC(I),ಕಾಂಗ್ರೆಸ್ ಐ (INC-I),28092,50.2,B. Swamy Rao,ಬಿ. ಸ್ವಾಮಿ ರಾವ್,JNP,ಜನತಾ ಪಕ್ಷ (JNP),24174,3918,#3182bd
1978,165,Sagar,ಸಾಗರ,sagar,sagar_assembly_constituency,nan,ಸಾಮಾನ್ಯ,L. T. Thimmappa Hegade,ಎಲ್. ಟಿ. Thimmappa Hegade,INC(I),ಕಾಂಗ್ರೆಸ್ ಐ (INC-I),30903,52.3,Kagodu Thimappa,Kagodu Thimappa,JNP,ಜನತಾ ಪಕ್ಷ (JNP),28220,2683,#3182bd
1978,166,Sorab,ಸೊರಬ,sorab,sorab_assembly_constituency,nan,ಸಾಮಾನ್ಯ,S. Bangarappa,ಎಸ್. Bangarappa,INC(I),ಕಾಂಗ್ರೆಸ್ ಐ (INC-I),32426,60.4,S. Nagappa,ಎಸ್. Nagappa,JNP,ಜನತಾ ಪಕ್ಷ (JNP),10131,22295,#3182bd
1978,167,Shikaripura,ಶಿಕಾರಿಪುರ,shikaripura,shikaripura_assembly_constituency,nan,ಸಾಮಾನ್ಯ,K. Yenkatappa,ಕೆ. Yenkatappa,INC(I),ಕಾಂಗ್ರೆಸ್ ಐ (INC-I),28760,52.4,H. Basavannappa,ಎಚ್. Basavannappa,JNP,ಜನತಾ ಪಕ್ಷ (JNP),17574,11186,#3182bd
1978,168,Sirsi,ಶಿರಸಿ,sirsi,sirsi_assembly_constituency,nan,ಸಾಮಾನ್ಯ,Borkar Umakant Buddu,Borkar Umakant Buddu,JNP,ಜನತಾ ಪಕ್ಷ (JNP),31506,50.7,Revankar Shankar Purushottam,Revankar Shankar Purushottam,INC(I),ಕಾಂಗ್ರೆಸ್ ಐ (INC-I),28793,2713,#ff7f0e
1978,169,Bhatkal,ಭಟ್ಕಳ,bhatkal,bhatkal_assembly_constituency,nan,ಸಾಮಾನ್ಯ,Siddiq Mohamed Yahya bin Umer,Siddiq Mohamed Yahya Bin Umer,INC(I),ಕಾಂಗ್ರೆಸ್ ಐ (INC-I),30800,54.4,U. Chittaranjan,ಯು. Chittaranjan,JNP,ಜನತಾ ಪಕ್ಷ (JNP),22867,7933,#3182bd
1978,170,Kumta,ಕುಮಟಾ,kumta,kumta_assembly_constituency,nan,ಸಾಮಾನ್ಯ,Naik Seetaram Vasudev,ನಾಯಕ್ Seetaram Vasudev,INC(I),ಕಾಂಗ್ರೆಸ್ ಐ (INC-I),27894,47.7,Naik Ranayya Shivappa,ನಾಯಕ್ Ranayya Shivappa,JNP,ಜನತಾ ಪಕ್ಷ (JNP),25001,2893,#3182bd
1978,171,Ankola,Ankola,ankola,ankola_assembly_constituency,nan,ಸಾಮಾನ್ಯ,Anasuya Gajanan Sharma,Anasuya Gajanan Sharma,JNP,ಜನತಾ ಪಕ್ಷ (JNP),27897,55.6,Naik Ramachandra Vasudev,ನಾಯಕ್ Ramachandra Vasudev,INC(I),ಕಾಂಗ್ರೆಸ್ ಐ (INC-I),18100,9797,#ff7f0e
1978,172,Karwar,ಕಾರವಾರ,karwar,karwar_assembly_constituency,nan,ಸಾಮಾನ್ಯ,Waingankar Dattatraya Vithu,Waingankar Dattatraya Vithu,INC(I),ಕಾಂಗ್ರೆಸ್ ಐ (INC-I),22044,44.3,Gaonkar Sakharam Dattatray,Gaonkar Sakharam Dattatray,JNP,ಜನತಾ ಪಕ್ಷ (JNP),19602,2442,#3182bd
1978,173,Haliyal,ಹಳಿಯಾಳ,haliyal,haliyal_assembly_constituency,nan,ಸಾಮಾನ್ಯ,Ghadi Virupaksh Mallappa,Ghadi Virupaksh Mallappa,INC(I),ಕಾಂಗ್ರೆಸ್ ಐ (INC-I),34566,50.2,Patil Maruti Jakkappa,ಪಾಟೀಲ್ Maruti Jakkappa,JNP,ಜನತಾ ಪಕ್ಷ (JNP),23948,10618,#3182bd
1978,174,Dharwad Rural,Dharwad Rural,dharwadrural,dharwad_rural_assembly_constituency,nan,ಸಾಮಾನ್ಯ,Madiman Sumati Bhalachandra,Madiman Sumati Bhalachandra,INC(I),ಕಾಂಗ್ರೆಸ್ ಐ (INC-I),30354,63.7,Dasankop Abdul Hamid Hasansab,Dasankop Abdul Hamid Hasansab,JNP,ಜನತಾ ಪಕ್ಷ (JNP),15378,14976,#3182bd
1978,175,Dharwad,ಧಾರವಾಡ,dharwad,dharwad_assembly_constituency,nan,ಸಾಮಾನ್ಯ,Bhavurao Deshpande,Bhavurao Deshpande,JNP,ಜನತಾ ಪಕ್ಷ (JNP),27530,51.9,Naikar Dyamappa Kallappa,Naikar Dyamappa ಕಲ್ಲಪ್ಪ,INC(I),ಕಾಂಗ್ರೆಸ್ ಐ (INC-I),23182,4348,#ff7f0e
1978,176,Hubli,Hubli,hubli,hubli_assembly_constituency,nan,ಸಾಮಾನ್ಯ,Jartardhar Mahadevsa Govindsa,Jartardhar Mahadevsa Govindsa,JNP,ಜನತಾ ಪಕ್ಷ (JNP),27694,47.9,Mudhol Abdulrahiman Janglisab,Mudhol Abdulrahiman Janglisab,CPI,ಸಿಪಿಐ (CPI),27438,256,#ff7f0e
1978,177,Hubli Rural,Hubli Rural,hublirural,hubli_rural_assembly_constituency,nan,ಸಾಮಾನ್ಯ,Bommai Somappa Rayappa,ಬೊಮ್ಮಾಯಿ Somappa Rayappa,JNP,ಜನತಾ ಪಕ್ಷ (JNP),31771,53.3,Kittur F. M.,Kittur ಎಫ್. ಎಂ.,INC(I),ಕಾಂಗ್ರೆಸ್ ಐ (INC-I),23137,8634,#ff7f0e
1978,178,Kalghatgi,ಕಲಘಟಗಿ,kalghatgi,kalghatgi_assembly_constituency,nan,ಸಾಮಾನ್ಯ,Patil Fakiragouda Shivangouda,ಪಾಟೀಲ್ Fakiragouda Shivangouda,JNP,ಜನತಾ ಪಕ್ಷ (JNP),23789,48.7,Kurawatti Chana - Basappa Basappa,Kurawatti Chana Basappa Basappa,INC(I),ಕಾಂಗ್ರೆಸ್ ಐ (INC-I),17736,6053,#ff7f0e
1978,179,Kundgol,ಕುಂದಗೋಳ,kundgol,kundgol_assembly_constituency,nan,ಸಾಮಾನ್ಯ,Katagi Mahadevappa Shivappa,Katagi ಮಹಾದೇವಪ್ಪ Shivappa,INC(I),ಕಾಂಗ್ರೆಸ್ ಐ (INC-I),34761,60.7,Munir Divanasab Haidarsab,Munir Divanasab Haidarsab,JNP,ಜನತಾ ಪಕ್ಷ (JNP),16884,17877,#3182bd
1978,180,Shiggaon,ಶಿಗ್ಗಾಂವಿ,shiggaon,shiggaon_assembly_constituency,nan,ಸಾಮಾನ್ಯ,Nadaf Mahammadkhasheemsab Mardansab,Nadaf Mahammadkhasheemsab Mardansab,INC(I),ಕಾಂಗ್ರೆಸ್ ಐ (INC-I),33669,56.4,Patil Shankaragouda Gulanagouda,ಪಾಟೀಲ್ Shankaragouda Gulanagouda,JNP,ಜನತಾ ಪಕ್ಷ (JNP),22496,11173,#3182bd
1978,181,Hanagal,Hanagal,hanagal,hanagal_assembly_constituency,nan,ಸಾಮಾನ್ಯ,Tahasildar Manohar Hanamantappa,Tahasildar Manohar Hanamantappa,INC(I),ಕಾಂಗ್ರೆಸ್ ಐ (INC-I),35228,63.7,Malagi Mahamadhusen Maktumhusen,Malagi Mahamadhusen Maktumhusen,JNP,ಜನತಾ ಪಕ್ಷ (JNP),9866,25362,#3182bd
1978,182,Hirekerur,ಹಿರೇಕೆರೂರು,hirekerur,hirekerur_assembly_constituency,nan,ಸಾಮಾನ್ಯ,Gubbi Shankararao Basalingappagouda,Gubbi Shankararao Basalingappagouda,IND,ಪಕ್ಷೇತರ (IND),32103,52.8,Banakar Basavanappa Gadlappa,Banakar Basavanappa Gadlappa,INC(I),ಕಾಂಗ್ರೆಸ್ ಐ (INC-I),23695,8408,#7f7f7f
1978,183,Ranibennur,ರಾಣೆಬೆನ್ನೂರು,ranibennur,ranibennur_assembly_constituency,nan,ಸಾಮಾನ್ಯ,Nalawagal Somalingappa Hanumantappa,Nalawagal Somalingappa Hanumantappa,INC(I),ಕಾಂಗ್ರೆಸ್ ಐ (INC-I),25675,43.5,Patil Basanagouda Gurunagouda,ಪಾಟೀಲ್ Basanagouda Gurunagouda,JNP,ಜನತಾ ಪಕ್ಷ (JNP),24892,783,#3182bd
1978,184,Byadgi,ಬ್ಯಾಡಗಿ,byadgi,byadgi_assembly_constituency,nan,ಸಾಮಾನ್ಯ,Malagi Mariyappa Mudakappa,Malagi Mariyappa Mudakappa,INC(I),ಕಾಂಗ್ರೆಸ್ ಐ (INC-I),27640,58.3,Annigeri Kariyappa Laxmanappa,Annigeri Kariyappa Laxmanappa,JNP,ಜನತಾ ಪಕ್ಷ (JNP),16289,11351,#3182bd
1978,185,Haveri,ಹಾವೇರಿ,haveri,haveri_assembly_constituency,SC,ಪರಿಶಿಷ್ಟ ಜಾತಿ (SC),Taware Fakirappa Shiddappa,Taware Fakirappa Shiddappa,INC(I),ಕಾಂಗ್ರೆಸ್ ಐ (INC-I),34067,59.0,Wadeyar Shivaputra Lingayya,Wadeyar Shivaputra Lingayya,JNP,ಜನತಾ ಪಕ್ಷ (JNP),17105,16962,#3182bd
1978,186,Shirahatti,ಶಿರಹಟ್ಟಿ,shirahatti,shirahatti_assembly_constituency,SC,ಪರಿಶಿಷ್ಟ ಜಾತಿ (SC),Upanal Gulappa Fakirappa,Upanal Gulappa Fakirappa,INC(I),ಕಾಂಗ್ರೆಸ್ ಐ (INC-I),28606,55.0,Noorashettar Irappa Chandabasappa,Noorashettar Irappa Chandabasappa,JNP,ಜನತಾ ಪಕ್ಷ (JNP),14466,14140,#3182bd
1978,187,Mundargi,Mundargi,mundargi,mundargi_assembly_constituency,nan,ಸಾಮಾನ್ಯ,Bhavi Vasantappa Basappa,Bhavi Vasantappa Basappa,INC(I),ಕಾಂಗ್ರೆಸ್ ಐ (INC-I),19069,39.2,Dandin Bishtappa Fakirappa,Dandin Bishtappa Fakirappa,JNP,ಜನತಾ ಪಕ್ಷ (JNP),18363,706,#3182bd
1978,188,Gadag,ಗದಗ,gadag,gadag_assembly_constituency,nan,ಸಾಮಾನ್ಯ,Muttinpendimath Chanaveerayya Shantayya,Muttinpendimath Chanaveerayya Shantayya,JNP,ಜನತಾ ಪಕ್ಷ (JNP),28094,44.4,Patil Krishtagouda Hanamantagoude,ಪಾಟೀಲ್ Krishtagouda Hanamantagoude,INC,ಕಾಂಗ್ರೆಸ್ (INC),25649,2445,#ff7f0e
1978,189,Ron,ರೋಣ,ron,ron_assembly_constituency,nan,ಸಾಮಾನ್ಯ,Muthikatti Veerabhadrappa Adiveppa,Muthikatti Veerabhadrappa Adiveppa,INC(I),ಕಾಂಗ್ರೆಸ್ ಐ (INC-I),26546,51.3,Pujar Neelagangayya Basayya,Pujar Neelagangayya Basayya,JNP,ಜನತಾ ಪಕ್ಷ (JNP),20709,5837,#3182bd
1978,190,Naragund,Naragund,naragund,naragund_assembly_constituency,nan,ಸಾಮಾನ್ಯ,B. R. Patil,ಬಿ. ಆರ್. ಪಾಟೀಲ್,INC(I),ಕಾಂಗ್ರೆಸ್ ಐ (INC-I),16496,36.9,Patil Parwatagouda Linganagouda,ಪಾಟೀಲ್ Parwatagouda Linganagouda,JNP,ಜನತಾ ಪಕ್ಷ (JNP),15450,1046,#3182bd
1978,191,Navalgund,ನವಲಗುಂದ,navalgund,navalgund_assembly_constituency,nan,ಸಾಮಾನ್ಯ,Patil Shankaragouda Virupakshagouda,ಪಾಟೀಲ್ Shankaragouda Virupakshagouda,INC(I),ಕಾಂಗ್ರೆಸ್ ಐ (INC-I),22825,43.9,Kulkarni Mallappa Karavirappa,Kulkarni Mallappa Karavirappa,JNP,ಜನತಾ ಪಕ್ಷ (JNP),20205,2620,#3182bd
1978,192,Ramdurg,ರಾಮದುರ್ಗ,ramdurg,ramdurg_assembly_constituency,nan,ಸಾಮಾನ್ಯ,Patil Ramanagouda Shivashiddanagouda,ಪಾಟೀಲ್ Ramanagouda Shivashiddanagouda,INC(I),ಕಾಂಗ್ರೆಸ್ ಐ (INC-I),33010,56.1,Hireraddi Basavantappa Basappa,Hireraddi Basavantappa Basappa,JNP,ಜನತಾ ಪಕ್ಷ (JNP),20355,12655,#3182bd
1978,193,Parasgad,Parasgad,parasgad,parasgad_assembly_constituency,nan,ಸಾಮಾನ್ಯ,Takked Gudanshah Khanashah,Takked Gudanshah Khanashah,INC(I),ಕಾಂಗ್ರೆಸ್ ಐ (INC-I),23475,40.1,Koujalgi Shivanand Hemappa,Koujalgi Shivanand Hemappa,JNP,ಜನತಾ ಪಕ್ಷ (JNP),21698,1777,#3182bd
1978,194,Bailhongal,ಬೈಲಹೊಂಗಲ,bailhongal,bailhongal_assembly_constituency,nan,ಸಾಮಾನ್ಯ,Balekundargi Ramlingappa Chanabasappa,Balekundargi Ramlingappa Chanabasappa,INC,ಕಾಂಗ್ರೆಸ್ (INC),22110,40.5,Doddagoudar Basavantray Basalingappa,Doddagoudar Basavantray Basalingappa,INC(I),ಕಾಂಗ್ರೆಸ್ ಐ (INC-I),20764,1346,#1f77b4
1978,195,Kittur,ಕಿತ್ತೂರು,kittur,kittur_assembly_constituency,nan,ಸಾಮಾನ್ಯ,Arawalli Patil Parvatgouda Basangouda,Arawalli ಪಾಟೀಲ್ Parvatgouda Basangouda,JNP,ಜನತಾ ಪಕ್ಷ (JNP),28575,51.0,Tonni Shivaputrappa Gurupadappa,Tonni Shivaputrappa Gurupadappa,INC(I),ಕಾಂಗ್ರೆಸ್ ಐ (INC-I),27449,1126,#ff7f0e
1978,196,Khanapur,ಖಾನಾಪುರ,khanapur,khanapur_assembly_constituency,nan,ಸಾಮಾನ್ಯ,Sirdesai Nilkanthrao Bhagawantrao,Sirdesai Nilkanthrao Bhagawantrao,IND,ಪಕ್ಷೇತರ (IND),16610,29.9,Babshet Krishna Ji Ramchandra,Babshet Krishna Ji Ramchandra,JNP,ಜನತಾ ಪಕ್ಷ (JNP),13595,3015,#7f7f7f
1978,197,Belgaum,Belgaum,belgaum,belgaum_assembly_constituency,nan,ಸಾಮಾನ್ಯ,Sayanak Balwant Bhimrao,Sayanak Balwant Bhimrao,IND,ಪಕ್ಷೇತರ (IND),39736,57.0,Naghnoor M. N.,Naghnoor ಎಂ. ಎನ್.,IND,ಪಕ್ಷೇತರ (IND),27720,12016,#7f7f7f
1978,198,Uchagaon,Uchagaon,uchagaon,uchagaon_assembly_constituency,nan,ಸಾಮಾನ್ಯ,Pawashe Prabhakar Anapa,Pawashe Prabhakar Anapa,IND,ಪಕ್ಷೇತರ (IND),24377,40.1,Nandihalli Parashuram Bharamaji,Nandihalli Parashuram Bharamaji,IND,ಪಕ್ಷೇತರ (IND),17207,7170,#7f7f7f
1978,199,Bagewadi,Bagewadi,bagewadi,bagewadi_assembly_constituency,nan,ಸಾಮಾನ್ಯ,Ashtekar Govind Laxman,Ashtekar Govind ಲಕ್ಷ್ಮಣ್,IND,ಪಕ್ಷೇತರ (IND),18507,35.3,Malagali Gangadhar Sangappa,Malagali Gangadhar ಸಂಗ್ಲಪ್ಪ,INC(I),ಕಾಂಗ್ರೆಸ್ ಐ (INC-I),14915,3592,#7f7f7f
1978,200,Gokak,ಗೋಕಾಕ್,gokak,gokak_assembly_constituency,nan,ಸಾಮಾನ್ಯ,Nail Laxman Siddappa,Nail ಲಕ್ಷ್ಮಣ್ Siddappa,INC(I),ಕಾಂಗ್ರೆಸ್ ಐ (INC-I),31447,61.6,Kattimani Chandappa Jampanna,Kattimani Chandappa Jampanna,JNP,ಜನತಾ ಪಕ್ಷ (JNP),13980,17467,#3182bd
1978,201,Arabhavi,ಅರಭಾವಿ,arabhavi,arabhavi_assembly_constituency,nan,ಸಾಮಾನ್ಯ,Koujalgi Veeranna Shivalingappa,Koujalgi Veeranna ಶಿವಲಿಂಗಪ್ಪ,INC(I),ಕಾಂಗ್ರೆಸ್ ಐ (INC-I),31462,55.4,Patil Vasantrao Lakhagouda,ಪಾಟೀಲ್ Vasantrao Lakhagouda,INC,ಕಾಂಗ್ರೆಸ್ (INC),13964,17498,#3182bd
1978,202,Hukkeri,ಹುಕ್ಕೇರಿ,hukkeri,hukkeri_assembly_constituency,nan,ಸಾಮಾನ್ಯ,Mahajanshetti Shivoyogi Shivaligappa,Mahajanshetti Shivoyogi Shivaligappa,INC(I),ಕಾಂಗ್ರೆಸ್ ಐ (INC-I),25471,52.8,Nuli Virupaxappa Basappa,Nuli Virupaxappa Basappa,JNP,ಜನತಾ ಪಕ್ಷ (JNP),19547,5924,#3182bd
1978,203,Sankeshwar,Sankeshwar,sankeshwar,sankeshwar_assembly_constituency,nan,ಸಾಮಾನ್ಯ,Patil Malhargouda Shankargouda,ಪಾಟೀಲ್ Malhargouda Shankargouda,INC(I),ಕಾಂಗ್ರೆಸ್ ಐ (INC-I),31839,56.3,Khot Lakhamappa Kallappa,Khot Lakhamappa ಕಲ್ಲಪ್ಪ,JNP,ಜನತಾ ಪಕ್ಷ (JNP),22452,9387,#3182bd
1978,204,Nippani,ನಿಪ್ಪಾಣಿ,nippani,nippani_assembly_constituency,nan,ಸಾಮಾನ್ಯ,Chavan Balavant Gopal,ಚವಾಣ್ Balavant Gopal,IND,ಪಕ್ಷೇತರ (IND),35548,64.3,Dhariya Gopinath Mainkchand,Dhariya Gopinath Mainkchand,IND,ಪಕ್ಷೇತರ (IND),11904,23644,#7f7f7f
1978,205,Sadalga,Sadalga,sadalga,sadalga_assembly_constituency,nan,ಸಾಮಾನ್ಯ,Bedage Anna Balaji,Bedage Anna Balaji,INC(I),ಕಾಂಗ್ರೆಸ್ ಐ (INC-I),33598,57.5,Patil Raosaheb Payagouda,ಪಾಟೀಲ್ ರಾವ್ಸಾಹೇಬ್ Payagouda,JNP,ಜನತಾ ಪಕ್ಷ (JNP),17099,16499,#3182bd
1978,206,Chikkodi,ಚಿಕ್ಕೋಡಿ,chikkodi,chikkodi_assembly_constituency,SC,ಪರಿಶಿಷ್ಟ ಜಾತಿ (SC),Hegre Parashuram Padmanna,Hegre Parashuram Padmanna,INC(I),ಕಾಂಗ್ರೆಸ್ ಐ (INC-I),22345,55.2,Kamble Shripathi,Kamble Shripathi,JNP,ಜನತಾ ಪಕ್ಷ (JNP),13104,9241,#3182bd
1978,207,Raibag,Raibag,raibag,raibag_assembly_constituency,SC,ಪರಿಶಿಷ್ಟ ಜಾತಿ (SC),Nadoni Rama Shidling,Nadoni Rama Shidling,JNP,ಜನತಾ ಪಕ್ಷ (JNP),18562,37.5,Holer Laxman Vithal,Holer ಲಕ್ಷ್ಮಣ್ Vithal,INC,ಕಾಂಗ್ರೆಸ್ (INC),15830,2732,#ff7f0e
1978,208,Kagwad,ಕಾಗವಾಡ,kagwad,kagwad_assembly_constituency,nan,ಸಾಮಾನ್ಯ,Jakanur Annarao Balappa,Jakanur Annarao ಬಾಳಪ್ಪ,INC(I),ಕಾಂಗ್ರೆಸ್ ಐ (INC-I),27892,51.1,Padanad Parappa Laxman,Padanad Parappa ಲಕ್ಷ್ಮಣ್,JNP,ಜನತಾ ಪಕ್ಷ (JNP),21593,6299,#3182bd
1978,209,Athani,ಅಥಣಿ,athani,athani_assembly_constituency,nan,ಸಾಮಾನ್ಯ,Pawar Desai Shidharaj Alias Dhairyasheelarao Bhojaraj,Pawar ದೇಸಾಯಿ Shidharaj Alias Dhairyasheelarao ಭೋಜರಾಜ್,INC(I),ಕಾಂಗ್ರೆಸ್ ಐ (INC-I),27214,50.6,Leeladevi Prasad,Leeladevi Prasad,JNP,ಜನತಾ ಪಕ್ಷ (JNP),22394,4820,#3182bd
1978,210,Jamkhandi,ಜಮಖಂಡಿ,jamkhandi,jamkhandi_assembly_constituency,nan,ಸಾಮಾನ್ಯ,Pattar Venkappa Veerappa,Pattar Venkappa Veerappa,INC(I),ಕಾಂಗ್ರೆಸ್ ಐ (INC-I),32461,48.5,Bagalkot Gurupad Shivappa,Bagalkot Gurupad Shivappa,JNP,ಜನತಾ ಪಕ್ಷ (JNP),28460,4001,#3182bd
1978,211,Bilgi,Bilgi,bilgi,bilgi_assembly_constituency,nan,ಸಾಮಾನ್ಯ,Patil Siddanagouda Somanagouda,ಪಾಟೀಲ್ Siddanagouda Somanagouda,INC(I),ಕಾಂಗ್ರೆಸ್ ಐ (INC-I),28005,50.4,Patil Venkatanaik Appasaheb,ಪಾಟೀಲ್ Venkatanaik Appasaheb,JNP,ಜನತಾ ಪಕ್ಷ (JNP),23485,4520,#3182bd
1978,212,Mudhol,ಮುಧೋಳ,mudhol,mudhol_assembly_constituency,SC,ಪರಿಶಿಷ್ಟ ಜಾತಿ (SC),Hadimani Alias Kale Jayawant Kalasappa,Hadimani Alias Kale Jayawant Kalasappa,INC(I),ಕಾಂಗ್ರೆಸ್ ಐ (INC-I),25334,49.9,Kattimani Ashok Krishnaji,Kattimani Ashok Krishnaji,JNP,ಜನತಾ ಪಕ್ಷ (JNP),20944,4390,#3182bd
1978,213,Bagalkot,ಬಾಗಲಕೋಟೆ,bagalkot,bagalkot_assembly_constituency,nan,ಸಾಮಾನ್ಯ,Kalligudda Parappa Karabasappa,Kalligudda Parappa Karabasappa,INC(I),ಕಾಂಗ್ರೆಸ್ ಐ (INC-I),22851,44.0,Kamble Ganapatarao,Kamble Ganapatarao,JNP,ಜನತಾ ಪಕ್ಷ (JNP),18126,4725,#3182bd
1978,214,Badami,ಬಾದಾಮಿ,badami,badami_assembly_constituency,nan,ಸಾಮಾನ್ಯ,CHimmanakatti Balappa Bhimappa,Chimmanakatti ಬಾಳಪ್ಪ Bhimappa,INC(I),ಕಾಂಗ್ರೆಸ್ ಐ (INC-I),24249,44.7,Pattanashetti Kallappa Mahagundappa,Pattanashetti ಕಲ್ಲಪ್ಪ Mahagundappa,JNP,ಜನತಾ ಪಕ್ಷ (JNP),19772,4477,#3182bd
1978,215,Guledgud,Guledgud,guledgud,guledgud_assembly_constituency,nan,ಸಾಮಾನ್ಯ,Janali Basanagonda Veeranagouda,Janali Basanagonda Veeranagouda,INC(I),ಕಾಂಗ್ರೆಸ್ ಐ (INC-I),27245,53.1,Hatagar Bajeevarao Yamanappa,Hatagar Bajeevarao Yamanappa,JNP,ಜನತಾ ಪಕ್ಷ (JNP),20050,7195,#3182bd
1978,216,Hungund,ಹುನಗುಂದ,hungund,hungund_assembly_constituency,nan,ಸಾಮಾನ್ಯ,Kavashetti Shankarappa Sugurappa,Kavashetti Shankarappa Sugurappa,IND,ಪಕ್ಷೇತರ (IND),19276,39.8,Patil Shivayya Mahabalayya,ಪಾಟೀಲ್ Shivayya Mahabalayya,INC(I),ಕಾಂಗ್ರೆಸ್ ಐ (INC-I),19174,102,#7f7f7f
1978,217,Muddebihal,Muddebihal,muddebihal,muddebihal_assembly_constituency,nan,ಸಾಮಾನ್ಯ,Deshukh Jagadev Rao Sanganabasappa,Deshukh Jagadev ರಾವ್ Sanganabasappa,JNP,ಜನತಾ ಪಕ್ಷ (JNP),28857,59.9,Sajjan Mallappa Murigeppa,Sajjan Mallappa Murigeppa,INC(I),ಕಾಂಗ್ರೆಸ್ ಐ (INC-I),11486,17371,#ff7f0e
1978,218,Huvin-Hippargi,Huvin Hippargi,huvinhippargi,huvinhippargi_assembly_constituency,nan,ಸಾಮಾನ್ಯ,Patil Basangouda Somanagouda,ಪಾಟೀಲ್ Basangouda Somanagouda,JNP,ಜನತಾ ಪಕ್ಷ (JNP),26814,52.8,Patil Kumaragouda Adiveppagouda,ಪಾಟೀಲ್ Kumaragouda Adiveppagouda,INC(I),ಕಾಂಗ್ರೆಸ್ ಐ (INC-I),22531,4283,#ff7f0e
1978,219,Basavana Bagevadi,Basavana Bagevadi,basavanabagevadi,basavana_bagevadi_assembly_constituency,nan,ಸಾಮಾನ್ಯ,Patil Basanagouda Somanagouda,ಪಾಟೀಲ್ Basanagouda Somanagouda,JNP,ಜನತಾ ಪಕ್ಷ (JNP),27806,55.3,Patil Basavantraya Ninganagouda Sulibhavi Ramesh Ningappa,ಪಾಟೀಲ್ Basavantraya Ninganagouda Sulibhavi ರಮೇಶ್ Ningappa,INC(I),ಕಾಂಗ್ರೆಸ್ ಐ (INC-I),16048,11758,#ff7f0e
1978,220,Tikota,Tikota,tikota,tikota_assembly_constituency,nan,ಸಾಮಾನ್ಯ,Patil Badugouda Bapugouda,ಪಾಟೀಲ್ Badugouda Bapugouda,JNP,ಜನತಾ ಪಕ್ಷ (JNP),21317,52.1,Jiddi Shivaraya Adiveppa,Jiddi Shivaraya Adiveppa,INC(I),ಕಾಂಗ್ರೆಸ್ ಐ (INC-I),16899,4418,#ff7f0e
1978,221,Bijapur,Bijapur,bijapur,bijapur_assembly_constituency,nan,ಸಾಮಾನ್ಯ,Bakshi Sayyad Habibuddin Shamanasaheb,Bakshi Sayyad Habibuddin Shamanasaheb,JNP,ಜನತಾ ಪಕ್ಷ (JNP),26191,49.4,Tathod Khubasing Teju,Tathod Khubasing Teju,INC(I),ಕಾಂಗ್ರೆಸ್ ಐ (INC-I),16663,9528,#ff7f0e
1978,222,Ballolli,Ballolli,ballolli,ballolli_assembly_constituency,SC,ಪರಿಶಿಷ್ಟ ಜಾತಿ (SC),Arakeri Siddharth Sangappa,Arakeri Siddharth ಸಂಗ್ಲಪ್ಪ,JNP,ಜನತಾ ಪಕ್ಷ (JNP),23023,57.7,Hosamani Chandrashekhar Kasappa,Hosamani ಚಂದ್ರಶೇಖರ್ Kasappa,INC(I),ಕಾಂಗ್ರೆಸ್ ಐ (INC-I),14204,8819,#ff7f0e
1978,223,Indi,Indi,indi,indi_assembly_constituency,nan,ಸಾಮಾನ್ಯ,Kallur Raveashiddappa Ramagondappa,Kallur Raveashiddappa Ramagondappa,JNP,ಜನತಾ ಪಕ್ಷ (JNP),26022,55.3,Misale Siddaba Arjun,Misale Siddaba Arjun,INC(I),ಕಾಂಗ್ರೆಸ್ ಐ (INC-I),15856,10166,#ff7f0e
1978,224,Sindgi,Sindgi,sindgi,sindgi_assembly_constituency,nan,ಸಾಮಾನ್ಯ,Bekinalkar Maibubsaheb Hasansanheb,Bekinalkar Maibubsaheb Hasansanheb,INC(I),ಕಾಂಗ್ರೆಸ್ ಐ (INC-I),19592,43.1,Patill Shankargouda Yeshvantgaouda,Patill Shankargouda Yeshvantgaouda,JNP,ಜನತಾ ಪಕ್ಷ (JNP),18268,1324,#3182bd
